Video,CellID,Subtype,PrevFrame,Frame,TimeSec,CombinedScore,ProbabilityScore,ShapeScore,TextureIntensityScore,RawTextureDelta,HistogramDelta,CombinedStable,ProbabilityStable,ShapeStable,TextureIntensityStable,ChangeThreshold
V2,1.0,final_sickled,251,252,63.0,0.01087563856272027,0.0079655721783638,0.017703479155898094,0.005972767947241664,0.007184793706983328,0.0047607421875,True,True,True,True,0.03
V2,1.0,final_sickled,252,253,63.25,0.02163895284757018,0.034478381276130676,0.019702615216374397,0.0038067400455474854,0.0034325718879699707,0.004180908203125,True,False,True,True,0.03
V2,1.0,final_sickled,253,254,63.5,0.03208419299917296,0.04756969213485718,0.03295924887061119,0.0060823161620646715,0.007220784667879343,0.00494384765625,False,False,False,True,0.03
V2,1.0,final_sickled,254,255,63.75,0.1977212868630886,0.30529651045799255,0.1933155059814453,0.03176902234554291,0.044128865003585815,0.0194091796875,False,False,False,False,0.03
V2,1.0,final_sickled,255,256,64.0,0.08422027109190822,0.12078796327114105,0.07075973600149155,0.04455671273171902,0.057008933275938034,0.0321044921875,False,False,False,False,0.03
V2,1.0,final_sickled,256,257,64.25,0.03077781544281886,0.04880659282207489,,0.0019317716360092163,0.0012390315532684326,0.00262451171875,False,False,,True,0.03
V2,1.0,final_sickled,257,258,64.5,0.007658927486493037,0.009898021817207336,,0.004076376557350159,0.004063397645950317,0.00408935546875,True,True,,True,0.03
V2,1.0,final_sickled,258,259,64.75,0.31107039061876446,0.4930487871170044,,0.019904956221580505,0.02445957064628601,0.015350341796875,False,False,,True,0.03
V2,1.0,final_sickled,259,260,65.0,0.09217560765100644,0.11071794480085373,0.13415689766407013,0.0037340621929615736,0.004507919307798147,0.002960205078125,False,False,False,True,0.03
V2,1.0,final_sickled,260,261,65.25,0.0157143289456144,0.01265476644039154,0.025855347514152527,0.006412202958017588,0.008185734041035175,0.004638671875,True,True,True,True,0.03
V2,1.0,final_sickled,261,262,65.5,0.023858607433794532,0.04536247253417969,0.015337340533733368,0.0013821969332639128,0.0006281633977778256,0.00213623046875,True,False,True,True,0.03
V2,1.0,final_sickled,262,263,65.75,0.026275894581340255,0.061911240220069885,0.0012719412334263325,0.0042648762464523315,0.004684537649154663,0.00384521484375,True,False,True,True,0.03
V2,1.0,final_sickled,263,264,66.0,0.005280831851996482,0.006739571690559387,0.005217019002884626,0.003036186099052429,0.0036614835262298584,0.002410888671875,True,True,True,True,0.03
V2,1.0,final_sickled,264,265,66.25,0.006219012054498307,0.010238543152809143,0.004775433335453272,0.0018087725038640201,0.0012371739139780402,0.00238037109375,True,True,True,True,0.03
V2,1.0,final_sickled,265,266,66.5,0.026355932699516416,0.053335294127464294,0.01127078291028738,0.004308164119720459,0.004862666130065918,0.003753662109375,True,False,True,True,0.03
V2,2.0,semi_sickled,476,477,119.25,0.013292509386351762,0.020563706755638123,,0.0016585935954935849,0.0013640621909871697,0.001953125,True,True,,True,0.03
V2,2.0,semi_sickled,477,478,119.5,0.015530245029367508,0.02380003035068512,,0.0022985885152593255,0.002430428983643651,0.002166748046875,True,True,,True,0.03
V2,2.0,semi_sickled,478,479,119.75,0.023010290997962538,0.03523476421833038,,0.003451133845373988,0.004491379018872976,0.002410888671875,True,False,,True,0.03
V2,3.0,semi_sickled,279,280,70.0,0.015109307959210127,0.014433324337005615,0.023715101182460785,0.004142771242186427,0.005661030765622854,0.00262451171875,True,True,True,True,0.03
V2,3.0,semi_sickled,280,281,70.25,0.019582443416584282,0.023074015974998474,0.026516586542129517,0.004288126947358251,0.004639486316591501,0.003936767578125,True,True,True,True,0.03
V2,3.0,semi_sickled,281,282,70.5,0.01884410479106009,0.03345225006341934,0.012515845708549023,0.004330635070800781,0.0057926177978515625,0.00286865234375,True,False,True,True,0.03
V2,3.0,semi_sickled,282,283,70.75,0.009025966795161367,0.016466155648231506,0.0036924208980053663,0.004588628886267543,0.006033947225660086,0.003143310546875,True,True,True,True,0.03
V2,3.0,semi_sickled,283,284,71.0,0.03412782530067489,0.06194532662630081,0.023134509101510048,0.005010465858504176,0.004253109451383352,0.005767822265625,False,False,True,True,0.03
V2,3.0,semi_sickled,284,285,71.25,0.023598821449559184,0.04028892517089844,0.018387919291853905,0.004189918516203761,0.003954788204282522,0.004425048828125,True,False,True,True,0.03
V2,3.0,semi_sickled,285,286,71.5,0.0049296295124804605,0.007110007107257843,0.003853775328025222,0.002947221219073981,0.001927157281897962,0.00396728515625,True,True,True,True,0.03
V2,3.0,semi_sickled,286,287,71.75,0.01685611653374508,0.013344913721084595,0.027765437960624695,0.007200991036370397,0.007016728166490793,0.00738525390625,True,True,True,True,0.03
V2,3.0,semi_sickled,287,288,72.0,0.0103517075185664,0.002004064619541168,0.021950125694274902,0.007470150711014867,0.007036248687654734,0.007904052734375,True,True,True,True,0.03
V2,3.0,semi_sickled,288,289,72.25,0.0456189307384193,0.10920558869838715,0.002952111652120948,0.003613824723288417,0.004023303743451834,0.003204345703125,False,False,True,True,0.03
V2,3.0,semi_sickled,289,290,72.5,0.025711128755938263,0.041211605072021484,0.022381432354450226,0.005571941612288356,0.007695396896451712,0.003448486328125,True,False,True,True,0.03
V2,3.0,semi_sickled,290,291,72.75,0.013044189871288834,0.005254045128822327,0.026541635394096375,0.006611997727304697,0.008371700532734394,0.004852294921875,True,True,True,True,0.03
V2,3.0,semi_sickled,291,292,73.0,0.059618717338889834,0.13228937983512878,0.018271224573254585,0.001232147216796875,0.00075531005859375,0.001708984375,False,False,True,True,0.03
V2,3.0,semi_sickled,292,293,73.25,0.035568808298558,0.07154735922813416,0.015632713213562965,0.005913659930229187,0.006334155797958374,0.0054931640625,False,False,True,True,0.03
V2,3.0,semi_sickled,293,294,73.5,0.013696807739324867,0.01403115689754486,0.018264876678586006,0.006766552571207285,0.00807045865803957,0.005462646484375,True,True,True,True,0.03
V2,3.0,semi_sickled,294,295,73.75,0.07920764068840072,0.17982599139213562,0.017725864425301552,0.004292766330763698,0.004343589302152395,0.004241943359375,False,False,True,True,0.03
V2,3.0,semi_sickled,295,296,74.0,0.013003047625534236,0.0023250728845596313,0.029913270846009254,0.006413494702428579,0.007883141748607159,0.00494384765625,True,True,True,True,0.03
V2,3.0,semi_sickled,296,297,74.25,0.04226067984127439,0.05433572828769684,0.05684646964073181,0.002520496607758105,0.0025385518092662096,0.00250244140625,False,False,False,True,0.03
V2,3.0,semi_sickled,297,298,74.5,0.01904503032565117,0.017601683735847473,0.0320541113615036,0.0031416714191436768,0.0035672783851623535,0.002716064453125,True,True,False,True,0.03
V2,3.0,semi_sickled,298,299,74.75,0.0189754159306176,0.03499220311641693,0.012136600911617279,0.002922897459939122,0.003984222654253244,0.001861572265625,True,False,True,True,0.03
V2,3.0,semi_sickled,299,300,75.0,0.015585830609779805,0.016945689916610718,0.02220253087580204,0.004146675346419215,0.00530262803658843,0.00299072265625,True,True,True,True,0.03
V2,3.0,semi_sickled,300,301,75.25,0.04588423423119821,0.09927499294281006,0.0157304797321558,0.0026742765912786126,0.0019611020106822252,0.003387451171875,False,False,True,True,0.03
V2,3.0,semi_sickled,301,302,75.5,0.011267468170262874,0.0034329965710639954,0.02310241013765335,0.007233703974634409,0.008821655996143818,0.005645751953125,True,True,True,True,0.03
V2,3.0,semi_sickled,302,303,75.75,0.01730845896527171,0.018455274403095245,0.024512911215424538,0.0053873211145401,0.0062580406665802,0.0045166015625,True,True,True,True,0.03
V2,3.0,semi_sickled,303,304,76.0,0.01636110829131212,0.03899169713258743,0.0003333244239911437,0.0025910635595209897,0.0016726056346669793,0.003509521484375,True,False,True,True,0.03
V2,3.0,semi_sickled,304,305,76.25,0.026699943852145226,0.04096589982509613,0.025991598144173622,0.00486609828658402,0.005032489541918039,0.00469970703125,True,False,True,True,0.03
V2,3.0,semi_sickled,305,306,76.5,0.011345569323748349,0.0051694586873054504,0.022158661857247353,0.006089016795158386,0.009156793355941772,0.003021240234375,True,True,True,True,0.03
V2,3.0,semi_sickled,306,307,76.75,0.013168339245021343,0.015431620180606842,0.016750890761613846,0.0045315176248550415,0.004485398530960083,0.00457763671875,True,True,True,True,0.03
V2,4.0,final_sickled,242,243,60.75,0.0076127857377287,0.0012441277503967285,0.017103681340813637,0.004515384673140943,0.002652595518156886,0.006378173828125,True,True,True,True,0.03
V2,4.0,final_sickled,243,244,61.0,0.04123762748204172,0.09114217758178711,0.009462189860641956,0.0058759599924087524,0.004183560609817505,0.007568359375,False,False,True,True,0.03
V2,4.0,final_sickled,244,245,61.25,0.021898830600548536,0.03663317859172821,0.015373971313238144,0.007458676816895604,0.007715205196291208,0.0072021484375,True,False,True,True,0.03
V2,4.0,final_sickled,245,246,61.5,0.02696895601693541,0.06251643598079681,0.003214820520952344,0.0033487777691334486,0.004012008663266897,0.002685546875,True,False,True,True,0.03
V2,4.0,final_sickled,246,247,61.75,0.02228383644251153,0.03761979937553406,0.01693653129041195,0.005232522962614894,0.006101032253354788,0.004364013671875,True,False,True,True,0.03
V2,4.0,final_sickled,247,248,62.0,0.021853528183419256,0.027861610054969788,0.026588300243020058,0.005611916305497289,0.006035844329744577,0.00518798828125,True,True,True,True,0.03
V2,4.0,final_sickled,248,249,62.25,0.01783518461161293,0.030281826853752136,0.014198239892721176,0.003012279630638659,0.002087791683152318,0.003936767578125,True,False,True,True,0.03
V2,4.0,final_sickled,249,250,62.5,0.039675913233077155,0.07659982144832611,0.02273034118115902,0.00432146096136421,0.0036685566883534193,0.004974365234375,False,False,True,True,0.03
V2,4.0,final_sickled,250,251,62.75,0.018531509686727076,0.01770886778831482,0.02890457771718502,0.0053254414815455675,0.006256351713091135,0.00439453125,True,True,True,True,0.03
V2,4.0,final_sickled,251,252,63.0,0.01932248865487054,0.04307106137275696,0.003089284524321556,0.004051258089020848,0.0047150650061666965,0.003387451171875,True,False,True,True,0.03
V2,4.0,final_sickled,252,253,63.25,0.022969705468858594,0.05167341232299805,0.004629772622138262,0.0027196804876439273,0.0016246637096628547,0.003814697265625,True,False,True,True,0.03
V2,4.0,final_sickled,253,254,63.5,0.0053523673443123705,0.007331475615501404,0.004697463009506464,0.0031026601791381836,0.0009257793426513672,0.005279541015625,True,True,True,True,0.03
V2,4.0,final_sickled,254,255,63.75,0.024764423712622375,0.0519697368144989,0.008609972894191742,0.0038521538954228163,0.0041947863064706326,0.003509521484375,True,False,True,True,0.03
V2,4.0,final_sickled,255,256,64.0,0.02285014982917346,0.03831492364406586,0.0183736439794302,0.004373619914986193,0.0030099351424723864,0.0057373046875,True,False,True,True,0.03
V2,5.0,final_sickled,458,459,114.75,0.04520918875932694,0.08811663091182709,0.02378500998020172,0.00655113160610199,0.00870773196220398,0.00439453125,False,False,True,True,0.03
V2,5.0,final_sickled,459,460,115.0,0.02721629898005631,0.06546732783317566,0.0008626938215456903,0.0029097000369802117,0.0024014313239604235,0.00341796875,True,False,True,True,0.03
V2,5.0,final_sickled,460,461,115.25,0.007072674889059272,0.0022497177124023438,0.016148896887898445,0.0020826955733355135,0.0008389751310460269,0.003326416015625,True,True,True,True,0.03
V2,5.0,final_sickled,461,462,115.5,0.01209818446659483,0.028676986694335938,0.0,0.0025095591554418206,0.0023335714358836412,0.002685546875,True,True,True,True,0.03
V2,5.0,final_sickled,462,463,115.75,0.01970926553476602,0.02884000539779663,0.01790870539844036,0.007620865944772959,0.010358919389545918,0.0048828125,True,True,True,True,0.03
V2,5.0,final_sickled,463,464,116.0,0.04291544642765075,0.08711284399032593,0.018179984763264656,0.006829256657510996,0.008745183236896992,0.004913330078125,False,False,True,True,0.03
V2,5.0,final_sickled,464,465,116.25,0.01771477700676769,0.028076842427253723,0.013337187469005585,0.007264097686856985,0.01080505084246397,0.00372314453125,True,True,True,True,0.03
V2,5.0,final_sickled,465,466,116.5,0.016402235894929618,0.03096434473991394,0.008309289813041687,0.004432986257597804,0.004105230327695608,0.0047607421875,True,False,True,True,0.03
V2,5.0,final_sickled,466,467,116.75,0.02008354105637409,0.040911272168159485,0.008113537915050983,0.003517175675369799,0.0035553474444895983,0.00347900390625,True,False,True,True,0.03
V2,5.0,final_sickled,467,468,117.0,0.04282134382810909,0.09728312492370605,0.009553758427500725,0.00225711363600567,0.0017676452407613397,0.00274658203125,False,False,True,True,0.03
V2,5.0,final_sickled,468,469,117.25,0.01832218887284398,0.016291871666908264,0.028986161574721336,0.00664113461971283,0.00937601923942566,0.00390625,True,True,True,True,0.03
V2,5.0,final_sickled,469,470,117.5,0.0027548851969186215,2.683699131011963e-05,0.005658626556396484,0.003054524422623217,0.002843667985871434,0.003265380859375,True,True,True,True,0.03
V2,5.0,final_sickled,470,471,117.75,0.01590688219293952,0.01846165955066681,0.020919347181916237,0.004801787436008453,0.004415586590766907,0.00518798828125,True,True,True,True,0.03
V2,5.0,final_sickled,471,472,118.0,0.0418826027889736,0.07266262173652649,0.03392371907830238,0.003777009667828679,0.004105533007532358,0.003448486328125,False,False,False,True,0.03
V2,5.0,final_sickled,472,473,118.25,0.02729654518188909,0.04116305708885193,0.028550056740641594,0.0033552099484950304,0.004757294896990061,0.001953125,True,False,True,True,0.03
V2,5.0,final_sickled,473,474,118.5,0.029699832008918747,0.07010626792907715,0.0031720430124551058,0.0021884391317144036,0.0021185774821788073,0.00225830078125,True,False,True,True,0.03
V2,5.0,final_sickled,474,475,118.75,0.030391510855406523,0.06666727364063263,0.008377188816666603,0.0031703412532806396,0.0031668543815612793,0.003173828125,False,False,True,True,0.03
V2,5.0,final_sickled,475,476,119.0,0.010897278296761214,0.022709593176841736,0.002186218975111842,0.004193057538941503,0.004785040859133005,0.00360107421875,True,True,True,True,0.03
V2,5.0,final_sickled,476,477,119.25,0.0097499486990273,0.0017808079719543457,0.02210593782365322,0.005202189087867737,0.005796223878860474,0.004608154296875,True,True,True,True,0.03
V2,5.0,final_sickled,477,478,119.5,0.024000822275411338,0.03400939702987671,0.026891931891441345,0.003939549205824733,0.0042475066147744656,0.003631591796875,True,False,True,True,0.03
V2,5.0,final_sickled,478,479,119.75,0.03083368018269539,0.06025223433971405,0.016995318233966827,0.0031377002596855164,0.003986582159996033,0.002288818359375,False,False,True,True,0.03
V2,8.0,final_sickled,330,331,82.75,0.008645402488764376,0.015100449323654175,0.0037874439731240273,0.005118469474837184,0.004194458480924368,0.00604248046875,True,True,True,True,0.03
V2,8.0,final_sickled,331,332,83.0,0.07125828936696052,0.03647761046886444,0.15659648180007935,0.007433906197547913,0.010229140520095825,0.004638671875,False,False,False,True,0.03
V2,8.0,final_sickled,332,333,83.25,0.026834415701719433,0.039894893765449524,,0.005937650799751282,0.0071145594120025635,0.0047607421875,True,False,,True,0.03
V2,8.0,final_sickled,333,334,83.5,0.015400420014674848,0.021863646805286407,,0.00505925714969635,0.0045643150806427,0.00555419921875,True,True,,True,0.03
V2,8.0,final_sickled,334,335,83.75,0.07611876404262147,0.035640716552734375,0.17464958131313324,0.002940495847724378,0.0023409526329487562,0.0035400390625,False,False,False,True,0.03
V2,8.0,final_sickled,335,336,84.0,0.008732224651612342,0.013910897076129913,0.007482666056603193,0.0021957308053970337,0.0007293522357940674,0.003662109375,True,True,True,True,0.03
V2,8.0,final_sickled,336,337,84.25,0.02638435347471386,0.038260966539382935,0.026877515017986298,0.006691346410661936,0.008072634227573872,0.00531005859375,True,False,True,True,0.03
V2,8.0,final_sickled,337,338,84.5,0.020829309843247757,0.039861857891082764,0.011087331920862198,0.0040160020580515265,0.003332297084853053,0.00469970703125,True,False,True,True,0.03
V2,8.0,final_sickled,338,339,84.75,0.01515507075819187,0.031337108463048935,0.004809175152331591,0.003748064278624952,0.0021250348072499037,0.00537109375,True,False,True,True,0.03
V2,8.0,final_sickled,339,340,85.0,0.010265678499126808,0.014850284904241562,0.00980415754020214,0.0035764375934377313,0.0037959415931254625,0.00335693359375,True,True,True,True,0.03
V2,8.0,final_sickled,340,341,85.25,0.010114115156466142,0.011230438947677612,0.013630371540784836,0.0034052381524816155,0.002446462633088231,0.004364013671875,True,True,True,True,0.03
V2,10.0,final_sickled,199,200,50.0,0.007875640504062175,0.002154827117919922,0.016896206885576248,0.004400148987770081,0.003429204225540161,0.00537109375,True,True,True,True,0.03
V2,10.0,final_sickled,200,201,50.25,0.015791351796360688,0.032867372035980225,0.0053657363168895245,0.003065581084229052,0.002408017637208104,0.00372314453125,True,False,True,True,0.03
V2,10.0,final_sickled,201,202,50.5,0.036953128216555345,0.08145089447498322,0.009427637793123722,0.004292388795875013,0.0033357541542500257,0.0052490234375,False,False,True,True,0.03
V2,10.0,final_sickled,202,203,50.75,0.007708419254049658,0.005021214485168457,0.014467199333012104,0.002545654773712158,0.0022226572036743164,0.00286865234375,True,True,True,True,0.03
V2,10.0,final_sickled,203,204,51.0,0.00802075176325161,0.0009298473596572876,0.019613666459918022,0.0031361182336695492,0.0018166700610890985,0.00445556640625,True,True,True,True,0.03
V2,10.0,final_sickled,204,205,51.25,0.009503151196986435,0.0051146000623703,0.019125020131468773,0.003054216504096985,0.0029651224613189697,0.003143310546875,True,True,True,True,0.03
V2,10.0,final_sickled,205,206,51.5,0.013676658656913787,0.015507936477661133,0.018985332921147346,0.003314470173791051,0.004034946206957102,0.002593994140625,True,True,True,True,0.03
V2,10.0,final_sickled,206,207,51.75,0.026434921385953204,0.05570872128009796,0.009766935370862484,0.0029320219764485955,0.002415557624772191,0.003448486328125,True,False,True,True,0.03
V2,10.0,final_sickled,207,208,52.0,0.007390980521449819,0.0031144171953201294,0.015466208569705486,0.002928162575699389,0.002133180620148778,0.00372314453125,True,True,True,True,0.03
V2,11.0,semi_sickled,196,197,49.25,0.011220897547900677,0.00810733437538147,0.017203543335199356,0.007826894521713257,0.011228740215301514,0.004425048828125,True,True,True,True,0.03
V2,11.0,semi_sickled,197,198,49.5,0.011984653439139948,0.011955119669437408,0.018306421115994453,0.003181432723067701,0.0023650627117604017,0.003997802734375,True,True,True,True,0.03
V2,11.0,semi_sickled,198,199,49.75,0.014729512960184364,0.008730724453926086,0.02896006405353546,0.004404803039506078,0.0057883658446371555,0.003021240234375,True,True,True,True,0.03
V2,11.0,semi_sickled,199,200,50.0,0.027605804236372936,0.06390058994293213,0.0034820542205125093,0.003307397128082812,0.0033799309749156237,0.00323486328125,True,False,True,True,0.03
V2,11.0,semi_sickled,200,201,50.25,0.010106571461074054,0.022087059915065765,0.0012906050542369485,0.0032801429042592645,0.003600080730393529,0.002960205078125,True,True,True,True,0.03
V2,11.0,semi_sickled,201,202,50.5,0.01331270532682538,0.007772602140903473,0.02385992370545864,0.007410764694213867,0.010884761810302734,0.003936767578125,True,True,True,True,0.03
V2,16.0,final_sickled,196,197,49.25,0.023884677595924587,0.041024111211299896,0.01672973856329918,0.0064784984569996595,0.007677455898374319,0.005279541015625,True,False,True,True,0.03
V2,16.0,final_sickled,197,198,49.5,0.008301071051391773,0.01620359718799591,0.0035297032445669174,0.0023369441623799503,0.0013169547310099006,0.00335693359375,True,True,True,True,0.03
V2,16.0,final_sickled,198,199,49.75,0.0051287063804920765,0.007531903684139252,0.003656141459941864,0.0033451815834268928,0.0023568670731037855,0.00433349609375,True,True,True,True,0.03
V2,16.0,final_sickled,199,200,50.0,0.008589314069831743,0.01783037558197975,0.0021360719110816717,0.0028381546726450324,0.002532998798415065,0.003143310546875,True,True,True,True,0.03
V2,16.0,final_sickled,200,201,50.25,0.010858222999377175,0.02071889117360115,0.005264374893158674,0.00291254126932472,0.00344471144489944,0.00238037109375,True,True,True,True,0.03
V2,16.0,final_sickled,201,202,50.5,0.008052299014525487,0.013643259182572365,0.004891094285994768,0.003532449365593493,0.003524859668686986,0.0035400390625,True,True,True,True,0.03
V2,19.0,semi_sickled,296,297,74.25,0.022421288723126053,0.050432831048965454,0.0031281851697713137,0.0046131659764796495,0.006876478437334299,0.002349853515625,True,False,True,True,0.03
V2,19.0,semi_sickled,297,298,74.5,0.017689792660530657,0.038371507078409195,0.0032508943695575,0.0048135071992874146,0.005049377679824829,0.00457763671875,True,False,True,True,0.03
V2,19.0,semi_sickled,298,299,74.75,0.0050432772928616035,0.009758248925209045,0.0007457297178916633,0.0035158892860636115,0.003735880134627223,0.0032958984375,True,True,True,True,0.03
V2,19.0,semi_sickled,299,300,75.0,0.007449885457754135,0.0004847384989261627,0.017469748854637146,0.004566311836242676,0.0042498111724853516,0.0048828125,True,True,True,True,0.03
V2,19.0,semi_sickled,300,301,75.25,0.012920532395946793,0.019754212349653244,0.01213055569678545,0.0030926118488423526,0.0016075869789347053,0.00457763671875,True,True,True,True,0.03
V2,19.0,semi_sickled,301,302,75.5,0.008658515888964758,0.006277460604906082,0.015645762905478477,0.0026860585203394294,0.0019846658688038588,0.003387451171875,True,True,True,True,0.03
V2,20.0,semi_sickled,227,228,57.0,0.03799842939479277,0.05742363631725311,0.039625924080610275,0.004639605758711696,0.004823645111173391,0.00445556640625,False,False,False,True,0.03
V2,20.0,semi_sickled,228,229,57.25,0.00895581841468811,0.0013178437948226929,0.019417211413383484,0.006530627608299255,0.007354468107223511,0.005706787109375,True,True,True,True,0.03
V2,20.0,semi_sickled,229,230,57.5,0.008348095405381173,0.015213251113891602,0.003071027109399438,0.004751741886138916,0.004651188850402832,0.004852294921875,True,True,True,True,0.03
V2,20.0,semi_sickled,230,231,57.75,0.0444087362382561,0.058036550879478455,0.05076710507273674,0.013702516444027424,0.019470462575554848,0.0079345703125,False,False,False,True,0.03
V2,20.0,semi_sickled,231,232,58.0,0.07775990865193308,0.1513282209634781,0.03977891430258751,0.013224001042544842,0.018086185678839684,0.00836181640625,False,False,False,True,0.03
V2,20.0,semi_sickled,232,233,58.25,0.03563581843627617,0.06839083135128021,0.02027345448732376,0.004735107300803065,0.005289306398481131,0.004180908203125,False,False,True,True,0.03
V2,20.0,semi_sickled,233,234,58.5,0.011686949129216374,0.022428303956985474,0.004344100598245859,0.004780769348144531,0.0062046051025390625,0.00335693359375,True,True,True,True,0.03
V2,20.0,semi_sickled,234,235,58.75,0.00513641617144458,0.007069781422615051,0.00437164818868041,0.0031137069454416633,0.0032977263908833265,0.0029296875,True,True,True,True,0.03
V2,20.0,semi_sickled,235,236,59.0,0.06376941566850292,0.15556958317756653,0.0002600151055958122,0.00580230844207108,0.00601990008726716,0.005584716796875,False,False,True,True,0.03
V2,20.0,semi_sickled,236,237,59.25,0.02376997343817493,0.0514022558927536,0.007816022261977196,0.0018938531575258821,0.0009190539713017642,0.00286865234375,True,False,True,True,0.03
V2,20.0,semi_sickled,237,238,59.5,0.03019924289546907,0.06501924991607666,0.009167117066681385,0.003932207822799683,0.004812657833099365,0.0030517578125,False,False,True,True,0.03
V2,20.0,semi_sickled,238,239,59.75,0.012077410265919752,0.024641994386911392,0.0039872825145721436,0.003300254524219781,0.0019008020171895623,0.00469970703125,True,True,True,True,0.03
V2,20.0,semi_sickled,239,240,60.0,0.013654369837604463,0.01698443293571472,0.014752519316971302,0.006788859609514475,0.00896956492215395,0.004608154296875,True,True,True,True,0.03
V2,20.0,semi_sickled,240,241,60.25,0.002748560841428116,0.0036921799182891846,0.0014442246174439788,0.0030648410320281982,0.0022234320640563965,0.00390625,True,True,True,True,0.03
V2,20.0,semi_sickled,241,242,60.5,0.003454365843208507,0.00542643666267395,0.0014494260540232062,0.0031059682369232178,0.0040757060050964355,0.00213623046875,True,True,True,True,0.03
V2,20.0,semi_sickled,242,243,60.75,0.005291349798790179,0.009651005268096924,0.00260631344281137,0.002074951946269721,0.0016169449081644416,0.002532958984375,True,True,True,True,0.03
V2,20.0,semi_sickled,243,244,61.0,0.006877956696553156,0.011331066489219666,0.004395205061882734,0.0032288333168253303,0.0037110846024006605,0.00274658203125,True,True,True,True,0.03
V2,21.0,final_sickled,199,200,50.0,0.014460253180004656,0.027849502861499786,0.005121550988405943,0.006111636757850647,0.008194953203201294,0.0040283203125,True,True,True,True,0.03
V2,21.0,final_sickled,200,201,50.25,0.01735475128516555,0.023505643010139465,0.018601464107632637,0.005767926573753357,0.007263392210006714,0.0042724609375,True,True,True,True,0.03
V2,21.0,final_sickled,201,202,50.5,0.0048312419326975945,0.005308616906404495,0.005423822905868292,0.0032378286123275757,0.0023557841777801514,0.004119873046875,True,True,True,True,0.03
V2,21.0,final_sickled,202,203,50.75,0.010994424409000204,0.021937813609838486,0.004168112296611071,0.003041838645003736,0.003276060102507472,0.0028076171875,True,True,True,True,0.03
V2,21.0,final_sickled,203,204,51.0,0.01306093781022355,0.009947016835212708,0.0227645393460989,0.004458169220015407,0.005773027893155813,0.003143310546875,True,True,True,True,0.03
V2,21.0,final_sickled,204,205,51.25,0.005544825532706454,0.008660126477479935,0.0040694656781852245,0.0026258478173986077,0.0033901233691722155,0.001861572265625,True,True,True,True,0.03
V2,22.0,final_sickled,389,390,97.5,0.01833054721937515,0.03236353397369385,0.012363803572952747,0.004231209517456591,0.0024809737224131823,0.0059814453125,True,False,True,True,0.03
V2,22.0,final_sickled,390,391,97.75,0.0037639541784301404,0.004392877221107483,0.003075498389080167,0.003721515415236354,0.004025062080472708,0.00341796875,True,True,True,True,0.03
V2,22.0,final_sickled,391,392,98.0,0.007091079524252563,0.012114539742469788,0.0033736126497387886,0.004257996799424291,0.004182497505098581,0.00433349609375,True,True,True,True,0.03
V2,22.0,final_sickled,392,393,98.25,0.014537044684402645,0.010638177394866943,0.02466047741472721,0.006602426525205374,0.008779804222285748,0.004425048828125,True,True,True,True,0.03
V2,22.0,final_sickled,393,394,98.5,0.0036393514179508205,0.0069743916392326355,0.0004161435936111957,0.00281577801797539,0.00328170252032578,0.002349853515625,True,True,True,True,0.03
V2,22.0,final_sickled,394,395,98.75,0.005557791914907285,0.011222496628761292,0.0009678907808847725,0.0029201259603723884,0.0023917655926197767,0.003448486328125,True,True,True,True,0.03
V2,24.0,final_sickled,253,254,63.5,0.016662218447891064,0.0371837392449379,0.0031610075384378433,0.0027294804458506405,0.001461158157326281,0.003997802734375,True,False,True,True,0.03
V2,24.0,final_sickled,254,255,63.75,0.03365848818211816,0.0786663219332695,0.003767726244404912,0.003493020893074572,0.002683063270524144,0.004302978515625,False,False,True,True,0.03
V2,24.0,final_sickled,255,256,64.0,0.01854619508376345,0.030722595751285553,0.014882865361869335,0.0041926156263798475,0.004112770315259695,0.0042724609375,True,False,True,True,0.03
V2,24.0,final_sickled,256,257,64.25,0.013070103921927513,0.0246037095785141,0.006845999043434858,0.0033300817012786865,0.004249274730682373,0.002410888671875,True,True,True,True,0.03
V2,24.0,final_sickled,257,258,64.5,0.015655602084007115,0.031786590814590454,0.00478152884170413,0.005069722654297948,0.007179240230470896,0.002960205078125,True,False,True,True,0.03
V2,24.0,final_sickled,258,259,64.75,0.004549534857505933,0.0031329989433288574,0.007313624024391174,0.002946267486549914,0.0033290584105998278,0.0025634765625,True,True,True,True,0.03
V2,24.0,final_sickled,259,260,65.0,0.019975608208915217,0.0451212003827095,0.0035577036906033754,0.002727727056480944,0.0020985205192118883,0.00335693359375,True,False,True,True,0.03
V2,24.0,final_sickled,260,261,65.25,0.30403771507553756,0.5939263105392456,0.17623066902160645,0.019145826809108257,0.026542386040091515,0.011749267578125,False,False,False,True,0.03
V2,24.0,final_sickled,261,262,65.5,0.011875505864736624,0.02212528884410858,0.007344044744968414,0.0018198986654169858,0.0015340844402089715,0.002105712890625,True,True,True,True,0.03
V2,24.0,final_sickled,262,263,65.75,0.015154264980810695,0.027097508311271667,0.011044214479625225,0.0017991463537327945,0.001584132551215589,0.00201416015625,True,True,True,True,0.03
V2,24.0,final_sickled,263,264,66.0,0.04320529953110963,0.07926775515079498,0.026454715058207512,0.008956188801676035,0.01275490690022707,0.005157470703125,False,False,True,True,0.03
V2,24.0,final_sickled,264,265,66.25,0.015806049993261694,0.026464849710464478,0.012019027955830097,0.0040538012981414795,0.005330502986907959,0.002777099609375,True,True,True,True,0.03
V2,24.0,final_sickled,265,266,66.5,0.014885257859714328,0.008080825209617615,0.028212105855345726,0.007114762905985117,0.008797396905720234,0.00543212890625,True,True,True,True,0.03
V2,24.0,final_sickled,266,267,66.75,0.009876961016561835,0.010679945349693298,0.013516443781554699,0.003496910212561488,0.004216720815747976,0.002777099609375,True,True,True,True,0.03
V2,24.0,final_sickled,267,268,67.0,0.009516308736056089,0.003354474902153015,0.020541438832879066,0.00394006073474884,0.0029057562351226807,0.004974365234375,True,True,True,True,0.03
V2,24.0,final_sickled,268,269,67.25,0.023528011963935568,0.05375831574201584,0.003924622666090727,0.0026042709359899163,0.0033164520282298326,0.00189208984375,True,False,True,True,0.03
V2,24.0,final_sickled,269,270,67.5,0.02108789384365082,0.03073813021183014,0.023468762636184692,0.0023142993450164795,0.002858579158782959,0.00177001953125,True,False,True,True,0.03
V2,26.0,semi_sickled,367,368,92.0,0.008096017001662403,0.015697725117206573,0.002804224146530032,0.0033417940139770508,0.0032351016998291016,0.003448486328125,True,True,True,True,0.03
V2,26.0,semi_sickled,368,369,92.25,0.006024935259483754,0.010178059339523315,0.004130840767174959,0.002031669020652771,0.002323836088180542,0.001739501953125,True,True,True,True,0.03
V2,26.0,semi_sickled,369,370,92.5,0.0028937584807863462,0.004967182874679565,0.0011589893838390708,0.00200495618628338,0.0013548830756917596,0.002655029296875,True,True,True,True,0.03
V2,26.0,semi_sickled,370,371,92.75,0.021275493741268293,0.034697145223617554,0.018461480736732483,0.0037404695758596063,0.0027812321204692125,0.00469970703125,True,False,True,True,0.03
V2,26.0,semi_sickled,371,372,93.0,0.026212504890281707,0.03963199257850647,0.02580145187675953,0.005316798808053136,0.005811820272356272,0.00482177734375,True,False,True,True,0.03
V2,26.0,semi_sickled,372,373,93.25,0.007576910924399272,0.00016616284847259521,0.018639886751770973,0.003945941687561572,0.003863563062623143,0.0040283203125,True,True,True,True,0.03
V2,29.0,semi_sickled,339,340,85.0,0.008530375978443772,0.015317939221858978,0.003597833914682269,0.004575833678245544,0.004299372434616089,0.004852294921875,True,True,True,True,0.03
V2,29.0,semi_sickled,340,341,85.25,0.019067162132705564,0.04394455999135971,0.0006404182058759034,0.0050607670564204454,0.006550977472215891,0.003570556640625,True,False,True,True,0.03
V2,29.0,semi_sickled,341,342,85.5,0.00624351630685851,0.012222200632095337,0.001191347953863442,0.0037506570806726813,0.0033814411144703627,0.004119873046875,True,True,True,True,0.03
V2,29.0,semi_sickled,342,343,85.75,0.011321278673131019,0.010886743664741516,0.01676311530172825,0.004397963406518102,0.005347440484911203,0.003448486328125,True,True,True,True,0.03
V2,29.0,semi_sickled,343,344,86.0,0.004391551297158003,0.0026514604687690735,0.0072422269731760025,0.0031847506761550903,0.0035313665866851807,0.002838134765625,True,True,True,True,0.03
V2,29.0,semi_sickled,344,345,86.25,0.014376850263215602,0.018458843231201172,0.015302859246730804,0.0065492489375174046,0.008551378734409809,0.004547119140625,True,True,True,True,0.03
V2,32.0,semi_sickled,247,248,62.0,0.0034537832019850613,0.0056183189153671265,0.0010725692845880985,0.0033242255449295044,0.004023939371109009,0.00262451171875,True,True,True,True,0.03
V2,32.0,semi_sickled,248,249,62.25,0.02799161355942488,0.04872807860374451,0.018465880304574966,0.008149296045303345,0.01065284013748169,0.005645751953125,True,False,True,True,0.03
V2,32.0,semi_sickled,249,250,62.5,0.023630443878937514,0.05264711380004883,0.002618395024910569,0.006620640400797129,0.009182442910969257,0.004058837890625,True,False,True,True,0.03
V2,32.0,semi_sickled,250,251,62.75,0.003898567822761834,0.00650864839553833,0.00023474683985114098,0.004851788282394409,0.005949914455413818,0.003753662109375,True,True,True,True,0.03
V2,32.0,semi_sickled,251,252,63.0,0.02839682411286049,0.06417882442474365,0.006146561820060015,0.0022959908237680793,0.0023336808662861586,0.00225830078125,True,False,True,True,0.03
V2,32.0,semi_sickled,252,253,63.25,0.015568619541591033,0.01895970106124878,0.02080390229821205,0.0028134932508692145,0.002544711111113429,0.003082275390625,True,True,True,True,0.03
V2,37.0,final_sickled,339,340,85.0,0.02505831766175106,0.0372922308743,0.025495320558547974,0.004872252466157079,0.0056551494635641575,0.00408935546875,True,False,True,True,0.03
V2,37.0,final_sickled,340,341,85.25,0.008244845503941178,0.003448210656642914,0.014062928967177868,0.007774144411087036,0.008407175540924072,0.00714111328125,True,True,True,True,0.03
V2,37.0,final_sickled,341,342,85.5,0.016323761036619547,0.030506450682878494,0.00850564707070589,0.004576817154884338,0.0037215054035186768,0.00543212890625,True,False,True,True,0.03
V2,37.0,final_sickled,342,343,85.75,0.012154267251025884,0.00019021332263946533,0.03160944581031799,0.004059503553435206,0.004060169216245413,0.004058837890625,True,True,False,True,0.03
V2,37.0,final_sickled,343,344,86.0,0.008717610531311948,0.020169220864772797,0.00025445318897254765,0.00224345427704975,0.0016487737884745002,0.002838134765625,True,True,True,True,0.03
V2,37.0,final_sickled,344,345,86.25,0.01959641696885228,0.021342851221561432,0.027786215767264366,0.005336403846740723,0.006491899490356445,0.004180908203125,True,True,True,True,0.03
V2,38.0,final_sickled,180,181,45.25,0.006560108670964838,0.00725906528532505,0.007850746624171734,0.0036348849534988403,0.004401117563247681,0.00286865234375,True,True,True,True,0.03
V2,38.0,final_sickled,181,182,45.5,0.004573318196344189,0.005878526717424393,0.004498363472521305,0.002589921175967902,0.0016703208675608039,0.003509521484375,True,True,True,True,0.03
V2,38.0,final_sickled,182,183,45.75,0.003908247337676585,0.00636792927980423,0.0017404196551069617,0.003007714985869825,0.0032078127842396498,0.0028076171875,True,True,True,True,0.03
V2,38.0,final_sickled,183,184,46.0,0.0027496545750182117,4.719570279121399e-05,0.005280778277665377,0.003530015586875379,0.002512912033125758,0.004547119140625,True,True,True,True,0.03
V2,38.0,final_sickled,184,185,46.25,0.0032451935622871187,0.0040979087352752686,1.1388221032859747e-08,0.006424104329198599,0.008789370767772198,0.004058837890625,True,True,True,True,0.03
V2,38.0,final_sickled,185,186,46.5,0.00889932606369257,0.017683513462543488,0.003018643707036972,0.003077581524848938,0.002584606409072876,0.003570556640625,True,True,True,True,0.03
V2,39.0,semi_sickled,271,272,68.0,0.013275836361572146,0.018767129629850388,,0.0044897671323269606,0.005134319420903921,0.00384521484375,True,True,,True,0.03
V2,39.0,semi_sickled,272,273,68.25,0.006488194223493338,,,0.006488194223493338,0.008398751728236675,0.00457763671875,True,,,True,0.03
V2,39.0,semi_sickled,273,274,68.5,0.0031374171376228333,,,0.0031374171376228333,0.0024906545877456665,0.0037841796875,True,,,True,0.03
V2,39.0,semi_sickled,274,275,68.75,0.009327963384119077,0.013928364962339401,,0.001967320858966559,0.0017984112491831183,0.00213623046875,True,True,,True,0.03
V2,39.0,semi_sickled,275,276,69.0,0.003201956511475146,,,0.003201956511475146,0.0023755927104502916,0.0040283203125,True,,,True,0.03
V2,39.0,semi_sickled,276,277,69.25,0.0038891086587682366,,,0.0038891086587682366,0.0033226509112864733,0.00445556640625,True,,,True,0.03
V2,40.0,semi_sickled,467,468,117.0,0.0338311075582169,0.06884525716304779,0.013675614260137081,0.00602615880779922,0.00771882152184844,0.00433349609375,False,False,True,True,0.03
V2,40.0,semi_sickled,468,469,117.25,0.024406740244012327,0.04155556857585907,0.018775777891278267,0.004851962206885219,0.005553533788770437,0.004150390625,True,False,True,True,0.03
V2,40.0,semi_sickled,469,470,117.5,0.016083822131622582,0.023557201027870178,0.01502758264541626,0.005605151178315282,0.003947118762880564,0.00726318359375,True,True,True,True,0.03
V2,40.0,semi_sickled,470,471,117.75,0.01953711835667491,0.02649916708469391,0.02043851651251316,0.0071358829736709595,0.008687049150466919,0.005584716796875,True,True,True,True,0.03
V2,40.0,semi_sickled,471,472,118.0,0.04778114622458816,0.09630843997001648,0.019675852730870247,0.00948488712310791,0.01307988166809082,0.005889892578125,False,False,True,True,0.03
V2,40.0,semi_sickled,472,473,118.25,0.02967356043518521,0.06911221146583557,0.0036506233736872673,0.0030038306722417474,0.0024981398601084948,0.003509521484375,True,False,True,True,0.03
V2,40.0,semi_sickled,473,474,118.5,0.00216871234588325,0.0008461624383926392,0.003119976259768009,0.0029530227184295654,0.0016030669212341309,0.004302978515625,True,True,True,True,0.03
V2,40.0,semi_sickled,474,475,118.75,0.018725672864820807,0.04214751720428467,0.003789752023294568,0.0021610110998153687,0.0018195807933807373,0.00250244140625,True,False,True,True,0.03
V2,40.0,semi_sickled,475,476,119.0,0.021703335258644076,0.03572697937488556,0.01834198646247387,0.003971392987295985,0.0042501590214669704,0.003692626953125,True,False,True,True,0.03
V2,40.0,semi_sickled,476,477,119.25,0.015512733493233101,0.029733598232269287,0.00852973572909832,0.002535546780563891,0.003697802545502782,0.001373291015625,True,True,True,True,0.03
V2,40.0,semi_sickled,477,478,119.5,0.0030415315355639904,0.002167314291000366,0.004187843296676874,0.002835442661307752,0.0030463736038655043,0.00262451171875,True,True,True,True,0.03
V2,42.0,semi_sickled,400,401,100.25,0.012848480034153908,0.01089419424533844,0.020836343988776207,0.00479232775978744,0.005983581300824881,0.00360107421875,True,True,True,True,0.03
V2,42.0,semi_sickled,401,402,100.5,0.013736867401166818,0.03034539520740509,0.0032987615559250116,0.0017765710945241153,0.0011117359390482306,0.00244140625,True,False,True,True,0.03
V2,42.0,semi_sickled,402,403,100.75,0.011806488304864615,0.011341676115989685,0.017116039991378784,0.005116815445944667,0.006144275423139334,0.00408935546875,True,True,True,True,0.03
V2,42.0,semi_sickled,403,404,101.0,0.011643003911012785,0.015949927270412445,0.012595504522323608,0.0034184256801381707,0.0025033552665263414,0.00433349609375,True,True,True,True,0.03
V2,42.0,semi_sickled,404,405,101.25,0.01740204308880493,0.030139118432998657,0.011597611010074615,0.0051489274483174086,0.007246097084134817,0.0030517578125,True,False,True,True,0.03
V2,42.0,semi_sickled,405,406,101.5,0.022080588678363714,0.04809653013944626,0.00506775313988328,0.004273052094504237,0.004792442079633474,0.003753662109375,True,False,True,True,0.03
V2,49.0,final_sickled,197,198,49.5,0.019793779891915622,0.03263232111930847,0.012112134136259556,0.010006417986005545,0.01021669339388609,0.009796142578125,True,False,True,True,0.03
V2,49.0,final_sickled,198,199,49.75,0.04480250501655974,0.07850582897663116,0.03468818962574005,0.005037228227593005,0.0033911068458110094,0.006683349609375,False,False,False,True,0.03
V2,49.0,final_sickled,199,200,50.0,0.04702038469258696,0.07532598078250885,0.041016075760126114,0.010137463454157114,0.012553979642689228,0.007720947265625,False,False,False,True,0.03
V2,49.0,final_sickled,200,201,50.25,0.036818781844340266,0.05692468583583832,0.03287476673722267,0.01017095660790801,0.012651483528316021,0.0076904296875,False,False,False,True,0.03
V2,49.0,final_sickled,201,202,50.5,0.03135732461232692,0.04598303139209747,0.028266945853829384,0.012282724026590586,0.015074481256306171,0.009490966796875,False,False,True,True,0.03
V2,49.0,final_sickled,202,203,50.75,0.027541274402756246,0.05076831579208374,0.01658513955771923,0.0057165969628840685,0.006458828691393137,0.004974365234375,True,False,True,True,0.03
V2,49.0,final_sickled,203,204,51.0,0.05444197618635372,0.12232574820518494,0.010250212624669075,0.00769640994258225,0.006023923400789499,0.009368896484375,False,False,True,True,0.03
V2,49.0,final_sickled,204,205,51.25,0.04091803778428585,0.07640403509140015,0.023607874289155006,0.00837467098608613,0.00960822869092226,0.00714111328125,False,False,True,True,0.03
V2,49.0,final_sickled,205,206,51.5,0.006548229634063318,0.012159347534179688,0.001461984938941896,0.004691183567047119,0.004957318305969238,0.004425048828125,True,True,True,True,0.03
V2,49.0,final_sickled,206,207,51.75,0.05265593524090946,0.11438679695129395,0.015103095211088657,0.006460532546043396,0.006725996732711792,0.006195068359375,False,False,True,True,0.03
V2,49.0,final_sickled,207,208,52.0,0.03824086944805458,0.08193027973175049,0.011866189539432526,0.00526236486621201,0.007076243404299021,0.003448486328125,False,False,True,True,0.03
V2,49.0,final_sickled,208,209,52.25,0.0298389675328508,0.04459172487258911,0.029009327292442322,0.007396052125841379,0.011435170657932758,0.00335693359375,True,False,True,True,0.03
V2,49.0,final_sickled,209,210,52.5,0.02265768852084875,0.007528707385063171,0.04786621406674385,0.011572122573852539,0.017162799835205078,0.0059814453125,True,True,False,True,0.03
V2,49.0,final_sickled,210,211,52.75,0.017016475647687913,0.015415102243423462,0.02682054042816162,0.005852982401847839,0.007860749959945679,0.00384521484375,True,True,True,True,0.03
V2,49.0,final_sickled,211,212,53.0,0.019882926740683617,0.04157496988773346,0.006594243925064802,0.0037798136472702026,0.0035007894039154053,0.004058837890625,True,False,True,True,0.03
V2,49.0,final_sickled,212,213,53.25,0.004742195420840289,0.0054899901151657104,0.005448214244097471,0.0025572975573595613,0.0007810990209691226,0.00433349609375,True,True,True,True,0.03
V2,49.0,final_sickled,213,214,53.5,0.03579780337167904,0.07726645469665527,0.010824859142303467,0.00441008317284286,0.0039983890019357204,0.00482177734375,False,False,True,True,0.03
V2,49.0,final_sickled,214,215,53.75,0.029324052721494808,0.06089553236961365,0.01110251247882843,0.004319841624237597,0.003116001607850194,0.005523681640625,True,False,True,True,0.03
V2,49.0,final_sickled,215,216,54.0,0.02167954760370776,0.04674293100833893,0.005503381136804819,0.00422476720996201,0.004543284419924021,0.00390625,True,False,True,True,0.03
V2,49.0,final_sickled,216,217,54.25,0.011823442671447993,0.02168971300125122,0.006549699231982231,0.0034206509590148926,0.002965569496154785,0.003875732421875,True,True,True,True,0.03
V2,49.0,final_sickled,217,218,54.5,0.03985988683998585,0.06958524137735367,0.028095655143260956,0.008769243955612183,0.012106359004974365,0.00543212890625,False,False,True,True,0.03
V2,49.0,final_sickled,218,219,54.75,0.020330096315592527,0.023375652730464935,0.02806437946856022,0.004629209637641907,0.0053216516971588135,0.003936767578125,True,True,True,True,0.03
V2,49.0,final_sickled,219,220,55.0,0.034027856250759214,0.07603687793016434,0.007481140550225973,0.003978823544457555,0.00426502013579011,0.003692626953125,False,False,True,True,0.03
V2,49.0,final_sickled,220,221,55.25,0.006353698024759069,0.001719839870929718,0.014046321623027325,0.002998198033310473,0.003158261300995946,0.002838134765625,True,True,True,True,0.03
V2,49.0,final_sickled,221,222,55.5,0.009724852861836553,0.013181790709495544,0.010670959018170834,0.0028692036867141724,0.0032359659671783447,0.00250244140625,True,True,True,True,0.03
V2,49.0,final_sickled,222,223,55.75,0.035037210199516264,0.06268623471260071,0.02503911964595318,0.004796097753569484,0.0055333576165139675,0.004058837890625,False,False,True,True,0.03
V2,49.0,final_sickled,223,224,56.0,0.00938647529692389,0.014768034219741821,0.00814883317798376,0.0025086799869313836,0.0030031998176127672,0.00201416015625,True,True,True,True,0.03
V2,49.0,final_sickled,224,225,56.25,0.010284121219928447,0.01455426961183548,,0.0034518837928771973,0.0043097734451293945,0.002593994140625,True,True,,True,0.03
V2,49.0,final_sickled,225,226,56.5,0.030623309153060503,0.04710537940263748,,0.0042519967537373304,0.005574306007474661,0.0029296875,False,False,,True,0.03
V2,49.0,final_sickled,226,227,56.75,0.011672009160974994,0.017057769000530243,0.01159601379185915,0.0031611869344487786,0.0025381941813975573,0.0037841796875,True,True,True,True,0.03
V2,49.0,final_sickled,227,228,57.0,0.015817542746663093,0.020965203642845154,0.01869262009859085,0.003556177020072937,0.002748340368270874,0.004364013671875,True,True,True,True,0.03
V2,49.0,final_sickled,228,229,57.25,0.03452370721497573,0.0623319074511528,0.024981198832392693,0.0033900985727086663,0.0035758514422923326,0.003204345703125,False,False,True,True,0.03
V2,49.0,final_sickled,229,230,57.5,0.00856505377450958,0.012271091341972351,0.00755481468513608,0.004049728391692042,0.005597015377134085,0.00250244140625,True,True,True,True,0.03
V2,49.0,final_sickled,230,231,57.75,0.026948512170929466,0.04810568690299988,0.018563462421298027,0.004836102249100804,0.006925622466951609,0.00274658203125,True,False,True,True,0.03
V2,49.0,final_sickled,231,232,58.0,0.035759819403756415,0.06972724199295044,0.018929429352283478,0.0049744893331080675,0.006744632963091135,0.003204345703125,False,False,True,True,0.03
V2,49.0,final_sickled,232,233,58.25,0.04376510314177722,0.09980850666761398,0.007043945137411356,0.005505278706550598,0.006982237100601196,0.0040283203125,False,False,True,True,0.03
V2,49.0,final_sickled,233,234,58.5,0.009341777412919328,0.017222732305526733,0.004475437570363283,0.0035451253643259406,0.0028177897911518812,0.0042724609375,True,True,True,True,0.03
V2,49.0,final_sickled,234,235,58.75,0.009054114751052111,0.0006173327565193176,0.020152810961008072,0.007014791248366237,0.006980021949857473,0.007049560546875,True,True,True,True,0.03
V2,49.0,final_sickled,235,236,59.0,0.01838153628632426,0.020325593650341034,0.02558162249624729,0.005190923810005188,0.005041271448135376,0.005340576171875,True,True,True,True,0.03
V2,49.0,final_sickled,236,237,59.25,0.04240011769579724,0.054289694875478745,0.05537450313568115,0.005212654592469335,0.005511979106813669,0.004913330078125,False,False,False,True,0.03
V2,49.0,final_sickled,237,238,59.5,0.039790667354827745,0.07467123866081238,0.025303974747657776,0.004263122915290296,0.003826538799330592,0.00469970703125,False,False,True,True,0.03
V2,49.0,final_sickled,238,239,59.75,0.03435138660715893,0.060600362718105316,0.025364398956298828,0.004934807540848851,0.005536118987947702,0.00433349609375,False,False,True,True,0.03
V2,49.0,final_sickled,239,240,60.0,0.027508036827202886,0.06038699299097061,0.005308230873197317,0.005981435300782323,0.007293681148439646,0.004669189453125,True,False,True,True,0.03
V2,49.0,final_sickled,240,241,60.25,0.024167543021030725,0.02958153933286667,0.029628576710820198,0.007859701756387949,0.010226239450275898,0.0054931640625,True,True,True,True,0.03
V2,49.0,final_sickled,241,242,60.5,0.008749989912030288,0.009545691311359406,0.012628227472305298,0.0020473350887186825,0.001378605724312365,0.002716064453125,True,True,True,True,0.03
V2,49.0,final_sickled,242,243,60.75,0.018333379924297333,0.01094750314950943,0.0356997549533844,0.005837857723236084,0.007311701774597168,0.004364013671875,True,True,False,True,0.03
V2,49.0,final_sickled,243,244,61.0,0.015613133739680051,0.013254612684249878,0.025571653619408607,0.005444839596748352,0.006617218255996704,0.0042724609375,True,True,True,True,0.03
V2,49.0,final_sickled,244,245,61.25,0.02217058085370809,0.027959413826465607,0.02580328844487667,0.007822657469660044,0.010701467283070087,0.00494384765625,True,True,True,True,0.03
V2,51.0,final_sickled,102,103,25.75,0.021236357756424698,0.04088011011481285,0.011347230523824692,0.003651132108643651,0.004036883357912302,0.003265380859375,True,False,True,True,0.03
V2,51.0,final_sickled,103,104,26.0,0.017430355248507112,0.03376459330320358,0.007256486918777227,0.005538990022614598,0.0065918960608541965,0.004486083984375,True,False,True,True,0.03
V2,51.0,final_sickled,104,105,26.25,0.011694310035090895,0.019996102899312973,0.007810900453478098,0.00384821486659348,0.00510243559256196,0.002593994140625,True,True,True,True,0.03
V2,51.0,final_sickled,105,106,26.5,0.004041293420596048,0.0014973804354667664,0.007744837086647749,0.0029265930643305182,0.0025572876911610365,0.0032958984375,True,True,True,True,0.03
V2,51.0,final_sickled,106,107,26.75,0.00515987491235137,0.0077903177589178085,0.003489600494503975,0.003289550542831421,0.003313720226287842,0.003265380859375,True,True,True,True,0.03
V2,51.0,final_sickled,107,108,27.0,0.0034362858335953207,0.005602927878499031,0.001130389515310526,0.0031979134073480964,0.0037102799396961927,0.002685546875,True,True,True,True,0.03
V2,52.0,final_sickled,452,453,113.25,0.009342687053140251,0.007318854331970215,0.014647775329649448,0.00515369581989944,0.00597389554604888,0.00433349609375,True,True,True,True,0.03
V2,52.0,final_sickled,453,454,113.5,0.012307329545728862,0.02150796353816986,0.006701143924146891,0.005434975028038025,0.00736042857170105,0.003509521484375,True,True,True,True,0.03
V2,52.0,final_sickled,454,455,113.75,0.034665549674537034,0.07948817312717438,0.0050413114950060844,0.004423285601660609,0.0046351454220712185,0.00421142578125,False,False,True,True,0.03
V2,52.0,final_sickled,455,456,114.0,0.04315835958113894,0.09727565944194794,0.008924889378249645,0.004497538087889552,0.005058308597654104,0.003936767578125,False,False,True,True,0.03
V2,52.0,final_sickled,456,457,114.25,0.016815109993331134,0.018999576568603516,0.020718248561024666,0.00785556947812438,0.01082832645624876,0.0048828125,True,True,True,True,0.03
V2,52.0,final_sickled,457,458,114.5,0.012142990040592848,0.008672967553138733,0.02018468640744686,0.006436651106923819,0.008295665495097637,0.00457763671875,True,True,True,True,0.03
V2,52.0,final_sickled,458,459,114.75,0.013013555179350078,0.00968390703201294,0.02120915986597538,0.006867145653814077,0.009553383104503155,0.004180908203125,True,True,True,True,0.03
V2,52.0,final_sickled,459,460,115.0,0.010343778214883059,0.019935160875320435,0.003602702170610428,0.004435072420164943,0.0046282014809548855,0.004241943359375,True,True,True,True,0.03
V2,52.0,final_sickled,460,461,115.25,0.0037829496199265123,0.005871012806892395,0.001212723320350051,0.004040365340188146,0.004296550992876291,0.0037841796875,True,True,True,True,0.03
V2,52.0,final_sickled,461,462,115.5,0.011627707432489842,0.012541979551315308,0.0162693802267313,0.003666530130431056,0.004220267292112112,0.00311279296875,True,True,True,True,0.03
V2,53.0,final_sickled,288,289,72.25,0.015482224232982844,,0.02283020131289959,0.0051950563210994005,0.004439184907823801,0.005950927734375,True,,True,True,0.03
V2,53.0,final_sickled,289,290,72.5,0.004255556220111127,,0.004847741220146418,0.0034264972200617194,0.003740201471373439,0.00311279296875,True,,True,True,0.03
V2,53.0,final_sickled,290,291,72.75,0.00451722070768786,,0.0056957523338496685,0.0028672764310613275,0.003781427862122655,0.001953125,True,,True,True,0.03
V2,53.0,final_sickled,291,292,73.0,0.0048235392799445736,,0.006153956521302462,0.002960955142043531,0.002107213018462062,0.003814697265625,True,,True,True,0.03
V2,53.0,final_sickled,292,293,73.25,0.015134434991826614,,0.023288773372769356,0.003718361258506775,0.00365254282951355,0.0037841796875,True,,True,True,0.03
V2,53.0,final_sickled,293,294,73.5,0.01875225365317116,,0.025879114866256714,0.008774647954851389,0.009187479503452778,0.00836181640625,True,,True,True,0.03
V2,54.0,semi_sickled,266,267,66.75,0.005961404083791422,0.010936513543128967,0.00022706201707478613,0.006029307842254639,0.005955100059509277,0.006103515625,True,True,True,True,0.03
V2,54.0,semi_sickled,267,268,67.0,0.0101505639962852,0.0019558370113372803,0.021585235372185707,0.007253587245941162,0.007976412773132324,0.00653076171875,True,True,True,True,0.03
V2,54.0,semi_sickled,268,269,67.25,0.0186061195214279,0.042904943227767944,0.0021629033144563437,0.0027485042810440063,0.0020180046558380127,0.00347900390625,True,False,True,True,0.03
V2,54.0,semi_sickled,269,270,67.5,0.01246484398143366,0.010968714952468872,0.019956666976213455,0.004370098235085607,0.004711876157671213,0.0040283203125,True,True,True,True,0.03
V2,54.0,semi_sickled,270,271,67.75,0.04516654340550304,0.09484618902206421,0.01746479608118534,0.004461556673049927,0.0052915215492248535,0.003631591796875,False,False,True,True,0.03
V2,54.0,semi_sickled,271,272,68.0,0.010475228633731603,0.007172495126724243,0.019871028140187263,0.0026054829359054565,0.002250760793685913,0.002960205078125,True,True,True,True,0.03
V2,54.0,semi_sickled,272,273,68.25,0.021895507257431744,0.035972073674201965,0.0180897805839777,0.004701018333435059,0.005221128463745117,0.004180908203125,True,False,True,True,0.03
V2,54.0,semi_sickled,273,274,68.5,0.02977014562347904,0.07151557505130768,0.001026461715810001,0.0032186160096898675,0.002988745691254735,0.003448486328125,True,False,True,True,0.03
V2,54.0,semi_sickled,274,275,68.75,0.014163052730145865,0.0296439528465271,0.005025040358304977,0.002186829864513129,0.001596560119651258,0.002777099609375,True,True,True,True,0.03
V2,54.0,semi_sickled,275,276,69.0,0.022448520583566278,0.047479480504989624,0.006758572068065405,0.004364912630990148,0.004945645574480295,0.0037841796875,True,False,True,True,0.03
V2,54.0,semi_sickled,276,277,69.25,0.004410504970292095,0.006557896733283997,0.0037500096950680017,0.0018993715348187834,0.0008385379915125668,0.002960205078125,True,True,True,True,0.03
V2,58.0,final_sickled,281,282,70.5,0.0042522018775343895,0.003742646425962448,0.004537586122751236,0.004667952656745911,0.005032926797866821,0.004302978515625,True,True,True,True,0.03
V2,58.0,final_sickled,282,283,70.75,0.00962335830554366,0.007543250918388367,0.01578882522881031,0.004319876432418823,0.0046114325523376465,0.0040283203125,True,True,True,True,0.03
V2,58.0,final_sickled,283,284,71.0,0.010051477287197484,0.0005687437951564789,0.025268791243433952,0.003919611335732043,0.0026512343902140856,0.00518798828125,True,True,True,True,0.03
V2,58.0,final_sickled,284,285,71.25,0.008501274138689043,0.019492166116833687,0.0,0.0028176307678222656,0.0023088455200195312,0.003326416015625,True,True,True,True,0.03
V2,58.0,final_sickled,285,286,71.5,0.019196179299615323,0.014132166281342506,0.0327523797750473,0.00831991946324706,0.012397895567119122,0.004241943359375,True,True,False,True,0.03
V2,58.0,final_sickled,286,287,71.75,0.007374457776313648,0.008223162963986397,0.009203970432281494,0.003455211757682264,0.0024548571091145277,0.00445556640625,True,True,True,True,0.03
V2,60.0,final_sickled,171,172,43.0,0.0222671273018932,0.053220994770526886,0.0007937707123346627,0.0028036385774612427,0.0013348162174224854,0.0042724609375,True,False,True,True,0.03
V2,60.0,final_sickled,172,173,43.25,0.006149481714237482,0.0012807324528694153,0.012928023934364319,0.004449521424248815,0.005023310426622629,0.003875732421875,True,True,True,True,0.03
V2,60.0,final_sickled,173,174,43.5,0.00994396444875747,0.02058420330286026,0.0023170202039182186,0.0035973042249679565,0.002159208059310913,0.005035400390625,True,True,True,True,0.03
V2,60.0,final_sickled,174,175,43.75,0.023429597390349954,0.04759583622217178,0.008991637267172337,0.004976759431883693,0.0059251985512673855,0.0040283203125,True,False,True,True,0.03
V2,60.0,final_sickled,175,176,44.0,0.005947553418809548,0.0076624732464551926,0.0063218362629413605,0.0026796857127919793,0.0032536585349589586,0.002105712890625,True,True,True,True,0.03
V2,60.0,final_sickled,176,177,44.25,0.24399928627535702,0.49806511402130127,0.11320976167917252,0.02059929631650448,0.03311143442988396,0.008087158203125,False,False,False,True,0.03
V2,60.0,final_sickled,177,178,44.5,0.020719095319509506,0.01967465877532959,0.03152640163898468,0.007259964942932129,0.010064363479614258,0.00445556640625,True,True,False,True,0.03
V2,60.0,final_sickled,178,179,44.75,0.007680485246237367,0.00951838493347168,0.007926971651613712,0.004394764779135585,0.00540207838639617,0.003387451171875,True,True,True,True,0.03
V2,60.0,final_sickled,179,180,45.0,0.020695653770235366,0.045579493045806885,0.00554925762116909,0.0020864655380137265,0.001701007247902453,0.002471923828125,True,False,True,True,0.03
V2,60.0,final_sickled,180,181,45.25,0.01671869968995452,0.017921939492225647,0.023919569328427315,0.004712298512458801,0.0059455931186676025,0.00347900390625,True,True,True,True,0.03
V2,60.0,final_sickled,181,182,45.5,0.19509849585592748,0.3969499170780182,0.09125006943941116,0.01752401888370514,0.02622845768928528,0.008819580078125,False,False,False,True,0.03
V2,60.0,final_sickled,182,183,45.75,0.06281098499894142,0.015968170017004013,0.15582357347011566,0.007541865110397339,0.010292470455169678,0.004791259765625,False,True,False,True,0.03
V2,60.0,final_sickled,183,184,46.0,0.013337472197599709,0.0278356671333313,0.004559600260108709,0.002429381012916565,0.00253942608833313,0.0023193359375,True,True,True,True,0.03
V2,60.0,final_sickled,184,185,46.25,0.005282957767485641,0.00916958600282669,0.003597871633246541,0.0014234731788747013,0.0012905498733744025,0.001556396484375,True,True,True,True,0.03
V2,60.0,final_sickled,185,186,46.5,0.0026005667488789184,0.003438446670770645,0.002528602024540305,0.001360709487926215,0.0011650224914774299,0.001556396484375,True,True,True,True,0.03
V2,60.0,final_sickled,186,187,46.75,0.001982428632618394,0.004071563482284546,0.0,0.0014152129588183016,0.0009078184957616031,0.001922607421875,True,True,True,True,0.03
V2,60.0,final_sickled,187,188,47.0,0.00534561998792924,0.009035184979438782,0.0029790792614221573,0.0027554730186238885,0.003771444084122777,0.001739501953125,True,True,True,True,0.03
V2,60.0,final_sickled,188,189,47.25,0.004430808880715631,0.007075244560837746,0.0033511959481984377,0.001711169898044318,0.001621802686713636,0.001800537109375,True,True,True,True,0.03
V2,61.0,final_sickled,197,198,49.5,0.0030825653462670743,0.002133317291736603,0.0038877197075635195,0.0034741461277008057,0.0027673840522766113,0.004180908203125,True,True,True,True,0.03
V2,61.0,final_sickled,198,199,49.75,0.007703206528094597,0.014206025749444962,0.0037718992680311203,0.0028025259380228817,0.0017598370322957635,0.00384521484375,True,True,True,True,0.03
V2,61.0,final_sickled,199,200,50.0,0.021194648556411268,0.041278038173913956,0.009974438697099686,0.004769518971443176,0.0052970945835113525,0.004241943359375,True,False,True,True,0.03
V2,61.0,final_sickled,200,201,50.25,0.008527057053288444,0.012186847627162933,0.008083521388471127,0.003292342065833509,0.003532926319167018,0.0030517578125,True,True,True,True,0.03
V2,61.0,final_sickled,201,202,50.5,0.010052985465154053,0.015308476984500885,0.008894828148186207,0.0032656192779541016,0.002533435821533203,0.003997802734375,True,True,True,True,0.03
V2,61.0,final_sickled,202,203,50.75,0.008695993362925947,0.015032123774290085,0.005348824430257082,0.0032442212104797363,0.0016361474990844727,0.004852294921875,True,True,True,True,0.03
V2,62.0,final_sickled,226,227,56.75,0.029243655700702222,0.051073960959911346,0.021389147266745567,0.005311479093506932,0.0058927335776388645,0.004730224609375,True,False,True,True,0.03
V2,62.0,final_sickled,227,228,57.0,0.027179822325706482,0.04119746759533882,0.024342671036720276,0.008723601698875427,0.009817808866500854,0.00762939453125,True,False,True,True,0.03
V2,62.0,final_sickled,228,229,57.25,0.01569797097472474,0.020664546638727188,0.017820080742239952,0.004780496237799525,0.0062040588818490505,0.00335693359375,True,True,True,True,0.03
V2,62.0,final_sickled,229,230,57.5,0.011461123448680156,0.02031514048576355,0.007671454455703497,0.0026002327795140445,0.001874049543403089,0.003326416015625,True,True,True,True,0.03
V2,62.0,final_sickled,230,231,57.75,0.0017848099872935564,0.0018376931548118591,0.0013843798078596592,0.002260799170471728,0.0030567545909434557,0.00146484375,True,True,True,True,0.03
V2,62.0,final_sickled,231,232,58.0,0.008063919004052877,0.001944616436958313,0.017693789675831795,0.004372984170913696,0.0037410855293273926,0.0050048828125,True,True,True,True,0.03
V2,66.0,final_sickled,214,215,53.75,0.011383394195581785,0.02216501533985138,0.005035065580159426,0.0030204604263417423,0.0014938017120584846,0.004547119140625,True,True,True,True,0.03
V2,66.0,final_sickled,215,216,54.0,0.009463546125334687,0.010671734809875488,0.013012313283979893,0.002562170207966119,0.001828441978432238,0.0032958984375,True,True,True,True,0.03
V2,66.0,final_sickled,216,217,54.25,0.014280712965410202,0.01474495604634285,0.020258484408259392,0.005169044015929103,0.006218214984983206,0.004119873046875,True,True,True,True,0.03
V2,66.0,final_sickled,217,218,54.5,0.00825773942633532,0.011229254305362701,0.008140756748616695,0.0036670913686975837,0.0029091339092701674,0.004425048828125,True,True,True,True,0.03
V2,66.0,final_sickled,218,219,54.75,0.005027802137192339,0.00799238309264183,0.0033003066200762987,0.002702966332435608,0.002018481492996216,0.003387451171875,True,True,True,True,0.03
V2,66.0,final_sickled,219,220,55.0,0.0250884301494807,0.04850005358457565,0.013635718263685703,0.0036636292934417725,0.003115832805633545,0.00421142578125,True,False,True,True,0.03
V2,67.0,semi_sickled,211,212,53.0,0.006149262504186482,0.008452579379081726,0.0038678229320794344,0.005657970905303955,0.00658571720123291,0.004730224609375,True,True,True,True,0.03
V2,67.0,semi_sickled,212,213,53.25,0.17514193463139238,0.22382791340351105,0.22909392416477203,0.021711583249270916,0.026577463373541832,0.016845703125,False,False,False,True,0.03
V2,67.0,semi_sickled,213,214,53.5,0.06014074627310038,0.10758167505264282,0.04486827179789543,0.005616724491119385,0.0052214860916137695,0.006011962890625,False,False,False,True,0.03
V2,67.0,semi_sickled,214,215,53.75,0.031228446867316965,0.07336141169071198,0.002934323623776436,0.003427475690841675,0.0035285353660583496,0.003326416015625,False,False,True,True,0.03
V2,67.0,semi_sickled,215,216,54.0,0.024568491545505822,0.029317915439605713,0.03059973008930683,0.008525679353624582,0.010581632144749165,0.0064697265625,True,True,False,True,0.03
V2,67.0,semi_sickled,216,217,54.25,0.027271035581361503,0.036151543259620667,0.033491283655166626,0.004353875992819667,0.005625476595014334,0.003082275390625,True,False,False,True,0.03
V2,67.0,semi_sickled,217,218,54.5,0.015395511483075098,0.031028375029563904,0.006387745495885611,0.002993802190758288,0.002996881725266576,0.00299072265625,True,False,True,True,0.03
V2,67.0,semi_sickled,218,219,54.75,0.008677420392632484,0.01516704261302948,0.0060950592160224915,0.0019093304872512817,0.0014688074588775635,0.002349853515625,True,True,True,True,0.03
V2,67.0,semi_sickled,219,220,55.0,0.00905889836139977,0.011409088969230652,0.011337696574628353,0.002108275890350342,0.0010122060775756836,0.003204345703125,True,True,True,True,0.03
V2,67.0,semi_sickled,220,221,55.25,0.03654753350419924,0.05833873152732849,0.034169752150774,0.005010510561987758,0.006297876592725515,0.00372314453125,False,False,False,True,0.03
V2,67.0,semi_sickled,221,222,55.5,0.02332024996285327,0.05039772391319275,0.006844325456768274,0.0030625859508290887,0.0031954844016581774,0.0029296875,True,False,True,True,0.03
V2,67.0,semi_sickled,222,223,55.75,0.019054513424634933,0.021973922848701477,0.02531401813030243,0.00562015175819397,0.0058692097663879395,0.00537109375,True,True,True,True,0.03
V2,67.0,semi_sickled,223,224,56.0,0.021098877821350472,0.04450255632400513,0.006626276299357414,0.003914634347893298,0.0033431847114115953,0.004486083984375,True,False,True,True,0.03
V2,67.0,semi_sickled,224,225,56.25,0.01003111650061328,0.02401694655418396,0.0,0.0016973515157587826,0.0018993417033925653,0.001495361328125,True,True,True,True,0.03
V2,67.0,semi_sickled,225,226,56.5,0.007438933878438548,0.01449519395828247,0.0027106667403131723,0.0027684917440637946,0.0024547080975025892,0.003082275390625,True,True,True,True,0.03
V2,67.0,semi_sickled,226,227,56.75,0.004103381693130359,0.004184931516647339,0.00522826611995697,0.0023980637779459357,0.0024462740402668715,0.002349853515625,True,True,True,True,0.03
V2,68.0,final_sickled,194,195,48.75,0.022214147116756067,0.03103136271238327,0.025279896333813667,0.0038145532598719,0.0038754444103688,0.003753662109375,True,False,True,True,0.03
V2,68.0,final_sickled,195,196,49.0,0.019165353407151996,0.018001720309257507,0.029218843206763268,0.006952280644327402,0.008106221444904804,0.00579833984375,True,True,True,True,0.03
V2,68.0,final_sickled,196,197,49.25,0.007182304328307509,0.001664876937866211,0.014687088318169117,0.005503490567207336,0.007222801446914673,0.0037841796875,True,True,True,True,0.03
V2,68.0,final_sickled,197,198,49.5,0.01388440893497318,0.027080252766609192,0.005522504914551973,0.0044777244329452515,0.005873173475265503,0.003082275390625,True,True,True,True,0.03
V2,68.0,final_sickled,198,199,49.75,0.005499596957815811,0.007263701409101486,0.0055782548151910305,0.0025669088354334235,0.002661893842741847,0.002471923828125,True,True,True,True,0.03
V2,68.0,final_sickled,199,200,50.0,0.016684983298182486,0.016040420159697533,0.02417358011007309,0.007232248783111572,0.008818745613098145,0.005645751953125,True,True,True,True,0.03
V2,70.0,final_sickled,175,176,44.0,0.02973571107722819,0.058874234557151794,0.011208455078303814,0.009052231907844543,0.007240206003189087,0.0108642578125,True,False,True,True,0.03
V2,70.0,final_sickled,176,177,44.25,0.018000486213713883,0.025614023208618164,0.017245357856154442,0.006876006722450256,0.006275206804275513,0.007476806640625,True,True,True,True,0.03
V2,70.0,final_sickled,177,178,44.5,0.008222007163567469,0.01439448818564415,0.004653755109757185,0.0033415904035791755,0.003417799947783351,0.003265380859375,True,True,True,True,0.03
V2,70.0,final_sickled,178,179,44.75,0.005170259717851877,0.010374944657087326,0.0010292568476870656,0.0026401678333058953,0.0024116833228617907,0.00286865234375,True,True,True,True,0.03
V2,70.0,final_sickled,179,180,45.0,0.034264158969745044,0.07488129287958145,0.010623958893120289,0.002373024821281433,0.0015722215175628662,0.003173828125,False,False,True,True,0.03
V2,70.0,final_sickled,180,181,45.25,0.013764557216200048,0.011241383850574493,0.02488880418241024,0.0022276888485066593,0.0016172429313883185,0.002838134765625,True,True,True,True,0.03
V2,70.0,final_sickled,181,182,45.5,0.014670306979678572,0.019797764718532562,0.015044674277305603,0.005942260380834341,0.009107421152293682,0.002777099609375,True,True,True,True,0.03
V2,70.0,final_sickled,182,183,45.75,0.01623972503002733,0.022248148918151855,0.015153776854276657,0.008146574255079031,0.011868099682033062,0.004425048828125,True,True,True,True,0.03
V2,70.0,final_sickled,183,184,46.0,0.023365988809382544,0.05373553931713104,0.0012705324916169047,0.005708346841856837,0.0073883733712136745,0.0040283203125,True,False,True,True,0.03
V2,70.0,final_sickled,184,185,46.25,0.015879594068974257,0.03466422110795975,0.003713482990860939,0.0028567463159561157,0.0026922523975372314,0.003021240234375,True,False,True,True,0.03
V2,70.0,final_sickled,185,186,46.5,0.011852455523330719,0.025509551167488098,0.003412579884752631,0.0018169283866882324,0.0004905462265014648,0.003143310546875,True,True,True,True,0.03
V2,71.0,final_sickled,381,382,95.5,0.012841163983102888,0.016780368983745575,0.014393378980457783,0.004365334985777736,0.003939410205930471,0.004791259765625,True,True,True,True,0.03
V2,71.0,final_sickled,382,383,95.75,0.006478005673852749,0.011060193181037903,0.004713023081421852,0.0016174812917597592,0.0013428727397695184,0.00189208984375,True,True,True,True,0.03
V2,71.0,final_sickled,383,384,96.0,0.0020646062941523267,0.0010266005992889404,0.0029951632022857666,0.0024226357345469296,0.0014273027190938592,0.00341796875,True,True,True,True,0.03
V2,71.0,final_sickled,384,385,96.25,0.005978681443957612,0.006184659898281097,0.007754467893391848,0.003163014887832105,0.0034878950100392103,0.002838134765625,True,True,True,True,0.03
V2,71.0,final_sickled,385,386,96.5,0.015071466861991213,0.03256675601005554,0.0035153820645064116,0.0032575229415670037,0.0030360419768840075,0.00347900390625,True,False,True,True,0.03
V2,71.0,final_sickled,386,387,96.75,0.01086216270341538,0.012384288012981415,0.014693113975226879,0.0030634304275736213,0.0028919975738972425,0.00323486328125,True,True,True,True,0.03
V2,73.0,semi_sickled,254,255,63.75,0.029854181746486574,0.06006859242916107,0.012368406169116497,0.005991210462525487,0.006428221706300974,0.00555419921875,True,False,True,True,0.03
V2,73.0,semi_sickled,255,256,64.0,0.038166561629623175,0.06861579418182373,0.022895799949765205,0.010826855897903442,0.013291895389556885,0.00836181640625,False,False,True,True,0.03
V2,73.0,semi_sickled,256,257,64.25,0.05902692376403138,0.12518222630023956,0.020992642268538475,0.006426433799788356,0.004338463302701712,0.008514404296875,False,False,True,True,0.03
V2,73.0,semi_sickled,257,258,64.5,0.1764005497097969,0.29937559366226196,0.1518172174692154,0.014057144522666931,0.019050568342208862,0.009063720703125,False,False,False,True,0.03
V2,73.0,semi_sickled,258,259,64.75,0.23074199440889062,0.42587441205978394,0.1632428914308548,0.013028870336711407,0.018519898876547813,0.007537841796875,False,False,False,True,0.03
V2,73.0,semi_sickled,259,260,65.0,0.008842639834620058,0.015302971005439758,0.0037007287610322237,0.005704785464331508,0.006831934209913015,0.00457763671875,True,True,True,True,0.03
V2,73.0,semi_sickled,260,261,65.25,0.15884368787519634,0.2878014147281647,0.11379826813936234,0.015574912540614605,0.02272697351872921,0.0084228515625,False,False,False,True,0.03
V2,73.0,semi_sickled,261,262,65.5,0.05632751144003123,0.11371026933193207,0.02677079476416111,0.005894502159208059,0.008340517990291119,0.003448486328125,False,False,True,True,0.03
V2,73.0,semi_sickled,262,263,65.75,0.010715957847423851,0.011169105768203735,0.01446701679378748,0.004739438649266958,0.007830928079783916,0.00164794921875,True,True,True,True,0.03
V2,73.0,semi_sickled,263,264,66.0,0.01293992946157232,0.02559584379196167,0.004946295637637377,0.0038815538864582777,0.004162033554166555,0.00360107421875,True,True,True,True,0.03
V2,73.0,semi_sickled,264,265,66.25,0.036296960979234426,0.04687875509262085,0.046566933393478394,0.0049881290178745985,0.006405701395124197,0.003570556640625,False,False,False,True,0.03
V2,73.0,semi_sickled,265,266,66.5,0.010628843982703983,0.013503625988960266,0.009735082276165485,0.00728045916184783,0.01031897496432066,0.004241943359375,True,True,True,True,0.03
V2,73.0,semi_sickled,266,267,66.75,0.03299748972058296,0.05085180699825287,0.0308980792760849,0.0073697566986083984,0.010100841522216797,0.004638671875,False,False,False,True,0.03
V2,73.0,semi_sickled,267,268,67.0,0.040407458425033835,0.07634007930755615,0.025066494941711426,0.00439261388964951,0.006893137935549021,0.00189208984375,False,False,True,True,0.03
V2,73.0,semi_sickled,268,269,67.25,0.01325874556787312,0.021447762846946716,0.010901353321969509,0.0034566670656204224,0.004868656396865845,0.002044677734375,True,True,True,True,0.03
V2,73.0,semi_sickled,269,270,67.5,0.006314847862813621,0.00019669532775878906,0.015280765481293201,0.0035516072530299425,0.003929386381059885,0.003173828125,True,True,True,True,0.03
V2,73.0,semi_sickled,270,271,67.75,0.02599647605093196,0.05657690763473511,0.006478847935795784,0.004392464878037572,0.006862322334200144,0.001922607421875,True,False,True,True,0.03
V2,73.0,semi_sickled,271,272,68.0,0.04441794006852433,0.08707843720912933,0.023820659145712852,0.004997337935492396,0.005661179777234793,0.00433349609375,False,False,True,True,0.03
V2,73.0,semi_sickled,272,273,68.25,0.019658493861788882,0.025772005319595337,0.024397991597652435,0.0032415786990895867,0.0037365753669291735,0.00274658203125,True,True,True,True,0.03
V2,73.0,semi_sickled,273,274,68.5,0.019781463616527616,0.013632342219352722,0.03561227396130562,0.007456923369318247,0.009756376035511494,0.005157470703125,True,True,False,True,0.03
V2,73.0,semi_sickled,274,275,68.75,0.04642340820282698,0.07698044180870056,0.039823148399591446,0.006772518157958984,0.007838249206542969,0.005706787109375,False,False,False,True,0.03
V2,73.0,semi_sickled,275,276,69.0,0.019349281513132154,0.015080228447914124,0.03162302449345589,0.00899652624502778,0.010180552490055561,0.0078125,True,True,False,True,0.03
V2,73.0,semi_sickled,276,277,69.25,0.03624939993023873,0.050378039479255676,0.038394272327423096,0.010640755295753479,0.012339860200881958,0.008941650390625,False,False,False,True,0.03
V2,73.0,semi_sickled,277,278,69.5,0.017109657265245912,0.006608545780181885,0.037925269454717636,0.004769578576087952,0.005022555589675903,0.0045166015625,True,True,False,True,0.03
V2,73.0,semi_sickled,278,279,69.75,0.04011931553832255,0.08126819133758545,0.01931898109614849,0.003401582478545606,0.0025917391758412123,0.00421142578125,False,False,True,True,0.03
V2,73.0,semi_sickled,279,280,70.0,0.06542222234420479,0.15327510237693787,0.00810448918491602,0.005102440714836121,0.005871385335922241,0.00433349609375,False,False,True,True,0.03
V2,73.0,semi_sickled,280,281,70.25,0.02347880337620154,0.04597446322441101,0.010971534065902233,0.004995924653485417,0.006299222353845835,0.003692626953125,True,False,True,True,0.03
V2,73.0,semi_sickled,281,282,70.5,0.04828803052660078,0.0881364643573761,0.0319131501019001,0.007455368991941214,0.009600679390132427,0.00531005859375,False,False,False,True,0.03
V2,73.0,semi_sickled,282,283,70.75,0.03558024834783282,0.08609691262245178,0.00204650335945189,0.0017008284921757877,0.0018452604999765754,0.001556396484375,False,False,True,True,0.03
V2,73.0,semi_sickled,283,284,71.0,0.06419438209268265,0.15224246680736542,0.0067664203234016895,0.0037165930261835456,0.002825031755492091,0.004608154296875,False,False,True,True,0.03
V2,73.0,semi_sickled,284,285,71.25,0.005635451117996126,0.0027666091918945312,0.009337308816611767,0.005042997421696782,0.005538875702768564,0.004547119140625,True,True,True,True,0.03
V2,73.0,semi_sickled,285,286,71.5,0.018912494485266506,0.03887768089771271,0.006044408306479454,0.004983516875654459,0.007830803282558918,0.00213623046875,True,False,True,True,0.03
V2,73.0,semi_sickled,286,287,71.75,0.017008904897375034,0.036961182951927185,0.004557828884571791,0.002516766428016126,0.0024395387154072523,0.002593994140625,True,False,True,True,0.03
V2,73.0,semi_sickled,287,288,72.0,0.025010715320240705,0.04592917859554291,0.015460796654224396,0.004911060212180018,0.006343116518110037,0.00347900390625,True,False,True,True,0.03
V2,73.0,semi_sickled,288,289,72.25,0.021481589530594647,0.044543057680130005,0.007306841667741537,0.004427887499332428,0.004156067967414856,0.00469970703125,True,False,True,True,0.03
V2,73.0,semi_sickled,289,290,72.5,0.018953593168407678,0.04144534468650818,0.004301426932215691,0.0034798234701156616,0.0036637485027313232,0.0032958984375,True,False,True,True,0.03
V2,74.0,final_sickled,212,213,53.25,0.024894799251342192,0.05251637101173401,0.00882854126393795,0.003193045617081225,0.00379209709353745,0.002593994140625,True,False,True,True,0.03
V2,74.0,final_sickled,213,214,53.5,0.0421497218310833,0.06576994061470032,0.039400726556777954,0.008205965161323547,0.010461002588272095,0.005950927734375,False,False,False,True,0.03
V2,74.0,final_sickled,214,215,53.75,0.011407794390106574,0.023502454161643982,0.0036572348326444626,0.002907122136093676,0.003616978647187352,0.002197265625,True,True,True,True,0.03
V2,74.0,final_sickled,215,216,54.0,0.022600833419710396,0.03934410214424133,0.01681247167289257,0.003915309906005859,0.0036191940307617188,0.00421142578125,True,False,True,True,0.03
V2,74.0,final_sickled,216,217,54.25,0.02250738814473152,0.035922810435295105,0.019314423203468323,0.005512863397598267,0.006692230701446533,0.00433349609375,True,False,True,True,0.03
V2,74.0,final_sickled,217,218,54.5,0.009323845157632604,0.018581464886665344,0.00353838037699461,0.0026113042840734124,0.003513624193146825,0.001708984375,True,True,True,True,0.03
V2,74.0,final_sickled,218,219,54.75,0.011697216879110784,0.008849367499351501,0.02036101557314396,0.004124457715079188,0.004830946680158377,0.00341796875,True,True,True,True,0.03
V2,74.0,final_sickled,219,220,55.0,0.023428363728453406,0.05026604235172272,0.007682240102440119,0.002532651007641107,0.0019219914684072137,0.003143310546875,True,False,True,True,0.03
V2,76.0,semi_sickled,297,298,74.5,0.008527211379259825,0.01593301072716713,0.004984745755791664,0.001637384295463562,0.000711292028427124,0.0025634765625,True,True,True,True,0.03
V2,76.0,semi_sickled,298,299,74.75,0.007101873750798405,0.011734042316675186,0.004413793329149485,0.0034537166357040405,0.004679650068283081,0.002227783203125,True,True,True,True,0.03
V2,76.0,semi_sickled,299,300,75.0,0.00917936415062286,0.0077975839376449585,0.01496617216616869,0.003288681269623339,0.0032814641017466784,0.0032958984375,True,True,True,True,0.03
V2,76.0,semi_sickled,300,301,75.25,0.01771515861619264,0.03633701801300049,0.00617942726239562,0.004070207476615906,0.0043257176876068115,0.003814697265625,True,False,True,True,0.03
V2,76.0,semi_sickled,301,302,75.5,0.023760715557727963,0.04313164949417114,0.015083813108503819,0.004914884688332677,0.005374202970415354,0.00445556640625,True,False,True,True,0.03
V2,76.0,semi_sickled,302,303,75.75,0.030745883658528327,0.05685141310095787,0.019399963319301605,0.004861325025558472,0.005206048488616943,0.0045166015625,False,False,True,True,0.03
V2,76.0,semi_sickled,303,304,76.0,0.025016322592273356,0.057097259908914566,0.003192378906533122,0.004240344045683742,0.004116674419492483,0.004364013671875,True,False,True,True,0.03
V2,76.0,semi_sickled,304,305,76.25,0.009418127813842148,0.018673904240131378,0.0023489363957196474,0.004505753517150879,0.006051301956176758,0.002960205078125,True,True,True,True,0.03
V2,76.0,semi_sickled,305,306,76.5,0.0060219090897589925,0.0009166225790977478,0.01189978327602148,0.0059613436460494995,0.007894366979598999,0.0040283203125,True,True,True,True,0.03
V2,76.0,semi_sickled,306,307,76.75,0.015857790462905544,0.03507150709629059,0.002882961183786392,0.0032806048402562737,0.0027159948367625475,0.00384521484375,True,False,True,True,0.03
V2,76.0,semi_sickled,307,308,77.0,0.0029443539446219803,0.0016622208058834076,0.004355390090495348,0.0030203163623809814,0.002042829990386963,0.003997802734375,True,True,True,True,0.03
V2,76.0,semi_sickled,308,309,77.25,0.01298077384708449,0.00832768902182579,0.024811992421746254,0.0038620035629719496,0.004458626266568899,0.003265380859375,True,True,True,True,0.03
V2,77.0,final_sickled,455,456,114.0,0.014617393910884858,0.014033850282430649,0.022965431213378906,0.003863811492919922,0.005011558532714844,0.002716064453125,True,True,True,True,0.03
V2,77.0,final_sickled,456,457,114.25,0.008239340619184077,0.001989997923374176,0.016714133322238922,0.0063735791482031345,0.007833828218281269,0.004913330078125,True,True,True,True,0.03
V2,77.0,final_sickled,457,458,114.5,0.012781068170443177,0.01567167043685913,0.014880704693496227,0.005216613411903381,0.006740599870681763,0.003692626953125,True,True,True,True,0.03
V2,77.0,final_sickled,458,459,114.75,0.011099961141007952,0.025575943291187286,0.0009136376902461052,0.002199242531787604,0.0016824206104502082,0.002716064453125,True,True,True,True,0.03
V2,77.0,final_sickled,459,460,115.0,0.026247289765160532,0.04470621794462204,0.0200264360755682,0.005422199843451381,0.0069686672650277615,0.003875732421875,True,False,True,True,0.03
V2,77.0,final_sickled,460,461,115.25,0.009013066077022814,0.0197378471493721,0.0009040424483828247,0.003206049441359937,0.0036349992733448744,0.002777099609375,True,True,True,True,0.03
V2,82.0,final_sickled,170,171,42.75,0.008113427378702909,0.017212048172950745,0.0012597049353644252,0.0031508455285802484,0.0030057926196604967,0.0032958984375,True,True,True,True,0.03
V2,82.0,final_sickled,171,172,43.0,0.022337397560477257,0.03186769783496857,0.022405721247196198,0.0069932639598846436,0.008523881435394287,0.005462646484375,True,False,True,True,0.03
V2,82.0,final_sickled,172,173,43.25,0.010496325319400058,0.016555562615394592,0.00803860742598772,0.0042423506965860724,0.003601888893172145,0.0048828125,True,True,True,True,0.03
V2,82.0,final_sickled,173,174,43.5,0.006257479987107217,0.008551187813282013,0.004456710536032915,0.005108624696731567,0.005792200565338135,0.004425048828125,True,True,True,True,0.03
V2,82.0,final_sickled,174,175,43.75,0.004920620925258845,0.005112398415803909,0.004055534023791552,0.005824898602440953,0.0069500901736319065,0.00469970703125,True,True,True,True,0.03
V2,82.0,final_sickled,175,176,44.0,0.012207080679945647,0.0034437067806720734,0.026560476049780846,0.00613372540101409,0.00802550744265318,0.004241943359375,True,True,True,True,0.03
V2,84.0,semi_sickled,213,214,53.5,0.009274005156476051,0.00544564425945282,0.01673971302807331,0.0049473915714770555,0.006354744080454111,0.0035400390625,True,True,True,True,0.03
V2,84.0,semi_sickled,214,215,53.75,0.0181962983799167,0.028673410415649414,0.01589622162282467,0.004653026582673192,0.004087547305971384,0.005218505859375,True,True,True,True,0.03
V2,84.0,semi_sickled,215,216,54.0,0.012098484206944704,0.011901937425136566,0.016712432727217674,0.005953431129455566,0.006963014602661133,0.00494384765625,True,True,True,True,0.03
V2,84.0,semi_sickled,216,217,54.25,0.004575330775696784,0.004080280661582947,0.005821750964969397,0.003622422693297267,0.004650851245969534,0.002593994140625,True,True,True,True,0.03
V2,84.0,semi_sickled,217,218,54.5,0.014734631245664789,0.03407149016857147,0.0013622931437566876,0.002516930311685428,0.000944505154620856,0.00408935546875,True,False,True,True,0.03
V2,84.0,semi_sickled,218,219,54.75,0.009761394932866096,0.008067354559898376,0.01580936461687088,0.0040047019720077515,0.003950566053390503,0.004058837890625,True,True,True,True,0.03
V2,86.0,semi_sickled,201,202,50.5,0.010406834830064327,0.004726119339466095,0.020469075068831444,0.005408843280747533,0.006545225623995066,0.0042724609375,True,True,True,True,0.03
V2,86.0,semi_sickled,202,203,50.75,0.006540871883044019,0.0036687850952148438,0.011676224879920483,0.003946716547943652,0.0034073491115123034,0.004486083984375,True,True,True,True,0.03
V2,86.0,semi_sickled,203,204,51.0,0.11657547289505601,0.19408784806728363,0.09382015466690063,0.02441311813890934,0.03799249604344368,0.010833740234375,False,False,False,True,0.03
V2,86.0,semi_sickled,204,205,51.25,0.05551058428827673,0.08994080126285553,0.04873179271817207,0.009912545327097178,0.013813127763569355,0.006011962890625,False,False,False,True,0.03
V2,86.0,semi_sickled,205,206,51.5,0.013783951685763894,0.003103703260421753,0.030743204057216644,0.007129395846277475,0.00919287372380495,0.00506591796875,True,True,False,True,0.03
V2,86.0,semi_sickled,206,207,51.75,0.028789151553064586,0.0473172664642334,0.02598734013736248,0.003066703677177429,0.0027764737606048584,0.00335693359375,True,False,True,True,0.03
V2,86.0,semi_sickled,207,208,52.0,0.007198782335035503,0.011119440197944641,0.004820766393095255,0.004254952073097229,0.003138810396194458,0.00537109375,True,True,True,True,0.03
V2,86.0,semi_sickled,208,209,52.25,0.035737697035074234,0.053983017802238464,0.035408273339271545,0.0070063769817352295,0.006658017635345459,0.007354736328125,False,False,False,True,0.03
V2,86.0,semi_sickled,209,210,52.5,0.015080912970006466,0.0034855008125305176,0.03661929443478584,0.0034798383712768555,0.003175497055053711,0.0037841796875,True,True,False,True,0.03
V2,86.0,semi_sickled,210,211,52.75,0.008190552610903977,0.0017349720001220703,0.016362672671675682,0.007078513503074646,0.008755415678024292,0.005401611328125,True,True,True,True,0.03
V2,86.0,semi_sickled,211,212,53.0,0.028873456874862313,0.055840685963630676,0.012383605353534222,0.00881168246269226,0.010512769222259521,0.007110595703125,True,False,True,True,0.03
V2,86.0,semi_sickled,212,213,53.25,0.038252496893983336,0.06996099650859833,0.025020496919751167,0.006043697474524379,0.0059533617459237576,0.006134033203125,False,False,True,True,0.03
V2,86.0,semi_sickled,213,214,53.5,0.09759176820516587,0.1936737447977066,0.054052650928497314,0.0048153698444366455,0.004473268985748291,0.005157470703125,False,False,False,True,0.03
V2,86.0,semi_sickled,214,215,53.75,0.026613074872875585,0.03713922202587128,0.03053898923099041,0.004274959326721728,0.0037891764659434557,0.0047607421875,True,False,False,True,0.03
V2,86.0,semi_sickled,215,216,54.0,0.027067528176121416,0.05947121977806091,0.006763739977031946,0.0036469250917434692,0.0013734400272369385,0.00592041015625,True,False,True,True,0.03
V2,86.0,semi_sickled,216,217,54.25,0.027888112008804457,0.03176845610141754,0.04190170764923096,0.0020605275640264153,0.0025951762218028307,0.00152587890625,True,False,False,True,0.03
V2,86.0,semi_sickled,217,218,54.5,0.01879692458314821,0.01509048044681549,0.03165457770228386,0.006726520834490657,0.007135902997106314,0.006317138671875,True,True,False,True,0.03
V2,86.0,semi_sickled,218,219,54.75,0.042513413541018966,0.07444420456886292,0.03318941965699196,0.004477739334106445,0.004377841949462891,0.00457763671875,False,False,False,True,0.03
V2,86.0,semi_sickled,219,220,55.0,0.020425476867239924,0.02924668788909912,0.02200174890458584,0.004104758379980922,0.0047305128537118435,0.00347900390625,True,True,True,True,0.03
V2,86.0,semi_sickled,220,221,55.25,0.01899902885197662,0.03330241143703461,0.013420996256172657,0.003922862350009382,0.0031460176687687635,0.00469970703125,True,False,True,True,0.03
V2,86.0,semi_sickled,221,222,55.5,0.028331087797414514,0.05175301432609558,0.019124194979667664,0.003745655296370387,0.004683693405240774,0.0028076171875,True,False,True,True,0.03
V2,86.0,semi_sickled,222,223,55.75,0.31041500717401505,0.4689030647277832,0.3179280757904053,0.04631581902503967,0.06312114000320435,0.029510498046875,False,False,False,False,0.03
V2,86.0,semi_sickled,223,224,56.0,0.07828471981920303,0.14060431718826294,0.05233210697770119,0.014907022006809711,0.017271319404244423,0.012542724609375,False,False,False,True,0.03
V2,86.0,semi_sickled,224,225,56.25,0.03999894857406616,0.04401014745235443,0.054298728704452515,0.013561338186264038,0.015922725200653076,0.011199951171875,False,False,False,True,0.03
V2,86.0,semi_sickled,225,226,56.5,0.0031616989697795363,0.004799395799636841,0.0017114399233832955,0.0025717467069625854,0.002793639898300171,0.002349853515625,True,True,True,True,0.03
V2,86.0,semi_sickled,226,227,56.75,0.04609117747750133,0.031235024333000183,0.08715727180242538,0.0123684904538095,0.013537029735744,0.011199951171875,False,False,False,True,0.03
V2,86.0,semi_sickled,227,228,57.0,0.052624874535831624,0.11072531342506409,0.022035619243979454,0.0024891297216527164,0.0016518434276804328,0.003326416015625,False,False,True,True,0.03
V2,86.0,semi_sickled,228,229,57.25,0.009269446600228548,0.0055015236139297485,0.01855306886136532,0.002301052212715149,0.0016418993473052979,0.002960205078125,True,True,True,True,0.03
V2,86.0,semi_sickled,229,230,57.5,0.020339747809339313,0.04468236863613129,0.004071224480867386,0.00416748714633286,0.00445924187079072,0.003875732421875,True,False,True,True,0.03
V2,86.0,semi_sickled,230,231,57.75,0.014209875577944332,0.027158081531524658,0.008436824195086956,0.001575017988216132,0.0010443230858072639,0.002105712890625,True,True,True,True,0.03
V2,86.0,semi_sickled,231,232,58.0,0.012405631830915809,0.022113367915153503,0.008151133544743061,0.0028295516967773438,0.0022716522216796875,0.003387451171875,True,True,True,True,0.03
V2,86.0,semi_sickled,232,233,58.25,0.014102003793232142,0.009407177567481995,0.02434767223894596,0.007269789930433035,0.01057229470461607,0.00396728515625,True,True,True,True,0.03
V2,86.0,semi_sickled,233,234,58.5,0.02789842188358307,0.0496864914894104,0.018801435828208923,0.005773290991783142,0.007853955030441284,0.003692626953125,True,False,True,True,0.03
V2,87.0,semi_sickled,369,370,92.5,0.005715470568975434,0.010597757995128632,0.0016739043639972806,0.0035620033740997314,0.004621565341949463,0.00250244140625,True,True,True,True,0.03
V2,87.0,semi_sickled,370,371,92.75,0.0067563583957962695,0.01166970282793045,0.0027469901833683252,0.004508122801780701,0.005079478025436401,0.003936767578125,True,True,True,True,0.03
V2,87.0,semi_sickled,371,372,93.0,0.022540788364131002,0.03552793711423874,0.01912916637957096,0.006537621142342687,0.007215867284685373,0.005859375,True,False,True,True,0.03
V2,87.0,semi_sickled,372,373,93.25,0.020485402178019287,0.0309298038482666,0.020100632682442665,0.004313036799430847,0.004292577505111694,0.00433349609375,True,False,True,True,0.03
V2,87.0,semi_sickled,373,374,93.5,0.012552926276111976,0.01425362378358841,0.017050905153155327,0.0035346398362889886,0.003803898813202977,0.003265380859375,True,True,True,True,0.03
V2,87.0,semi_sickled,374,375,93.75,0.0055234261526493356,0.01121152937412262,0.0016468651592731476,0.0018496463890187442,0.0015325447311624885,0.002166748046875,True,True,True,True,0.03
V2,88.0,final_sickled,119,120,30.0,0.004759860871126875,0.007962305098772049,0.001652199192903936,0.0039866764564067125,0.004128138069063425,0.00384521484375,True,True,True,True,0.03
V2,88.0,final_sickled,120,121,30.25,0.017544300120789558,0.022126609459519386,0.021652380004525185,0.004461293341591954,0.0044365026988089085,0.004486083984375,True,True,True,True,0.03
V2,88.0,final_sickled,121,122,30.5,0.0034311207360588013,0.004752812907099724,0.003240321995690465,0.0015835314989089966,0.0009087622165679932,0.00225830078125,True,True,True,True,0.03
V2,88.0,final_sickled,122,123,30.75,0.0032621858204947784,0.005422849208116531,0.001766656874679029,0.001898864924442023,0.001417358755134046,0.00238037109375,True,True,True,True,0.03
V2,88.0,final_sickled,123,124,31.0,0.007787268482206854,0.010294811800122261,0.009597979485988617,0.0012402037682477385,0.000679870427120477,0.001800537109375,True,True,True,True,0.03
V2,88.0,final_sickled,124,125,31.25,0.0025966043875087054,0.001003975048661232,0.004515158478170633,0.002458835602737963,0.0028119583148509264,0.002105712890625,True,True,True,True,0.03
V2,89.0,semi_sickled,322,323,80.75,0.030844285857165234,0.0731687843799591,0.0015371758490800858,0.004155042232014239,0.0038850356359034777,0.004425048828125,False,False,True,True,0.03
V2,89.0,semi_sickled,323,324,81.0,0.0063597334548830976,0.0008016675710678101,0.014364507049322128,0.004045955836772919,0.0035753101110458374,0.0045166015625,True,True,True,True,0.03
V2,89.0,semi_sickled,324,325,81.25,0.005557219416368752,0.006342902779579163,0.005637235939502716,0.004188102902844548,0.0054465183056890965,0.0029296875,True,True,True,True,0.03
V2,89.0,semi_sickled,325,326,81.5,0.004491607591626234,0.00833369791507721,0.0015472042141482234,0.0024664278025738895,0.001759027480147779,0.003173828125,True,True,True,True,0.03
V2,89.0,semi_sickled,326,327,81.75,0.028936427645385267,0.05654086917638779,0.016069237142801285,0.0027833878993988037,0.0019657015800476074,0.00360107421875,True,False,True,True,0.03
V2,89.0,semi_sickled,327,328,82.0,0.027141980058513586,0.06421548128128052,0.0017012531170621514,0.003441395820118487,0.0036174107808619738,0.003265380859375,True,False,True,True,0.03
V2,89.0,semi_sickled,328,329,82.25,0.0668113375955727,0.15331093966960907,0.013492477126419544,0.003058378933928907,0.003644834039732814,0.002471923828125,False,False,True,True,0.03
V2,89.0,semi_sickled,329,330,82.5,0.013639429036993533,0.025799065828323364,0.006347959395498037,0.004392067668959498,0.006159623619168997,0.00262451171875,True,True,True,True,0.03
V2,89.0,semi_sickled,330,331,82.75,0.014062658272450792,0.031084701418876648,0.002335049444809556,0.003246041596867144,0.002524798037484288,0.00396728515625,True,False,True,True,0.03
V2,89.0,semi_sickled,331,332,83.0,0.01890597549499944,0.043473467230796814,0.0021605954971164465,0.0030415207147598267,0.0010476410388946533,0.005035400390625,True,False,True,True,0.03
V2,89.0,semi_sickled,332,333,83.25,0.0053662689984776074,0.004710584878921509,0.006292898673564196,0.005118082044646144,0.006299396511167288,0.003936767578125,True,True,True,True,0.03
V2,89.0,semi_sickled,333,334,83.5,0.0439981312956661,0.09784078598022461,0.010433224029839039,0.004840753972530365,0.00632457435131073,0.00335693359375,False,False,True,True,0.03
V2,89.0,semi_sickled,334,335,83.75,0.015593096351221903,0.02892725169658661,0.01003649365156889,0.0020376915781525895,0.000352238625055179,0.00372314453125,True,True,True,True,0.03
V2,89.0,semi_sickled,335,336,84.0,0.019835765613242982,0.035678327083587646,0.013190285302698612,0.003791339695453644,0.0022421032190322876,0.005340576171875,True,False,True,True,0.03
V2,89.0,semi_sickled,336,337,84.25,0.010460005892673508,0.011549755930900574,0.014635161496698856,0.0028711879858747125,0.003575627924874425,0.002166748046875,True,True,True,True,0.03
V2,89.0,semi_sickled,337,338,84.5,0.018256798019865527,0.030578523874282837,0.014528964646160603,0.0037610033759847283,0.0035547215957194567,0.00396728515625,True,False,True,True,0.03
V2,89.0,semi_sickled,338,339,84.75,0.005218803390744142,0.00914222002029419,0.003095485270023346,0.0019139821524731815,0.001295005320571363,0.002532958984375,True,True,True,True,0.03
V2,89.0,semi_sickled,339,340,85.0,0.01012772195317666,0.023612454533576965,0.00019201556278858334,0.0024621387710794806,0.0023608009796589613,0.0025634765625,True,True,True,True,0.03
V2,90.0,final_sickled,279,280,70.0,0.0028526589536340906,0.0022709444165229797,0.004045331850647926,0.0021136601571924984,0.0013891855487599969,0.002838134765625,True,True,True,True,0.03
V2,90.0,final_sickled,280,281,70.25,0.009386604954488576,0.017643015831708908,0.0052643693052232265,0.0019474774599075317,0.0007211267948150635,0.003173828125,True,True,True,True,0.03
V2,90.0,final_sickled,281,282,70.5,0.008348593694972806,0.016191747039556503,0.0037786075845360756,0.0021975288982503116,0.0017400284996256232,0.002655029296875,True,True,True,True,0.03
V2,90.0,final_sickled,282,283,70.75,0.004762702476000413,0.0069795772433280945,0.0037447307258844376,0.0026408632984384894,0.002474109409376979,0.0028076171875,True,True,True,True,0.03
V2,90.0,final_sickled,283,284,71.0,0.01608713004970923,0.02582615613937378,0.013052697293460369,0.004752894164994359,0.005874196533113718,0.003631591796875,True,True,True,True,0.03
V2,90.0,final_sickled,284,285,71.25,0.011727580445585774,0.024242497980594635,0.004227264318615198,0.002204154967330396,0.0021805267315357924,0.002227783203125,True,True,True,True,0.03
V2,93.0,final_sickled,338,339,84.75,0.02046738564968109,0.024839259684085846,0.026983723044395447,0.004349514842033386,0.0048538148403167725,0.00384521484375,True,True,True,True,0.03
V2,93.0,final_sickled,339,340,85.0,0.004937587714812253,0.005975533276796341,0.006140523124486208,0.001592765242094174,0.0009272297029383481,0.00225830078125,True,True,True,True,0.03
V2,93.0,final_sickled,340,341,85.25,0.015145440318156034,0.0033338889479637146,0.03584412857890129,0.005065758945420384,0.006408373359590769,0.00372314453125,True,True,False,True,0.03
V2,93.0,final_sickled,341,342,85.5,0.003642560512525961,0.0030670762062072754,0.004570103716105223,0.003264774917624891,0.0028674404602497816,0.003662109375,True,True,True,True,0.03
V2,93.0,final_sickled,342,343,85.75,0.02449650187045336,0.0281372033059597,0.03324555978178978,0.006422698497772217,0.008023619651794434,0.00482177734375,True,True,False,True,0.03
V2,93.0,final_sickled,343,344,86.0,0.019891402137000115,0.028276540338993073,0.02101385034620762,0.004903753520920873,0.005718151573091745,0.00408935546875,True,True,True,True,0.03
V2,94.0,final_sickled,217,218,54.5,0.011180049658287318,0.004973214119672775,0.023064151406288147,0.00447324407286942,0.00415522838011384,0.004791259765625,True,True,True,True,0.03
V2,94.0,final_sickled,218,219,54.75,0.003429416537983343,0.0018875524401664734,0.0050637791864573956,0.003608291386626661,0.0023948054295033216,0.00482177734375,True,True,True,True,0.03
V2,94.0,final_sickled,219,220,55.0,0.005931627738755196,0.0066901277750730515,0.004770754370838404,0.006343250395730138,0.006033668760210276,0.00665283203125,True,True,True,True,0.03
V2,94.0,final_sickled,220,221,55.25,0.0014205943269189447,0.00014586187899112701,0.001722106826491654,0.00303804874420166,0.0026886463165283203,0.003387451171875,True,True,True,True,0.03
V2,94.0,final_sickled,221,222,55.5,0.0063823830394539975,0.011324726045131683,0.001716490020044148,0.005006884457543492,0.005405614618211985,0.004608154296875,True,True,True,True,0.03
V2,94.0,final_sickled,222,223,55.75,0.009519265394192188,0.003824252635240555,0.01856710948050022,0.0059643040876835585,0.006862690206617117,0.00506591796875,True,True,True,True,0.03
V2,95.0,final_sickled,284,285,71.25,0.06971940216608345,0.03294643759727478,0.15115486085414886,0.014546503312885761,0.018961170688271523,0.0101318359375,False,False,False,True,0.03
V2,95.0,final_sickled,285,286,71.5,0.030298346537165347,0.05231936275959015,0.021658873185515404,0.0071599832735955715,0.008399556390941143,0.00592041015625,False,False,True,True,0.03
V2,95.0,final_sickled,286,287,71.75,0.07508165454491973,0.1545100212097168,0.028396280482411385,0.013355791568756104,0.017678380012512207,0.009033203125,False,False,True,True,0.03
V2,95.0,final_sickled,287,288,72.0,0.07249908596277237,0.14941786229610443,0.029603928327560425,0.009482264518737793,0.010633230209350586,0.008331298828125,False,False,True,True,0.03
V2,95.0,final_sickled,288,289,72.25,0.020536952116526664,0.018636420369148254,0.03148176893591881,0.008255059365183115,0.01223765779286623,0.0042724609375,True,True,False,True,0.03
V2,95.0,final_sickled,289,290,72.5,0.07451707877917216,0.13524895906448364,0.055153582245111465,0.004454965470358729,0.004759540315717459,0.004150390625,False,False,False,True,0.03
V2,95.0,final_sickled,290,291,72.75,0.11659841707441956,0.16465416550636292,0.1380656361579895,0.009655112866312265,0.01247428823262453,0.0068359375,False,False,False,True,0.03
V2,95.0,final_sickled,291,292,73.0,0.02731440680800006,0.05842393636703491,0.007711047772318125,0.004983862163498998,0.006122509483247995,0.00384521484375,True,False,True,True,0.03
V2,95.0,final_sickled,292,293,73.25,0.018322544416878372,0.029869355261325836,0.014996056444942951,0.00450473022647202,0.00540838623419404,0.00360107421875,True,True,True,True,0.03
V2,95.0,final_sickled,293,294,73.5,0.022832894697785378,0.03493759036064148,0.020027972757816315,0.007392272353172302,0.010115355253219604,0.004669189453125,True,False,True,True,0.03
V2,95.0,final_sickled,294,295,73.75,0.012793377926573157,0.01586645096540451,0.015237768180668354,0.004454314708709717,0.004575133323669434,0.00433349609375,True,True,True,True,0.03
V2,95.0,final_sickled,295,296,74.0,0.025900836050277577,0.0457717701792717,0.01920856535434723,0.003476520418189466,0.003199378727003932,0.003753662109375,True,False,True,True,0.03
V2,95.0,final_sickled,296,297,74.25,0.02056365432217717,0.033859267830848694,0.01639043353497982,0.005133181810379028,0.005658209323883057,0.004608154296875,True,False,True,True,0.03
V2,97.0,final_sickled,292,293,73.25,0.012720561464084313,0.023685425519943237,0.006769461091607809,0.003508319496177137,0.003507117507979274,0.003509521484375,True,True,True,True,0.03
V2,97.0,final_sickled,293,294,73.5,0.017152834963053462,0.018993690609931946,0.023057589307427406,0.0059408098459243774,0.007548123598098755,0.00433349609375,True,True,True,True,0.03
V2,97.0,final_sickled,294,295,73.75,0.02016109329415485,0.03487110137939453,0.013331234455108643,0.006186882732436061,0.005843003746122122,0.00653076171875,True,False,True,True,0.03
V2,97.0,final_sickled,295,296,74.0,0.059162572209606884,0.1395663022994995,0.007611808832734823,0.0026876727933995426,0.0011028846492990851,0.0042724609375,False,False,True,True,0.03
V2,97.0,final_sickled,296,297,74.25,0.0072829452226869755,0.008235856890678406,0.007722150534391403,0.005143399117514491,0.003908624406903982,0.006378173828125,True,True,True,True,0.03
V2,97.0,final_sickled,297,298,74.5,0.035902890737634155,0.06731314957141876,0.022825585678219795,0.003954703686758876,0.004094710107892752,0.003814697265625,False,False,True,True,0.03
V2,97.0,final_sickled,298,299,74.75,0.019250619295053183,0.021246090531349182,0.02379104308784008,0.009701272007077932,0.009057085029780865,0.010345458984375,True,True,True,True,0.03
V2,97.0,final_sickled,299,300,75.0,0.018697602581232785,0.016739502549171448,0.029645169153809547,0.006503969430923462,0.005531132221221924,0.007476806640625,True,True,True,True,0.03
V2,97.0,final_sickled,300,301,75.25,0.015170259412843733,0.014572516083717346,0.022195206955075264,0.006291722180321813,0.007456491235643625,0.005126953125,True,True,True,True,0.03
V2,97.0,final_sickled,301,302,75.5,0.021126423694659023,0.0380939245223999,0.012467321008443832,0.006101166130974889,0.003962586168199778,0.00823974609375,True,False,True,True,0.03
V2,97.0,final_sickled,302,303,75.75,0.012044715136289597,0.00019559264183044434,0.028145238757133484,0.008462578058242798,0.012103378772735596,0.00482177734375,True,True,True,True,0.03
V2,97.0,final_sickled,303,304,76.0,0.05665428639622405,0.11306121945381165,0.02770998515188694,0.006925215246155858,0.006983975414186716,0.006866455078125,False,False,True,True,0.03
V2,97.0,final_sickled,304,305,76.25,0.058040218747919425,0.10819840431213379,0.03876784071326256,0.004768451093696058,0.0022432010155171156,0.007293701171875,False,False,False,True,0.03
V2,97.0,final_sickled,305,306,76.5,0.00848716489272192,0.012503504753112793,0.006400879472494125,0.0049818207044154406,0.004714617971330881,0.0052490234375,True,True,True,True,0.03
V2,97.0,final_sickled,306,307,76.75,0.011961825215257703,0.021402448415756226,0.005338709335774183,0.0061291903257369995,0.005758136510848999,0.006500244140625,True,True,True,True,0.03
V2,97.0,final_sickled,307,308,77.0,0.015553816675674171,0.035226449370384216,0.0,0.005852947710081935,0.00706722354516387,0.004638671875,True,False,True,True,0.03
V2,97.0,final_sickled,308,309,77.25,0.014410172356292605,0.023739859461784363,0.01164803747087717,0.0033496618270874023,0.0024573802947998047,0.004241943359375,True,True,True,True,0.03
V2,97.0,final_sickled,309,310,77.5,0.05256216085981578,0.10317198932170868,0.026674145832657814,0.007829656358808279,0.010623912326991558,0.005035400390625,False,False,True,True,0.03
V2,97.0,final_sickled,310,311,77.75,0.026982344011776148,0.0367620587348938,0.028728092089295387,0.008890753146260977,0.010670910589396954,0.007110595703125,True,False,True,True,0.03
V2,97.0,final_sickled,311,312,78.0,0.01694348435848951,0.002318456768989563,0.040059734135866165,0.007980778813362122,0.009430795907974243,0.00653076171875,True,True,False,True,0.03
V2,97.0,final_sickled,312,313,78.25,0.02584330663084984,0.0414239764213562,0.022307679057121277,0.0058641135692596436,0.005838334560394287,0.005889892578125,True,False,True,True,0.03
V2,97.0,final_sickled,313,314,78.5,0.03936040896223858,0.07856142520904541,0.01790498197078705,0.006676380755379796,0.006120095495134592,0.007232666015625,False,False,True,True,0.03
V2,97.0,final_sickled,314,315,78.75,0.011178403079975398,0.020282521843910217,0.00523124635219574,0.004937832476571202,0.0042299130000174046,0.005645751953125,True,True,True,True,0.03
V2,97.0,final_sickled,315,316,79.0,0.013747610955033452,0.022847026586532593,0.00882312748581171,0.006082822801545262,0.005909542087465525,0.006256103515625,True,True,True,True,0.03
V2,97.0,final_sickled,316,317,79.25,0.04262038415763527,0.05929596722126007,0.04694557189941406,0.009884188417345285,0.01012482214719057,0.0096435546875,False,False,False,True,0.03
V2,97.0,final_sickled,317,318,79.5,0.023488612263463438,0.025425821542739868,0.03223542869091034,0.008143534418195486,0.010977010242640972,0.00531005859375,True,True,False,True,0.03
V2,97.0,final_sickled,318,319,79.75,0.020342080731643362,0.04314887523651123,0.006604132708162069,0.0030843367567285895,0.003391573904082179,0.002777099609375,True,False,True,True,0.03
V2,97.0,final_sickled,319,320,80.0,0.00572353039169684,0.0038584619760513306,0.009288127534091473,0.0037172038573771715,0.003955403808504343,0.00347900390625,True,True,True,True,0.03
V2,97.0,final_sickled,320,321,80.25,0.0297298236459028,0.06973639130592346,0.0024295502807945013,0.003939698101021349,0.003332277061417699,0.004547119140625,True,False,True,True,0.03
V2,97.0,final_sickled,321,322,80.5,0.004257674876134843,0.0022295862436294556,0.006833082530647516,0.003897045971825719,0.004315088037401438,0.00347900390625,True,True,True,True,0.03
V2,97.0,final_sickled,322,323,80.75,0.008338994602672756,0.014316558837890625,0.005041094962507486,0.003391951322555542,0.001779019832611084,0.0050048828125,True,True,True,True,0.03
V2,98.0,semi_sickled,373,374,93.5,0.01873945937259123,0.04247753322124481,0.0028399156872183084,0.003017902374267578,0.0020685195922851562,0.00396728515625,True,False,True,True,0.03
V2,98.0,semi_sickled,374,375,93.75,0.008155973884277046,0.013892702758312225,0.004284775350242853,0.004396885633468628,0.003148019313812256,0.005645751953125,True,True,True,True,0.03
V2,98.0,semi_sickled,375,376,94.0,0.029674533329671248,0.07075011730194092,0.0015310292365029454,0.003354504704475403,0.0026501715183258057,0.004058837890625,True,False,True,True,0.03
V2,98.0,semi_sickled,376,377,94.25,0.025118057779036463,0.05785413086414337,0.0026013485621660948,0.004263733746483922,0.005353639367967844,0.003173828125,True,False,True,True,0.03
V2,98.0,semi_sickled,377,378,94.5,0.007520077482331544,0.0031384900212287903,0.014229707419872284,0.005137135507538915,0.006337503436952829,0.003936767578125,True,True,True,True,0.03
V2,98.0,semi_sickled,378,379,94.75,0.027104331433656627,0.06458406895399094,0.0008754925220273435,0.003857125877402723,0.0032586853485554457,0.00445556640625,True,False,True,True,0.03
V2,101.0,semi_sickled,327,328,82.0,0.029695288476068525,0.05644160509109497,0.016662316396832466,0.0051473428029567,0.005320320371538401,0.004974365234375,True,False,True,True,0.03
V2,101.0,semi_sickled,328,329,82.25,0.16298321783542633,0.23738235235214233,0.18785671889781952,0.009121701121330261,0.011987298727035522,0.006256103515625,False,False,False,True,0.03
V2,101.0,semi_sickled,329,330,82.5,0.009505441738292575,0.006300434470176697,0.010928191244602203,0.0126416040584445,0.016127934679389,0.0091552734375,True,True,True,True,0.03
V2,101.0,semi_sickled,330,331,82.75,0.018601015699096023,0.01947595179080963,0.026520023122429848,0.006114507559686899,0.007956554181873798,0.0042724609375,True,True,True,True,0.03
V2,101.0,semi_sickled,331,332,83.0,0.0019199283211492001,0.0009623616933822632,0.0013054768787696958,0.004312266944907606,0.0035891334991902113,0.005035400390625,True,True,True,True,0.03
V2,101.0,semi_sickled,332,333,83.25,0.01997856398811564,0.037862181663513184,0.010301369242370129,0.00491284835152328,0.00649928068742156,0.003326416015625,True,False,True,True,0.03
V2,101.0,semi_sickled,333,334,83.5,0.0078112931340001525,0.011300906538963318,0.006594616454094648,0.003931259037926793,0.005604217294603586,0.00225830078125,True,True,True,True,0.03
V2,101.0,semi_sickled,334,335,83.75,0.0032338688673917205,0.006284549832344055,0.0,0.0028801957378163934,0.0025560457725077868,0.003204345703125,True,True,True,True,0.03
V2,104.0,semi_sickled,434,435,108.75,0.03789249628316611,0.0750286728143692,0.01704542525112629,0.007660513278096914,0.009675274603068829,0.005645751953125,False,False,True,True,0.03
V2,104.0,semi_sickled,435,436,109.0,0.026236172445351258,0.05509138107299805,0.007667075842618942,0.0060645738849416375,0.003797848941758275,0.008331298828125,True,False,True,True,0.03
V2,104.0,semi_sickled,436,437,109.25,0.04954490790842101,0.09656868875026703,0.02807425893843174,0.004365767119452357,0.004092862363904715,0.004638671875,False,False,True,True,0.03
V2,104.0,semi_sickled,437,438,109.5,0.014403936197049915,0.0056869834661483765,0.029278209432959557,0.007527078036218882,0.009438921697437763,0.005615234375,True,True,True,True,0.03
V2,104.0,semi_sickled,438,439,109.75,0.014780665189027785,0.019560441374778748,0.015678375959396362,0.005876228213310242,0.005923599004745483,0.005828857421875,True,True,True,True,0.03
V2,104.0,semi_sickled,439,440,110.0,0.0157669861917384,0.031420931220054626,0.00528671545907855,0.005393053172156215,0.006513645406812429,0.0042724609375,True,False,True,True,0.03
V2,104.0,semi_sickled,440,441,110.25,0.006521093769697473,0.01031675934791565,0.005103528965264559,0.0024326195707544684,0.002576420782133937,0.002288818359375,True,True,True,True,0.03
V2,104.0,semi_sickled,441,442,110.5,0.013475448172539473,0.00777001678943634,0.02690204419195652,0.0038069039583206177,0.004317909479141235,0.0032958984375,True,True,True,True,0.03
V2,104.0,semi_sickled,442,443,110.75,0.017617015214636923,0.03981991112232208,0.0034890761598944664,0.0018714964389801025,0.001271069049835205,0.002471923828125,True,False,True,True,0.03
V2,106.0,semi_sickled,194,195,48.75,0.006604862271342427,0.011398032307624817,0.0035443350207060575,0.0032205283641815186,0.002656877040863037,0.0037841796875,True,True,True,True,0.03
V2,106.0,semi_sickled,195,196,49.0,0.03462086274521426,0.08239942789077759,0.0012446003966033459,0.00490192580036819,0.00498207425698638,0.00482177734375,False,False,True,True,0.03
V2,106.0,semi_sickled,196,197,49.25,0.003454683598829433,0.001645803451538086,0.0055264621041715145,0.0034484019270166755,0.002471755025908351,0.004425048828125,True,True,True,True,0.03
V2,106.0,semi_sickled,197,198,49.5,0.011981518520042301,0.023943588137626648,0.0043175602331757545,0.003571748733520508,0.0023217201232910156,0.00482177734375,True,True,True,True,0.03
V2,106.0,semi_sickled,198,199,49.75,0.013986946205841379,0.026923030614852905,0.006756784860044718,0.003411437035538256,0.0033438701648265123,0.00347900390625,True,True,True,True,0.03
V2,106.0,semi_sickled,199,200,50.0,0.08692534640431404,0.15862391889095306,0.0639466717839241,0.004377774894237518,0.003933772444725037,0.00482177734375,False,False,False,True,0.03
V2,106.0,semi_sickled,200,201,50.25,0.04418742064153776,0.09542402625083923,0.014041182585060596,0.004413584945723414,0.005165060516446829,0.003662109375,False,False,True,True,0.03
V2,106.0,semi_sickled,201,202,50.5,0.023825925143319184,0.05011112987995148,0.008237599395215511,0.0035932536120526493,0.0018459310522302985,0.005340576171875,True,False,True,True,0.03
V2,106.0,semi_sickled,202,203,50.75,0.03657966192113236,0.06488938629627228,0.026522710919380188,0.005363834323361516,0.006333137396723032,0.00439453125,False,False,True,True,0.03
V2,106.0,semi_sickled,203,204,51.0,0.012111783458385615,0.023069366812705994,0.004803985822945833,0.00481056678108871,0.00412796949967742,0.0054931640625,True,True,True,True,0.03
V2,106.0,semi_sickled,204,205,51.25,0.031673078087624165,0.06422454118728638,0.014400587417185307,0.0037722240667790174,0.004462172742933035,0.003082275390625,False,False,True,True,0.03
V2,106.0,semi_sickled,205,206,51.5,0.007115903196972795,0.014519169926643372,0.0014821002259850502,0.0031580005888827145,0.001951987505890429,0.004364013671875,True,True,True,True,0.03
V2,106.0,semi_sickled,206,207,51.75,0.002276904723839834,0.0008568242192268372,0.0036263021174818277,0.002659877180121839,0.002847830532118678,0.002471923828125,True,True,True,True,0.03
V2,106.0,semi_sickled,207,208,52.0,0.0171150570968166,0.02130258083343506,0.01998285949230194,0.0064000957645475864,0.009412740357220173,0.003387451171875,True,True,True,True,0.03
V2,106.0,semi_sickled,208,209,52.25,0.01058619462128263,0.017608270049095154,0.008539772592484951,0.002215864777099341,0.0019292881479486823,0.00250244140625,True,True,True,True,0.03
V2,106.0,semi_sickled,209,210,52.5,0.015427412476856263,0.034315429627895355,0.00309452204965055,0.0024726316332817078,0.0029616206884384155,0.001983642578125,True,False,True,True,0.03
V2,106.0,semi_sickled,210,211,52.75,0.005142471659928561,0.0058175548911094666,0.006525298580527306,0.0021263808012008667,0.0023301541805267334,0.001922607421875,True,True,True,True,0.03
V2,109.0,final_sickled,263,264,66.0,0.01915608684066683,0.03969123959541321,0.004033710807561874,0.007471168879419565,0.00883882213383913,0.006103515625,True,False,True,True,0.03
V2,109.0,final_sickled,264,265,66.25,0.00808043017750606,0.015765279531478882,0.0019079158082604408,0.0044261913280934095,0.004549404140561819,0.004302978515625,True,True,True,True,0.03
V2,109.0,final_sickled,265,266,66.5,0.007761519006453455,0.012393087148666382,0.004989337641745806,0.004232063889503479,0.004802018404006958,0.003662109375,True,True,True,True,0.03
V2,109.0,final_sickled,266,267,66.75,0.012904391152551398,0.028218507766723633,0.0013177868677303195,0.004623050568625331,0.005004157777875662,0.004241943359375,True,True,True,True,0.03
V2,109.0,final_sickled,267,268,67.0,0.027387654595077037,0.05467842519283295,0.010716322809457779,0.007062286138534546,0.009089171886444092,0.005035400390625,True,False,True,True,0.03
V2,109.0,final_sickled,268,269,67.25,0.010249409452080728,0.020180538296699524,0.003702889895066619,0.0035247306805104017,0.0040282211266458035,0.003021240234375,True,True,True,True,0.03
V2,111.0,final_sickled,199,200,50.0,0.016715557023417205,0.024019841104745865,0.0165163055062294,0.005307654617354274,0.006495436187833548,0.004119873046875,True,True,True,True,0.03
V2,111.0,final_sickled,200,201,50.25,0.005616517382441089,0.008089106529951096,0.0041525051929056644,0.003709991811774671,0.002567688701674342,0.004852294921875,True,True,True,True,0.03
V2,111.0,final_sickled,201,202,50.5,0.00686498639988713,0.007088720798492432,0.007415922824293375,0.005735700367949903,0.002712855814024806,0.008758544921875,True,True,True,True,0.03
V2,111.0,final_sickled,202,203,50.75,0.00914945815457031,0.01351403072476387,0.007072828710079193,0.0050734232645481825,0.005813350435346365,0.00433349609375,True,True,True,True,0.03
V2,111.0,final_sickled,203,204,51.0,0.008810567541513593,0.006259854882955551,0.014052429236471653,0.005553101422265172,0.005521486047655344,0.005584716796875,True,True,True,True,0.03
V2,111.0,final_sickled,204,205,51.25,0.00226508307387121,0.0002589412033557892,0.0037316197995096445,0.003421758650802076,0.0033950309734791517,0.003448486328125,True,True,True,True,0.03
V2,112.0,final_sickled,143,144,36.0,0.006178734617424197,0.006762072443962097,0.007983564399182796,0.0027186324005015194,0.0017751554260030389,0.003662109375,True,True,True,True,0.03
V2,112.0,final_sickled,144,145,36.25,0.0036759939684998244,0.004105757921934128,0.003985447343438864,0.002555136918090284,0.0023331742268055677,0.002777099609375,True,True,True,True,0.03
V2,112.0,final_sickled,145,146,36.5,0.008445815171580762,0.001806400716304779,0.01854671724140644,0.004927615402266383,0.005094488617032766,0.0047607421875,True,True,True,True,0.03
V2,112.0,final_sickled,146,147,36.75,0.008700263989157974,0.0009079650044441223,0.01903381384909153,0.006700972560793161,0.009037931449711323,0.004364013671875,True,True,True,True,0.03
V2,112.0,final_sickled,147,148,37.0,0.012933506339322776,0.012092258781194687,0.019544348120689392,0.0050243239384144545,0.005165835376828909,0.0048828125,True,True,True,True,0.03
V2,112.0,final_sickled,148,149,37.25,0.0020111911988351496,0.0012143179774284363,0.0013007750967517495,0.00428077089600265,0.0046858093701303005,0.003875732421875,True,True,True,True,0.03
V2,113.0,final_sickled,359,360,90.0,0.010518890153616667,0.021185070276260376,0.004073860123753548,0.002476043999195099,0.00040496885776519775,0.004547119140625,True,True,True,True,0.03
V2,113.0,final_sickled,360,361,90.25,0.006111753592267633,0.009816482663154602,0.0036142009776085615,0.0036807607393711805,0.004462351556867361,0.002899169921875,True,True,True,True,0.03
V2,113.0,final_sickled,361,362,90.5,0.014435376320034266,0.013890877366065979,0.020243799313902855,0.007174782454967499,0.0077272504568099976,0.006622314453125,True,True,True,True,0.03
V2,113.0,final_sickled,362,363,90.75,0.011756892030825838,0.01887419819831848,0.010002960450947285,0.002824706374667585,0.00217040884308517,0.00347900390625,True,True,True,True,0.03
V2,113.0,final_sickled,363,364,91.0,0.011057775403605774,0.02072177827358246,0.005612807814031839,0.0032183254370465875,0.003690068842843175,0.00274658203125,True,True,True,True,0.03
V2,113.0,final_sickled,364,365,91.25,0.013501499738777057,0.029276445508003235,0.0029562467243522406,0.0030249407282099128,0.0025098423939198256,0.0035400390625,True,True,True,True,0.03
V2,114.0,final_sickled,268,269,67.25,0.011378238949691876,0.009003669023513794,0.019595695659518242,0.003673111437819898,0.0026770334225147963,0.004669189453125,True,True,True,True,0.03
V2,114.0,final_sickled,269,270,67.5,0.011879051104187965,0.012032810598611832,0.01655987650156021,0.005079880356788635,0.0057041943073272705,0.00445556640625,True,True,True,True,0.03
V2,114.0,final_sickled,270,271,67.75,0.02089522383757867,0.03416640684008598,0.018092865124344826,0.0035846332320943475,0.003568192245438695,0.00360107421875,True,False,True,True,0.03
V2,114.0,final_sickled,271,272,68.0,0.030847470252774657,0.03539317846298218,0.04261764883995056,0.007096087094396353,0.008302281610667706,0.005889892578125,False,False,False,True,0.03
V2,114.0,final_sickled,272,273,68.25,0.016830605000723153,0.019571460783481598,0.023094311356544495,0.0036760468501597643,0.004361371044069529,0.00299072265625,True,True,True,True,0.03
V2,114.0,final_sickled,273,274,68.5,0.010514590784441679,0.0022527873516082764,0.023944847285747528,0.004931117175146937,0.004765798803418875,0.005096435546875,True,True,True,True,0.03
V2,114.0,final_sickled,274,275,68.75,0.006501810041663703,0.013911694288253784,0.0002701176854316145,0.0033703645458444953,0.0028039615135639906,0.003936767578125,True,True,True,True,0.03
V2,114.0,final_sickled,275,276,69.0,0.013089828484226018,0.02376279979944229,0.00656624510884285,0.005146091105416417,0.004615912679582834,0.00567626953125,True,True,True,True,0.03
V2,114.0,final_sickled,276,277,69.25,0.013161174859851597,0.012695640325546265,0.019725965335965157,0.004715323448181152,0.005280256271362305,0.004150390625,True,True,True,True,0.03
V2,114.0,final_sickled,277,278,69.5,0.005561030539683998,0.0065990835428237915,0.005461505148559809,0.004039481282234192,0.005515486001968384,0.0025634765625,True,True,True,True,0.03
V2,115.0,final_sickled,122,123,30.75,0.005198289232794195,0.003546562045812607,0.007544396910816431,0.004556501982733607,0.004748990293592215,0.004364013671875,True,True,True,True,0.03
V2,115.0,final_sickled,123,124,31.0,0.01782213506521657,0.025170817971229553,0.018270937725901604,0.005435918690636754,0.005714366678148508,0.005157470703125,True,True,True,True,0.03
V2,115.0,final_sickled,124,125,31.25,0.010842894751112908,0.008473671972751617,0.01776411198079586,0.00494394707493484,0.00592060899361968,0.00396728515625,True,True,True,True,0.03
V2,115.0,final_sickled,125,126,31.5,0.010010507318656893,0.02270766720175743,0.0013030770933255553,0.0018854538211598992,0.0020008881110697985,0.00177001953125,True,True,True,True,0.03
V2,115.0,final_sickled,126,127,31.75,0.00760561692295596,0.001768592745065689,0.01645040698349476,0.0045621495228260756,0.006286164280027151,0.002838134765625,True,True,True,True,0.03
V2,115.0,final_sickled,127,128,32.0,0.008176559850107878,0.003058701753616333,0.016069330275058746,0.005315254209563136,0.006266494747251272,0.004364013671875,True,True,True,True,0.03
V2,116.0,final_sickled,353,354,88.5,0.005686109513044357,0.0061082541942596436,0.0057596564292907715,0.004907712340354919,0.004993647336959839,0.00482177734375,True,True,True,True,0.03
V2,116.0,final_sickled,354,355,88.75,0.015572514251107351,0.03293118625879288,0.0040500834584236145,0.003930042148567736,0.0030077893752604723,0.004852294921875,True,False,True,True,0.03
V2,116.0,final_sickled,355,356,89.0,0.02921627125469968,0.054828912019729614,0.017165763303637505,0.00510675716213882,0.005147596355527639,0.00506591796875,True,False,True,True,0.03
V2,116.0,final_sickled,356,357,89.25,0.028832210751716048,0.05639435350894928,0.013836129568517208,0.005727295996621251,0.004954347852617502,0.006500244140625,True,False,True,True,0.03
V2,116.0,final_sickled,357,358,89.5,0.005445019638864323,0.006575047969818115,0.004695479292422533,0.004686330794356763,0.0032081108074635267,0.00616455078125,True,True,True,True,0.03
V2,116.0,final_sickled,358,359,89.75,0.01341158280847594,0.025467928498983383,0.005550565663725138,0.00512685370631516,0.00549296522513032,0.0047607421875,True,True,True,True,0.03
V2,117.0,final_sickled,198,199,49.75,0.020907319150865078,0.03483111411333084,0.01672089472413063,0.0044902414083480835,0.003395766019821167,0.005584716796875,True,False,True,True,0.03
V2,117.0,final_sickled,199,200,50.0,0.011883924528956414,0.021865032613277435,0.006427474319934845,0.0035531818866729736,0.0013385415077209473,0.005767822265625,True,True,True,True,0.03
V2,117.0,final_sickled,200,201,50.25,0.025222345991642216,0.06006741523742676,0.0013370352098718286,0.002909670292865485,0.00176050269510597,0.004058837890625,True,False,True,True,0.03
V2,117.0,final_sickled,201,202,50.5,0.011182166275102646,0.011296786367893219,0.016220705583691597,0.0039448190946131945,0.004746327642351389,0.003143310546875,True,True,True,True,0.03
V2,117.0,final_sickled,202,203,50.75,0.024388257146347316,0.051704950630664825,0.008022144436836243,0.003594105364754796,0.004258523229509592,0.0029296875,True,False,True,True,0.03
V2,117.0,final_sickled,203,204,51.0,0.014243489608634263,0.015198085457086563,0.019539661705493927,0.005301495315507054,0.004591027740389109,0.006011962890625,True,True,True,True,0.03
V2,118.0,final_sickled,228,229,57.25,0.025151574693154547,0.056207623332738876,0.002213828032836318,0.007574742194265127,0.008710275404155254,0.006439208984375,True,False,True,True,0.03
V2,118.0,final_sickled,229,230,57.5,0.011485068767797202,0.010234259068965912,0.016115784645080566,0.0070033620577305555,0.007598032709211111,0.00640869140625,True,True,True,True,0.03
V2,118.0,final_sickled,230,231,57.75,0.012326526560354979,0.019669203087687492,0.008443858474493027,0.006013979436829686,0.005893925670534372,0.006134033203125,True,True,True,True,0.03
V2,118.0,final_sickled,231,232,58.0,0.012612449284642934,0.00764944963157177,0.02409510500729084,0.0044775307178497314,0.004468977451324463,0.004486083984375,True,True,True,True,0.03
V2,118.0,final_sickled,232,233,58.25,0.021906606189440937,0.01779695227742195,0.037905264645814896,0.0060839306097477674,0.006400038953870535,0.005767822265625,True,True,False,True,0.03
V2,118.0,final_sickled,233,234,58.5,0.012617799307918176,0.00694352388381958,0.02552986331284046,0.0036197503795847297,0.0035773913841694593,0.003662109375,True,True,True,True,0.03
V2,119.0,final_sickled,279,280,70.0,0.01994676896138117,0.04122941195964813,0.005442481953650713,0.006200541974976659,0.007243613246828318,0.005157470703125,True,False,True,True,0.03
V2,119.0,final_sickled,280,281,70.25,0.0037825447895253697,,0.004590158816426992,0.002651885151863098,0.0024656355381011963,0.002838134765625,True,,True,True,0.03
V2,119.0,final_sickled,281,282,70.5,0.005764291243394837,,0.008176622912287712,0.0023870269069448113,0.0022105772513896227,0.0025634765625,True,,True,True,0.03
V2,119.0,final_sickled,282,283,70.75,0.003045050159562379,0.006111212074756622,0.000262885179836303,0.0020342220668680966,0.0012913445243611932,0.002777099609375,True,True,True,True,0.03
V2,119.0,final_sickled,283,284,71.0,0.014813597791362553,0.020716819912195206,0.014747519046068192,0.005460952641442418,0.006466338876634836,0.00445556640625,True,True,True,True,0.03
V2,119.0,final_sickled,284,285,71.25,0.008036108629312366,0.010119941085577011,0.008233225904405117,0.004426012514159083,0.004182835575193167,0.004669189453125,True,True,True,True,0.03
V2,120.0,final_sickled,216,217,54.25,0.018611792201409117,0.03315227851271629,0.011611479334533215,0.005147452116943896,0.0037946600932627916,0.006500244140625,True,False,True,True,0.03
V2,120.0,final_sickled,217,218,54.5,0.01425546882674098,0.013515442609786987,0.021177420392632484,0.005748778581619263,0.005912840366363525,0.005584716796875,True,True,True,True,0.03
V2,120.0,final_sickled,218,219,54.75,0.012048596155364067,0.006083093583583832,0.023376205936074257,0.005734746577218175,0.00738013768568635,0.00408935546875,True,True,True,True,0.03
V2,120.0,final_sickled,219,220,55.0,0.01443917165743187,0.020102515816688538,0.015536792576313019,0.0038411517161875963,0.004294852260500193,0.003387451171875,True,True,True,True,0.03
V2,120.0,final_sickled,220,221,55.25,0.01512911702739075,0.02478838339447975,0.010850287973880768,0.0056646515149623156,0.004768023733049631,0.006561279296875,True,True,True,True,0.03
V2,120.0,final_sickled,221,222,55.5,0.015386052429676056,0.017689548432826996,0.021593093872070312,0.0030106008052825928,0.0021759867668151855,0.00384521484375,True,True,True,True,0.03
V2,122.0,semi_sickled,260,261,65.25,0.006434099865145981,0.009974576532840729,0.00540764769539237,0.002206370234489441,0.002947896718978882,0.00146484375,True,True,True,True,0.03
V2,122.0,semi_sickled,261,262,65.5,0.013386284979060293,0.019222930073738098,0.013410343788564205,0.004013970494270325,0.005220323801040649,0.0028076171875,True,True,True,True,0.03
V2,122.0,semi_sickled,262,263,65.75,0.002829474862664938,0.0009711086750030518,0.003269510343670845,0.005186811089515686,0.005338221788406372,0.005035400390625,True,True,True,True,0.03
V2,122.0,semi_sickled,263,264,66.0,0.01615353315137327,0.03420928865671158,0.003779799910262227,0.004587550880387425,0.005421439651399851,0.003753662109375,True,False,True,True,0.03
V2,122.0,semi_sickled,264,265,66.25,0.037514321971684694,0.07362145185470581,0.01821892522275448,0.0067564696073532104,0.009270995855331421,0.004241943359375,False,False,True,True,0.03
V2,122.0,semi_sickled,265,266,66.5,0.006146804569289089,0.011826783418655396,0.00255532655864954,0.0020869076251983643,0.0007253289222717285,0.003448486328125,True,True,True,True,0.03
V2,122.0,semi_sickled,266,267,66.75,0.0035112554440274836,0.006818726658821106,0.00021367473527789116,0.0028359144926071167,0.0027116239070892334,0.002960205078125,True,True,True,True,0.03
V2,122.0,semi_sickled,267,268,67.0,0.006183736340608448,0.010035678744316101,0.0036470622289925814,0.0035719722509384155,0.002230614423751831,0.004913330078125,True,True,True,True,0.03
V2,122.0,semi_sickled,268,269,67.25,0.016856558990548366,0.03691481053829193,0.004229554440826178,0.002441162883769721,0.0016169449081644416,0.003265380859375,True,False,True,True,0.03
V2,122.0,semi_sickled,269,270,67.5,0.00566794530604966,0.008615896105766296,0.004721018020063639,0.002276922226883471,0.002326061250641942,0.002227783203125,True,True,True,True,0.03
V2,122.0,semi_sickled,270,271,67.75,0.00707853272324428,0.012043386697769165,0.004147798754274845,0.0032377939205616713,0.0047055683098733425,0.00177001953125,True,True,True,True,0.03
V2,124.0,final_sickled,101,102,25.5,0.01616139482357539,0.022605765610933304,0.017856871709227562,0.0034767339238896966,0.003260840894654393,0.003692626953125,True,True,True,True,0.03
V2,124.0,final_sickled,102,103,25.75,0.01395078223431483,0.019392210990190506,0.014637011103332043,0.004283775808289647,0.005302170757204294,0.003265380859375,True,True,True,True,0.03
V2,124.0,final_sickled,103,104,26.0,0.006715957488631829,0.013091310858726501,0.0019687730818986893,0.003161450265906751,0.0036983888130635023,0.00262451171875,True,True,True,True,0.03
V2,124.0,final_sickled,104,105,26.25,0.013910548720741645,0.01795448362827301,0.01694418303668499,0.0031931648263707757,0.0035787124652415514,0.0028076171875,True,True,True,True,0.03
V2,124.0,final_sickled,105,106,26.5,0.017475960496813058,0.013950962573289871,0.029768509790301323,0.005906388163566589,0.007753938436508179,0.004058837890625,True,True,True,True,0.03
V2,124.0,final_sickled,106,107,26.75,0.005620480381185188,0.0070661865174770355,0.006409335881471634,0.0022029528627172112,0.0022086401004344225,0.002197265625,True,True,True,True,0.03
V2,127.0,final_sickled,184,185,46.25,0.024872690974734723,0.04184189438819885,0.016636908054351807,0.009252061601728201,0.012309054844081402,0.006195068359375,True,False,True,True,0.03
V2,127.0,final_sickled,185,186,46.5,0.010104514029808342,0.01873159408569336,0.004723095800727606,0.0038351714611053467,0.0033368468284606934,0.00433349609375,True,True,True,True,0.03
V2,127.0,final_sickled,186,187,46.75,0.012834939756430686,0.02628907561302185,0.004821333568543196,0.002527371048927307,0.0018503963947296143,0.003204345703125,True,True,True,True,0.03
V2,127.0,final_sickled,187,188,47.0,0.05099472492584027,0.10569699108600616,0.022413821890950203,0.0034843633184209466,0.002604712964966893,0.004364013671875,False,False,True,True,0.03
V2,127.0,final_sickled,188,189,47.25,0.0260279559326591,0.054985105991363525,0.009556562639772892,0.0027564664487726986,0.0014540950069203973,0.004058837890625,True,False,True,True,0.03
V2,127.0,final_sickled,189,190,47.5,0.009934353618882596,0.016474202275276184,0.004758239723742008,0.00671715522184968,0.00815476942807436,0.005279541015625,True,True,True,True,0.03
V2,127.0,final_sickled,190,191,47.75,0.01754653674433939,0.03725261986255646,0.005178085993975401,0.003332634805701673,0.002972642658278346,0.003692626953125,True,False,True,True,0.03
V2,127.0,final_sickled,191,192,48.0,0.033918594010174274,0.07503415644168854,0.007741164416074753,0.004782095551490784,0.004498273134231567,0.00506591796875,False,False,True,True,0.03
V2,127.0,final_sickled,192,193,48.25,0.024798116087913512,0.0026008188724517822,0.06273414194583893,0.007203355431556702,0.004824191331863403,0.00958251953125,True,True,False,True,0.03
V2,127.0,final_sickled,193,194,48.5,0.05723272731993347,0.07234576344490051,0.07411295175552368,0.009419555310159922,0.008463134057819843,0.0103759765625,False,False,False,True,0.03
V2,127.0,final_sickled,194,195,48.75,0.02402984215295874,0.030595123767852783,0.03138703852891922,0.003225316642783582,0.0029105942230671644,0.0035400390625,True,False,False,True,0.03
V2,127.0,final_sickled,195,196,49.0,0.02378318755654618,0.03522692620754242,0.023282816633582115,0.006173725007101893,0.006732215639203787,0.005615234375,True,False,True,True,0.03
V2,127.0,final_sickled,196,197,49.25,0.010251156124286353,0.007637590169906616,0.016456974670290947,0.005744715686887503,0.008590261451900005,0.002899169921875,True,True,True,True,0.03
V2,127.0,final_sickled,197,198,49.5,0.014087868481874466,0.012980341911315918,0.02133283019065857,0.005716964602470398,0.007466644048690796,0.00396728515625,True,True,True,True,0.03
V2,127.0,final_sickled,198,199,49.75,0.05834421877516434,0.06084100902080536,0.09156004339456558,0.007847199914976954,0.004555483814328909,0.011138916015625,False,False,False,True,0.03
V2,127.0,final_sickled,199,200,50.0,0.11708675859845244,0.20054185390472412,0.10137025266885757,0.005561714409850538,0.0030667881947010756,0.008056640625,False,False,False,True,0.03
V2,127.0,final_sickled,200,201,50.25,0.01769661938014906,0.023099958896636963,0.021891308948397636,0.0031787107582204044,0.0019323726883158088,0.004425048828125,True,True,True,True,0.03
V2,127.0,final_sickled,201,202,50.5,0.005625697947107256,0.007311493158340454,0.005275790113955736,0.0034182965755462646,0.0025946497917175293,0.004241943359375,True,True,True,True,0.03
V2,127.0,final_sickled,202,203,50.75,0.036854494642466304,0.07356144487857819,0.02012966014444828,0.0015381425619125366,0.0013367831707000732,0.001739501953125,False,False,True,True,0.03
V2,127.0,final_sickled,203,204,51.0,0.048067255817295526,0.0942240059375763,0.027891650795936584,0.0024623026547487825,0.000713179528247565,0.00421142578125,False,False,True,True,0.03
V2,127.0,final_sickled,204,205,51.25,0.03370522763580084,0.05005867779254913,0.03639546409249306,0.0037733763456344604,0.004708617925643921,0.002838134765625,False,False,False,True,0.03
V2,127.0,final_sickled,205,206,51.5,0.02901171396661084,0.059245139360427856,0.013758823275566101,0.001992280303966254,0.001024355529807508,0.002960205078125,True,False,True,True,0.03
V2,127.0,final_sickled,206,207,51.75,0.014011854538694024,0.030674442648887634,0.0026543689891695976,0.003252193331718445,0.0030864179134368896,0.00341796875,True,False,True,True,0.03
V2,127.0,final_sickled,207,208,52.0,0.012882617395371198,0.007830128073692322,0.02489458955824375,0.004149839282035828,0.0022877156734466553,0.006011962890625,True,True,True,True,0.03
V2,127.0,final_sickled,208,209,52.25,0.04748977147974074,0.10270430147647858,0.013692784123122692,0.006462305784225464,0.007523000240325928,0.005401611328125,False,False,True,True,0.03
V2,127.0,final_sickled,209,210,52.5,0.0062307789456099265,0.0031750500202178955,0.010342859663069248,0.005363032221794128,0.007369130849838257,0.00335693359375,True,True,True,True,0.03
V2,127.0,final_sickled,210,211,52.75,0.02041282881400548,0.024638846516609192,0.0278985146433115,0.003171240328811109,0.003595898626372218,0.00274658203125,True,True,True,True,0.03
V2,127.0,final_sickled,211,212,53.0,0.058061453461414204,0.12384746968746185,0.02192242443561554,0.003398468135856092,0.002921203849837184,0.003875732421875,False,False,True,True,0.03
V2,127.0,final_sickled,212,213,53.25,0.05951434232993051,0.11213360726833344,0.03881723806262016,0.004299464402720332,0.004784231539815664,0.003814697265625,False,False,False,True,0.03
V2,127.0,final_sickled,213,214,53.5,0.025689798151142897,0.05269651114940643,0.00902322493493557,0.00581225985661149,0.00787085760384798,0.003753662109375,True,False,True,True,0.03
V2,127.0,final_sickled,214,215,53.75,0.004111800488317385,0.005919277667999268,0.0029862576629966497,0.0027955969562754035,0.002722541568800807,0.00286865234375,True,True,True,True,0.03
V2,127.0,final_sickled,215,216,54.0,0.008182144805323333,0.011110961437225342,0.007367365062236786,0.004636729834601283,0.004726340528577566,0.004547119140625,True,True,True,True,0.03
V2,127.0,final_sickled,216,217,54.25,0.0068873467593221,0.01475369930267334,0.0016354769468307495,0.0016538004274480045,0.001201887964271009,0.002105712890625,True,True,True,True,0.03
V2,127.0,final_sickled,217,218,54.5,0.009732241422170773,0.022342726588249207,0.0,0.003180603147484362,0.0028211672324687243,0.0035400390625,True,True,True,True,0.03
V2,127.0,final_sickled,218,219,54.75,0.04071964892791584,0.05265502631664276,0.05186806619167328,0.006015260936692357,0.007300297264009714,0.004730224609375,False,False,False,True,0.03
V2,127.0,final_sickled,219,220,55.0,0.03328537988709286,0.07100580632686615,0.009692326188087463,0.005962972762063146,0.006646404508501291,0.005279541015625,False,False,True,True,0.03
V2,127.0,final_sickled,220,221,55.25,0.024933155439794064,0.02036254107952118,0.04535200074315071,0.003659754991531372,0.003779470920562744,0.0035400390625,True,True,False,True,0.03
V2,127.0,final_sickled,221,222,55.5,0.008977066713850946,0.018378764390945435,0.0029253980610519648,0.002406686544418335,0.00209730863571167,0.002716064453125,True,True,True,True,0.03
V2,127.0,final_sickled,222,223,55.75,0.019964947176049463,0.04427826404571533,0.004644432570785284,0.002512360631953925,0.0016983052482828498,0.003326416015625,True,False,True,True,0.03
V2,127.0,final_sickled,223,224,56.0,0.03913255650550127,0.08544889092445374,0.01181025430560112,0.0032776445150375366,0.0027711093425750732,0.0037841796875,False,False,True,True,0.03
V2,127.0,final_sickled,224,225,56.25,0.06549790082499385,0.13948273658752441,0.024474168196320534,0.0045553892850875854,0.006211608648300171,0.002899169921875,False,False,True,True,0.03
V2,127.0,final_sickled,225,226,56.5,0.024101032107137144,0.03541138768196106,0.02391868829727173,0.006259744521230459,0.008674274198710918,0.00384521484375,True,False,True,True,0.03
V2,127.0,final_sickled,226,227,56.75,0.042859106051037085,0.09409642219543457,0.012719041667878628,0.0030754903564229608,0.0028550822753459215,0.0032958984375,False,False,True,True,0.03
V2,127.0,final_sickled,227,228,57.0,0.02344498993479647,0.03159038722515106,0.02807130664587021,0.003935510874725878,0.0029271740932017565,0.00494384765625,True,False,True,True,0.03
V2,127.0,final_sickled,228,229,57.25,0.012951632577460258,0.008690506219863892,0.023468857631087303,0.005045319674536586,0.005635072942823172,0.00445556640625,True,True,True,True,0.03
V2,127.0,final_sickled,229,230,57.5,0.02798115410259925,0.0415065735578537,0.029226085171103477,0.004597579478286207,0.0033052663784474134,0.005889892578125,True,False,True,True,0.03
V2,127.0,final_sickled,230,231,57.75,0.04637071668403223,0.08220720291137695,0.03447531536221504,0.005685900570824742,0.005939672235399485,0.00543212890625,False,False,False,True,0.03
V2,127.0,final_sickled,231,232,58.0,0.05664064734592103,0.1309664249420166,0.009851369075477123,0.0032243927707895637,0.0033359925728291273,0.00311279296875,False,False,True,True,0.03
V2,127.0,final_sickled,232,233,58.25,0.02541962043615058,0.03501872718334198,0.02854236401617527,0.0056892086286097765,0.007777343038469553,0.00360107421875,True,False,True,True,0.03
V2,127.0,final_sickled,233,234,58.5,0.0526056319475174,0.08392822742462158,0.05114138126373291,0.004539430141448975,0.006545901298522949,0.002532958984375,False,False,False,True,0.03
V2,127.0,final_sickled,234,235,58.75,0.009486801689490676,0.010230198502540588,0.01348793227225542,0.0026957839727401733,0.0024008452892303467,0.00299072265625,True,True,True,True,0.03
V2,127.0,final_sickled,235,236,59.0,0.029539079149253668,0.05425313115119934,0.01788931153714657,0.006306270603090525,0.00812645722180605,0.004486083984375,True,False,True,True,0.03
V2,127.0,final_sickled,236,237,59.25,0.02218724660924636,0.03338991105556488,0.023235028609633446,0.0027960886945948005,0.003059218404814601,0.002532958984375,True,False,True,True,0.03
V2,127.0,final_sickled,237,238,59.5,0.028130243584746497,0.055065661668777466,0.015542514622211456,0.0026563951978459954,0.002383102895691991,0.0029296875,True,False,True,True,0.03
V2,127.0,final_sickled,238,239,59.75,0.004035861621377989,0.0025169402360916138,0.006246584001928568,0.0033711245050653815,0.003598938463255763,0.003143310546875,True,True,True,True,0.03
V2,127.0,final_sickled,239,240,60.0,0.02167162483383436,0.04178763926029205,0.012733782641589642,0.001998980820644647,0.0010682741412892938,0.0029296875,True,False,True,True,0.03
V2,128.0,final_sickled,476,477,119.25,0.007847056636819616,0.003593660891056061,0.015410314314067364,0.004063929081894457,0.0030314226169139147,0.005096435546875,True,True,True,True,0.03
V2,128.0,final_sickled,477,478,119.5,0.006473860744154081,0.010819926857948303,0.003814203664660454,0.0032436748733744025,0.002794722793623805,0.003692626953125,True,True,True,True,0.03
V2,128.0,final_sickled,478,479,119.75,0.01459287143952679,0.02961370348930359,0.005682060029357672,0.003034676134120673,0.0016443034401163459,0.004425048828125,True,True,True,True,0.03
V2,129.0,final_sickled,292,293,73.25,0.008735530753619969,0.01746118813753128,0.0025287133175879717,0.0034640233498066664,0.004364570137113333,0.0025634765625,True,True,True,True,0.03
V2,129.0,final_sickled,293,294,73.5,0.007031466055195779,0.011232390999794006,0.004540635738521814,0.003797148587182164,0.004450986627489328,0.003143310546875,True,True,True,True,0.03
V2,129.0,final_sickled,294,295,73.75,0.025674127030652017,0.04225341975688934,0.02131642960011959,0.005248035071417689,0.006009986158460379,0.004486083984375,True,False,True,True,0.03
V2,129.0,final_sickled,295,296,74.0,0.012459941883571446,0.011062473058700562,0.01667984388768673,0.008788029197603464,0.009855111129581928,0.007720947265625,True,True,True,True,0.03
V2,129.0,final_sickled,296,297,74.25,0.01502674666699022,0.020817965269088745,0.014291759580373764,0.00678977882489562,0.00808639358729124,0.0054931640625,True,True,True,True,0.03
V2,129.0,final_sickled,297,298,74.5,0.009106903511565179,0.005576200783252716,0.016618063673377037,0.004240403650328517,0.005032320972532034,0.003448486328125,True,True,True,True,0.03
V2,130.0,semi_sickled,280,281,70.25,0.01801029939670116,0.03775452822446823,0.004204557742923498,0.005747571587562561,0.006063014268875122,0.00543212890625,True,False,True,True,0.03
V2,130.0,semi_sickled,281,282,70.5,0.003322205552831292,0.001983046531677246,0.003895796136930585,0.004661833168938756,0.004562924150377512,0.0047607421875,True,True,True,True,0.03
V2,130.0,semi_sickled,282,283,70.75,0.005414220408420078,0.009968653321266174,0.001491663628257811,0.0036187072400934994,0.0013780394801869988,0.005859375,True,True,True,True,0.03
V2,130.0,semi_sickled,283,284,71.0,0.1801612550392747,0.39782553911209106,0.052965354174375534,0.00997266173362732,0.014330089092254639,0.005615234375,False,False,False,True,0.03
V2,130.0,semi_sickled,284,285,71.25,0.025743769656401128,0.038108035922050476,0.027454683557152748,0.0035656641703099012,0.0047509572468698025,0.00238037109375,True,False,True,True,0.03
V2,130.0,semi_sickled,285,286,71.5,0.020935044936777558,0.02797284722328186,0.026622727513313293,0.0017118056712206453,0.0006465117330662906,0.002777099609375,True,True,True,True,0.03
V2,130.0,semi_sickled,286,287,71.75,0.039158802211750304,0.06752480566501617,0.030803486704826355,0.005470638396218419,0.007431755308061838,0.003509521484375,False,False,False,True,0.03
V2,130.0,semi_sickled,287,288,72.0,0.05241995542310179,0.12003044784069061,0.009489585645496845,0.004345685243606567,0.005273401737213135,0.00341796875,False,False,True,True,0.03
V2,130.0,semi_sickled,288,289,72.25,0.03304470716975629,0.039332106709480286,0.04186806455254555,0.01063216757029295,0.0168698038905859,0.00439453125,False,False,False,True,0.03
V2,130.0,semi_sickled,289,290,72.5,0.011352816491853445,0.024082884192466736,0.0026668161153793335,0.003145108697935939,0.004825373645871878,0.00146484375,True,True,True,True,0.03
V2,130.0,semi_sickled,290,291,72.75,0.008756528433877975,0.017699897289276123,0.00328612863086164,0.002105697989463806,0.0018615424633026123,0.002349853515625,True,True,True,True,0.03
V2,130.0,semi_sickled,291,292,73.0,0.04108706738043111,0.1009155809879303,0.0,0.002883339941035956,0.0018299123039469123,0.003936767578125,False,False,True,True,0.03
V2,130.0,semi_sickled,292,293,73.25,0.03551257493672893,0.06687548756599426,0.020776676014065742,0.005962173221632838,0.0071330866776406765,0.004791259765625,False,False,True,True,0.03
V2,130.0,semi_sickled,293,294,73.5,0.020411579118808733,0.04705426096916199,0.00304739479906857,0.002093146205879748,0.0021721322555094957,0.00201416015625,True,False,True,True,0.03
V2,130.0,semi_sickled,294,295,73.75,0.0021915550634730606,0.0014179646968841553,0.0030300228390842676,0.00225544476415962,0.0028019051533192396,0.001708984375,True,True,True,True,0.03
V2,130.0,semi_sickled,295,296,74.0,0.018885291129117833,0.045339375734329224,0.0,0.0029981633415445685,0.002853016136214137,0.003143310546875,True,False,True,True,0.03
V2,130.0,semi_sickled,296,297,74.25,0.024186672345967962,0.05640856921672821,0.00304739479906857,0.0022266259184107184,0.002255986211821437,0.002197265625,True,False,True,True,0.03
V2,130.0,semi_sickled,297,298,74.5,0.008070548374234932,0.01955866813659668,0.0,0.0009883244783850387,0.00032869973802007735,0.00164794921875,True,True,True,True,0.03
V2,130.0,semi_sickled,298,299,74.75,0.01801350596942939,0.03823040425777435,0.006065322086215019,0.002393926144577563,0.0039028425235301256,0.000885009765625,True,False,True,True,0.03
V2,133.0,final_sickled,408,409,102.25,0.018333317444194107,0.0188506618142128,0.027977831661701202,0.004003246547654271,0.004100243095308542,0.00390625,True,True,True,True,0.03
V2,133.0,final_sickled,409,410,102.5,0.007190053875092417,0.00923311710357666,0.006257990840822458,0.00522604095749557,0.00648479675874114,0.00396728515625,True,True,True,True,0.03
V2,133.0,final_sickled,410,411,102.75,0.02061668047681451,0.03282296657562256,0.017623228952288628,0.005277454853057861,0.005519509315490723,0.005035400390625,True,False,True,True,0.03
V2,133.0,final_sickled,411,412,103.0,0.02731290925294161,0.061673812568187714,0.003558702999725938,0.005591352703049779,0.006635586265474558,0.004547119140625,True,False,True,True,0.03
V2,133.0,final_sickled,412,413,103.25,0.01379061951301992,0.029291048645973206,0.0034465056378394365,0.0034716923255473375,0.004257837776094675,0.002685546875,True,True,True,True,0.03
V2,133.0,final_sickled,413,414,103.5,0.008503252628725023,0.017186559736728668,0.002267996082082391,0.003339320421218872,0.003413259983062744,0.003265380859375,True,True,True,True,0.03
V2,135.0,final_sickled,104,105,26.25,0.011673615942709149,0.010214392095804214,0.01702515222132206,0.006516223307698965,0.00839377474039793,0.004638671875,True,True,True,True,0.03
V2,135.0,final_sickled,105,106,26.5,0.007112190214684233,0.008622048422694206,0.008550927974283695,0.002682184218429029,0.002282093046233058,0.003082275390625,True,True,True,True,0.03
V2,135.0,final_sickled,106,107,26.75,0.005199910298688337,0.0075918640941381454,0.004155814182013273,0.0028345187893137336,0.002708832500502467,0.002960205078125,True,True,True,True,0.03
V2,135.0,final_sickled,107,108,27.0,0.012553896266035735,0.0072455983608961105,0.02178352139890194,0.00812569772824645,0.0110328895971179,0.005218505859375,True,True,True,True,0.03
V2,135.0,final_sickled,108,109,27.25,0.004896761401323602,0.009884877130389214,0.000274118734523654,0.003387475968338549,0.0032654304523020983,0.003509521484375,True,True,True,True,0.03
V2,135.0,final_sickled,109,110,27.5,0.010073667089454829,0.0038663074374198914,0.01966252364218235,0.006581043358892202,0.008126686327159405,0.005035400390625,True,True,True,True,0.03
V2,137.0,semi_sickled,291,292,73.0,0.008248227526200936,0.014678575098514557,0.00406405096873641,0.0038175185909494758,0.0036067168693989515,0.0040283203125,True,True,True,True,0.03
V2,137.0,semi_sickled,292,293,73.25,0.014299942180514336,0.026827655732631683,0.0077804699540138245,0.003382861614227295,0.00307309627532959,0.003692626953125,True,True,True,True,0.03
V2,137.0,semi_sickled,293,294,73.5,0.022829295112751426,0.036076225340366364,0.018645010888576508,0.007492204662412405,0.01022366713732481,0.0047607421875,True,False,True,True,0.03
V2,137.0,semi_sickled,294,295,73.75,0.00680386372259818,0.0009430348873138428,0.016571318730711937,0.0025067528476938605,0.002144853351637721,0.00286865234375,True,True,True,True,0.03
V2,137.0,semi_sickled,295,296,74.0,0.026080741558689623,0.044550858438014984,0.019852055236697197,0.005248715402558446,0.006347040180116892,0.004150390625,True,False,True,True,0.03
V2,137.0,semi_sickled,296,297,74.25,0.011662415630416945,0.02123177796602249,0.0065871370024979115,0.003456825972534716,0.0037093062419444323,0.003204345703125,True,True,True,True,0.03
V2,138.0,final_sickled,232,233,58.25,0.012544448534026743,0.02481488138437271,0.003510392503812909,0.005559434415772557,0.0061445035971701145,0.004974365234375,True,True,True,True,0.03
V2,138.0,final_sickled,233,234,58.5,0.006538514327257872,0.011716984212398529,0.001099033048376441,0.005868236301466823,0.004931052681058645,0.006805419921875,True,True,True,True,0.03
V2,138.0,final_sickled,234,235,58.75,0.008976967260241508,0.005777016282081604,0.014651097357273102,0.006153106689453125,0.00757598876953125,0.004730224609375,True,True,True,True,0.03
V2,138.0,final_sickled,235,236,59.0,0.010674193926388399,0.00641544908285141,0.020662512630224228,0.0035045394906774163,0.0025229949969798326,0.004486083984375,True,True,True,True,0.03
V2,138.0,final_sickled,236,237,59.25,0.008907613810151815,0.016099467873573303,0.004523174837231636,0.003538861870765686,0.003354579210281372,0.00372314453125,True,True,True,True,0.03
V2,138.0,final_sickled,237,238,59.5,0.013103596400469542,0.02660646289587021,0.00438731350004673,0.00370180606842041,0.0027649402618408203,0.004638671875,True,True,True,True,0.03
V2,140.0,final_sickled,201,202,50.5,0.008542064030189067,0.000932004302740097,0.01883048377931118,0.006314371945336461,0.005579183343797922,0.007049560546875,True,True,True,True,0.03
V2,140.0,final_sickled,202,203,50.75,0.003217245731502771,0.0013445764780044556,0.003358842572197318,0.006015280960127711,0.007178266998380423,0.004852294921875,True,True,True,True,0.03
V2,140.0,final_sickled,203,204,51.0,0.007567253767047078,0.015185590833425522,0.001523585058748722,0.003839050652459264,0.004290650133043528,0.003387451171875,True,True,True,True,0.03
V2,140.0,final_sickled,204,205,51.25,0.008248348819324748,0.01822219416499138,0.00020325265359133482,0.003553330898284912,0.004390597343444824,0.002716064453125,True,True,True,True,0.03
V2,140.0,final_sickled,205,206,51.5,0.01589929477777332,0.02361130714416504,0.012151740491390228,0.0088066509924829,0.014225850813090801,0.003387451171875,True,True,True,True,0.03
V2,140.0,final_sickled,206,207,51.75,0.010656219162046909,0.018273215740919113,0.004608589690178633,0.0069357058964669704,0.011948804371058941,0.001922607421875,True,True,True,True,0.03
V2,143.0,semi_sickled,143,144,36.0,0.00975448900135234,0.00596281886100769,0.01748719997704029,0.004995365859940648,0.005596200469881296,0.00439453125,True,True,True,True,0.03
V2,143.0,semi_sickled,144,145,36.25,0.021789696643827485,0.04735180735588074,0.006358700338751078,0.002493714331649244,0.0021187763195484877,0.00286865234375,True,False,True,True,0.03
V2,143.0,semi_sickled,145,146,36.5,0.034489324875175954,0.07150919735431671,0.014556359499692917,0.0031636804342269897,0.0026347339153289795,0.003692626953125,False,False,True,True,0.03
V2,143.0,semi_sickled,146,147,36.75,0.013687494752230123,0.029098451137542725,0.004137092735618353,0.0024005273589864373,0.0025427539367228746,0.00225830078125,True,True,True,True,0.03
V2,143.0,semi_sickled,147,148,37.0,0.00805676132440567,0.013151094317436218,0.006579399108886719,0.001974135637283325,0.0015068650245666504,0.00244140625,True,True,True,True,0.03
V2,143.0,semi_sickled,148,149,37.25,0.015776252828072757,0.027891099452972412,0.010276053100824356,0.004092777846381068,0.0059577724896371365,0.002227783203125,True,True,True,True,0.03
V2,143.0,semi_sickled,149,150,37.5,0.020079038117546587,0.03343069553375244,0.016061512753367424,0.004340921761468053,0.005416462663561106,0.003265380859375,True,False,True,True,0.03
V2,143.0,semi_sickled,150,151,37.75,0.00489168866770342,0.0035738199949264526,0.007545877248048782,0.00328441453166306,0.00431052828207612,0.00225830078125,True,True,True,True,0.03
V2,143.0,semi_sickled,151,152,38.0,0.016089176505920476,0.024833574891090393,0.015580274164676666,0.002810602367389947,0.0018065074691548944,0.003814697265625,True,True,True,True,0.03
V2,144.0,final_sickled,426,427,106.75,0.012521132777328603,0.029059194028377533,0.0006784298457205296,0.0026400188799016178,0.0014348229160532355,0.00384521484375,True,True,True,True,0.03
V2,144.0,final_sickled,427,428,107.0,0.0027767151826992627,0.0014148280024528503,0.004613589029759169,0.0023841112852096558,0.0007399022579193115,0.0040283203125,True,True,True,True,0.03
V2,144.0,final_sickled,428,429,107.25,0.00454643449629657,0.007086008787155151,0.003037156304344535,0.002596105099655688,0.0022930402774363756,0.002899169921875,True,True,True,True,0.03
V2,144.0,final_sickled,429,430,107.5,0.013286945462459697,0.01615019515156746,0.016129672527313232,0.004725928069092333,0.0036535162944346666,0.00579833984375,True,True,True,True,0.03
V2,144.0,final_sickled,430,431,107.75,0.00920272846124135,0.0011134445667266846,0.021856481209397316,0.004430328845046461,0.0022993783932179213,0.006561279296875,True,True,True,True,0.03
V2,144.0,final_sickled,431,432,108.0,0.013873239606618883,0.011473473161458969,0.023002907633781433,0.004931330680847168,0.004705190658569336,0.005157470703125,True,True,True,True,0.03
V2,145.0,semi_sickled,209,210,52.5,0.016006397450109944,0.024763435125350952,0.014630424790084362,0.003921498893760145,0.0037231247406452894,0.004119873046875,True,True,True,True,0.03
V2,145.0,semi_sickled,210,211,52.75,0.024161148187704387,0.040351055562496185,0.017801987007260323,0.007160122040659189,0.008979667909443378,0.005340576171875,True,False,True,True,0.03
V2,145.0,semi_sickled,211,212,53.0,0.03178261064458639,0.06124039739370346,0.016067510470747948,0.006651292089372873,0.008023043163120747,0.005279541015625,False,False,True,True,0.03
V2,145.0,semi_sickled,212,213,53.25,0.020527775457594544,0.044769227504730225,0.003939230926334858,0.004965414525941014,0.004315594676882029,0.005615234375,True,False,True,True,0.03
V2,145.0,semi_sickled,213,214,53.5,0.014122917153872549,0.019362762570381165,0.013760472647845745,0.006246586795896292,0.008495370857417583,0.003997802734375,True,True,True,True,0.03
V2,145.0,semi_sickled,214,215,53.75,0.016225193347781896,0.020464137196540833,0.018305258825421333,0.006530791521072388,0.008819639682769775,0.004241943359375,True,True,True,True,0.03
V2,145.0,semi_sickled,215,216,54.0,0.005971937486901878,0.0002883598208427429,0.013410325162112713,0.004651919007301331,0.003810673952102661,0.0054931640625,True,True,True,True,0.03
V2,145.0,semi_sickled,216,217,54.25,0.0333261632709764,0.07592697441577911,0.005378815811127424,0.004291151883080602,0.006049344781786203,0.002532958984375,False,False,True,True,0.03
V2,145.0,semi_sickled,217,218,54.5,0.004367077955976129,0.0018753111362457275,0.008355076424777508,0.0027707070112228394,0.0032525956630706787,0.002288818359375,True,True,True,True,0.03
V2,145.0,semi_sickled,218,219,54.75,0.013828727137297391,0.015051543712615967,0.016786227002739906,0.007731720805168152,0.010885804891586304,0.00457763671875,True,True,True,True,0.03
V2,145.0,semi_sickled,219,220,55.0,0.02076093478826806,0.027714505791664124,0.024139752611517906,0.004904876230284572,0.006239195819944143,0.003570556640625,True,True,True,True,0.03
V2,145.0,semi_sickled,220,221,55.25,0.022530246619135143,0.03771422803401947,0.01820574514567852,0.004290178418159485,0.00623050332069397,0.002349853515625,True,False,True,True,0.03
V2,145.0,semi_sickled,221,222,55.5,0.010568992706248538,0.013874650001525879,0.012971221469342709,0.0019168207654729486,0.002063621999695897,0.00177001953125,True,True,True,True,0.03
V2,145.0,semi_sickled,222,223,55.75,0.01033347609336488,0.022205069661140442,0.002113813068717718,0.0028464546194300056,0.003739784238860011,0.001953125,True,True,True,True,0.03
V2,147.0,final_sickled,327,328,82.0,0.02128508812165819,0.033824071288108826,0.01895427703857422,0.004485850571654737,0.003814230440184474,0.005157470703125,True,False,True,True,0.03
V2,147.0,final_sickled,328,329,82.25,0.012706271559000016,0.029866404831409454,0.0,0.003038838505744934,0.0015000402927398682,0.00457763671875,True,True,True,True,0.03
V2,147.0,final_sickled,329,330,82.5,0.01213958514854312,0.011594749987125397,0.01868712343275547,0.0038447678089141846,0.002593100070953369,0.005096435546875,True,True,True,True,0.03
V2,147.0,final_sickled,330,331,82.75,0.010709560028044508,0.019317157566547394,0.006973054725676775,0.0021685113897547126,0.002078721998259425,0.00225830078125,True,True,True,True,0.03
V2,147.0,final_sickled,331,332,83.0,0.12241844646632671,0.2078184336423874,0.10096708685159683,0.015810370445251465,0.02457118034362793,0.007049560546875,False,False,False,True,0.03
V2,147.0,final_sickled,332,333,83.25,0.025056402292102573,0.042384013533592224,0.019867675378918648,0.004596441984176636,0.0051645636558532715,0.0040283203125,True,False,True,True,0.03
V2,147.0,final_sickled,333,334,83.5,0.02645764845656231,0.03836366534233093,0.028642654418945312,0.004349013091996312,0.004028836730867624,0.004669189453125,True,False,True,True,0.03
V2,147.0,final_sickled,334,335,83.75,0.027721794531680645,0.05804099142551422,0.008900590240955353,0.005560765508562326,0.008344431407749653,0.002777099609375,True,False,True,True,0.03
V2,147.0,final_sickled,335,336,84.0,0.02018599466246087,0.03370048105716705,0.017829108983278275,0.0018624563817866147,0.0011614362010732293,0.0025634765625,True,False,True,True,0.03
V2,147.0,final_sickled,336,337,84.25,0.022937775298487395,0.028672397136688232,0.029532156884670258,0.004530246136710048,0.0054289004765450954,0.003631591796875,True,True,True,True,0.03
V2,147.0,final_sickled,337,338,84.5,0.03683330910280347,0.06879551708698273,0.02510358951985836,0.002115383744239807,0.0020640194416046143,0.002166748046875,False,False,True,True,0.03
V2,147.0,final_sickled,338,339,84.75,0.00478805621387437,0.006027713418006897,0.0036198850721120834,0.0044400442857295275,0.006591270212084055,0.002288818359375,True,True,True,True,0.03
V2,147.0,final_sickled,339,340,85.0,0.049189634306821974,0.11696003377437592,0.003768396330997348,0.004346728324890137,0.0048787593841552734,0.003814697265625,False,False,True,True,0.03
V2,147.0,final_sickled,340,341,85.25,0.004994591568538454,0.008401155471801758,0.003985346760600805,0.0009570320544298738,0.0007543961401097476,0.00115966796875,True,True,True,True,0.03
V2,147.0,final_sickled,341,342,85.5,0.02207990284077823,0.04977673292160034,0.0038977761287242174,0.0032199521083384752,0.0044257440604269505,0.00201416015625,True,False,True,True,0.03
V2,147.0,final_sickled,342,343,85.75,0.017435567651409654,0.024120613932609558,0.018474726006388664,0.0052846719045192,0.007639656309038401,0.0029296875,True,True,True,True,0.03
V2,147.0,final_sickled,343,344,86.0,0.010571167548187077,0.018584921956062317,0.004482990130782127,0.006272608879953623,0.009035696275532246,0.003509521484375,True,True,True,True,0.03
V2,147.0,final_sickled,344,345,86.25,0.02693869071081281,0.03948161005973816,0.027715852484107018,0.005781993269920349,0.008298605680465698,0.003265380859375,True,False,True,True,0.03
V2,147.0,final_sickled,345,346,86.5,0.030425100267166272,0.0531468540430069,0.024546459317207336,0.002300391555763781,0.002403517486527562,0.002197265625,False,False,True,True,0.03
V2,147.0,final_sickled,346,347,86.75,0.013972592481877655,0.0304601788520813,0.00378478248603642,0.0018553882837295532,0.0012083351612091064,0.00250244140625,True,False,True,True,0.03
V2,147.0,final_sickled,347,348,87.0,0.019564329594140874,0.04700033366680145,0.0,0.0030567845096811652,0.0026650826912373304,0.003448486328125,True,False,True,True,0.03
V2,147.0,final_sickled,348,349,87.25,0.016389101330423726,0.013769388198852539,0.02871832065284252,0.0033197352895513177,0.0036487479228526354,0.00299072265625,True,True,True,True,0.03
V2,147.0,final_sickled,349,350,87.5,0.024972952023381366,0.0549435168504715,0.007014252245426178,0.0021622279891744256,0.002737541915848851,0.0015869140625,True,False,True,True,0.03
V2,147.0,final_sickled,350,351,87.75,0.01742453930201009,0.024455592036247253,0.018263040110468864,0.005000953795388341,0.006370315793901682,0.003631591796875,True,True,True,True,0.03
V2,147.0,final_sickled,351,352,88.0,0.037923173140734436,0.07668536901473999,0.018914708867669106,0.0025155097246170044,0.002284437417984009,0.00274658203125,False,False,True,True,0.03
V2,147.0,final_sickled,352,353,88.25,0.011383680388098583,0.0014435648918151855,0.029029883444309235,0.002583180903457105,0.0033353071194142103,0.0018310546875,True,True,True,True,0.03
V2,147.0,final_sickled,353,354,88.5,0.003411065238469746,0.003606438636779785,0.004756132606416941,0.0012153734860476106,0.0005386571283452213,0.00189208984375,True,True,True,True,0.03
V2,147.0,final_sickled,354,355,88.75,0.008052219847741071,0.017351672053337097,0.002101245103403926,0.0015044609608594328,0.0006895859842188656,0.0023193359375,True,True,True,True,0.03
V2,147.0,final_sickled,355,356,89.0,0.007037818807293661,0.012445643544197083,0.004767870996147394,0.0015632261638529599,0.0010207394370809197,0.002105712890625,True,True,True,True,0.03
V2,147.0,final_sickled,356,357,89.25,0.011648133670678362,0.018923744559288025,0.009857055731117725,0.0025146653642877936,0.0028625826817005873,0.002166748046875,True,True,True,True,0.03
V2,147.0,final_sickled,357,358,89.5,0.017363139594090173,0.03446398675441742,0.008981148712337017,0.0017365713720209897,0.0013369122752919793,0.00213623046875,True,False,True,True,0.03
V2,148.0,final_sickled,244,245,61.25,0.0075841157755348835,0.014230959117412567,0.0031619693618267775,0.0031401714077219367,0.0030149619560688734,0.003265380859375,True,True,True,True,0.03
V2,148.0,final_sickled,245,246,61.5,0.011232457845471798,0.022118858993053436,0.004397519398480654,0.003383129835128784,0.0034093260765075684,0.00335693359375,True,True,True,True,0.03
V2,148.0,final_sickled,246,247,61.75,0.004140372731490061,0.005294345319271088,0.002797886496409774,0.004173497320152819,0.0038609106559306383,0.004486083984375,True,True,True,True,0.03
V2,148.0,final_sickled,247,248,62.0,0.011718691099667923,0.024105221033096313,0.003841659054160118,0.0029280880698934197,0.0035368402022868395,0.0023193359375,True,True,True,True,0.03
V2,148.0,final_sickled,248,249,62.25,0.017333385028177873,0.03781826049089432,0.004345696419477463,0.002740348340012133,0.0024899740237742662,0.00299072265625,True,False,True,True,0.03
V2,148.0,final_sickled,249,250,62.5,0.013585195539053529,0.023299120366573334,0.009825468994677067,0.0033065329771488905,0.004171659704297781,0.00244140625,True,True,True,True,0.03
V2,149.0,semi_sickled,227,228,57.0,0.005676971020875499,0.008785873651504517,0.003664883552119136,0.003519649268127978,0.0026447672862559557,0.00439453125,True,True,True,True,0.03
V2,149.0,semi_sickled,228,229,57.25,0.01827492768643424,0.0365915484726429,0.00711204344406724,0.004596372367814183,0.0057442584075033665,0.003448486328125,True,False,True,True,0.03
V2,149.0,semi_sickled,229,230,57.5,0.008089047970133833,0.01023949682712555,0.009246042929589748,0.0030285368557088077,0.0016320248832926154,0.004425048828125,True,True,True,True,0.03
V2,149.0,semi_sickled,230,231,57.75,0.004380343382945284,0.006757471710443497,0.0023627367336302996,0.003401587367989123,0.0032631356734782457,0.0035400390625,True,True,True,True,0.03
V2,149.0,semi_sickled,231,232,58.0,0.015081950568128378,0.03317482769489288,0.0024264974053949118,0.003850981593132019,0.003185361623764038,0.0045166015625,True,False,True,True,0.03
V2,149.0,semi_sickled,232,233,58.25,0.013878354284679519,0.01614953763782978,0.017883656546473503,0.004637037753127515,0.0038419466000050306,0.00543212890625,True,True,True,True,0.03
V2,150.0,final_sickled,249,250,62.5,0.011654276786430273,0.017094463109970093,0.012662340886890888,0.0015386889281217009,0.0008801122312434018,0.002197265625,True,True,True,True,0.03
V2,150.0,final_sickled,250,251,62.75,0.028958064620383084,0.05019234120845795,0.020457325503230095,0.0068842568434774876,0.010716755874454975,0.0030517578125,True,False,True,True,0.03
V2,150.0,final_sickled,251,252,63.0,0.01469808608526364,0.032086849212646484,0.002862590132281184,0.003445759415626526,0.0030463039875030518,0.00384521484375,True,False,True,True,0.03
V2,150.0,final_sickled,252,253,63.25,0.013198117393767462,0.007878810167312622,0.026821499690413475,0.0026362737407907844,0.0027395884972065687,0.002532958984375,True,True,True,True,0.03
V2,150.0,final_sickled,253,254,63.5,0.01935001867241226,0.014472976326942444,0.03650786355137825,0.003132303594611585,0.0026330153923481703,0.003631591796875,True,True,False,True,0.03
V2,150.0,final_sickled,254,255,63.75,0.004647613613633439,0.00809924304485321,0.002410848392173648,0.002256477833725512,0.001979996683076024,0.002532958984375,True,True,True,True,0.03
V2,151.0,semi_sickled,263,264,66.0,0.01882925741374493,0.028547801077365875,0.017325691878795624,0.005384579300880432,0.006557732820510864,0.00421142578125,True,True,True,True,0.03
V2,151.0,semi_sickled,264,265,66.25,0.01903178353095427,0.032423295080661774,0.01454720925539732,0.0038837690372020006,0.005020956043154001,0.00274658203125,True,False,True,True,0.03
V2,151.0,semi_sickled,265,266,66.5,0.015178941449266858,0.024258822202682495,0.014072311110794544,0.0022004147176630795,0.001867870450951159,0.002532958984375,True,True,True,True,0.03
V2,151.0,semi_sickled,266,267,66.75,0.005974187375977635,0.006324537098407745,0.007890268228948116,0.002731114625930786,0.0019832253456115723,0.00347900390625,True,True,True,True,0.03
V2,151.0,semi_sickled,267,268,67.0,0.012297158490400762,0.02231861650943756,0.005846159998327494,0.005294223548844457,0.007078925613313913,0.003509521484375,True,True,True,True,0.03
V2,151.0,semi_sickled,268,269,67.25,0.002709303394658491,0.00016715377569198608,0.005567252170294523,0.002775614499114454,0.0035981039982289076,0.001953125,True,True,True,True,0.03
V2,152.0,final_sickled,311,312,78.0,0.004833993013016879,0.003704795613884926,0.005229527596384287,0.006086960434913635,0.0069554150104522705,0.005218505859375,True,True,True,True,0.03
V2,152.0,final_sickled,312,313,78.25,0.013294999138452113,0.009485531598329544,0.02242877334356308,0.006602863315492868,0.008597572334110737,0.004608154296875,True,True,True,True,0.03
V2,152.0,final_sickled,313,314,78.5,0.008966080570826308,0.011739028617739677,0.009808260016143322,0.003350312472321093,0.002763857366517186,0.003936767578125,True,True,True,True,0.03
V2,152.0,final_sickled,314,315,78.75,0.008532927627675236,0.015962844714522362,0.004031816963106394,0.002946615219116211,0.002353191375732422,0.0035400390625,True,True,True,True,0.03
V2,152.0,final_sickled,315,316,79.0,0.0073153867502696816,0.014474710449576378,0.0016574524343013763,0.0037815768737345934,0.004663983825594187,0.002899169921875,True,True,True,True,0.03
V2,152.0,final_sickled,316,317,79.25,0.0039229706395417455,0.0004937741905450821,0.008732355199754238,0.002676546573638916,0.002087712287902832,0.003265380859375,True,True,True,True,0.03
V2,154.0,semi_sickled,338,339,84.75,0.0047138186404481535,0.006399244070053101,0.004162378143519163,0.0027891546487808228,0.0031063854694366455,0.002471923828125,True,True,True,True,0.03
V2,154.0,semi_sickled,339,340,85.0,0.012612518208334223,0.02641427516937256,0.0019432945409789681,0.005466620204970241,0.006782849784940481,0.004150390625,True,True,True,True,0.03
V2,154.0,semi_sickled,340,341,85.25,0.009351401100866498,0.01780863106250763,0.003948929253965616,0.0033832937479019165,0.002707749605178833,0.004058837890625,True,True,True,True,0.03
V2,154.0,semi_sickled,341,342,85.5,0.012535794638097286,0.019260168075561523,0.01195712760090828,0.002586930990219116,0.0023052096366882324,0.00286865234375,True,True,True,True,0.03
V2,154.0,semi_sickled,342,343,85.75,0.00709723180916626,0.0005568116903305054,0.017744218930602074,0.0026561220292933285,0.001558581949211657,0.003753662109375,True,True,True,True,0.03
V2,154.0,semi_sickled,343,344,86.0,0.027080904319882394,0.04929354786872864,0.01756075769662857,0.0048688799142837524,0.006228238344192505,0.003509521484375,True,False,True,True,0.03
V2,155.0,semi_sickled,311,312,78.0,0.008971793227829039,0.0025475919246673584,0.016426850110292435,0.008813435677438974,0.010607828386127949,0.00701904296875,True,True,True,True,0.03
V2,155.0,semi_sickled,312,313,78.25,0.0075666482676751915,0.0041627660393714905,0.012216363102197647,0.006503259064629674,0.007177660707384348,0.005828857421875,True,True,True,True,0.03
V2,155.0,semi_sickled,313,314,78.5,0.0158112739212811,0.021825388073921204,0.01676764152944088,0.00484977662563324,0.0059153735637664795,0.0037841796875,True,True,True,True,0.03
V2,155.0,semi_sickled,314,315,78.75,0.02077146639348939,0.026340417563915253,0.025780370458960533,0.004848678829148412,0.0059131779707968235,0.0037841796875,True,True,True,True,0.03
V2,155.0,semi_sickled,315,316,79.0,0.01861007772386074,0.03945205360651016,0.0062131211161613464,0.002618655562400818,0.0011174380779266357,0.004119873046875,True,False,True,True,0.03
V2,155.0,semi_sickled,316,317,79.25,0.011368445702828467,0.023427270352840424,0.004600349348038435,0.0015496611595153809,0.0008410215377807617,0.00225830078125,True,True,True,True,0.03
V2,156.0,semi_sickled,263,264,66.0,0.01181995335209649,0.008432045578956604,0.02107178419828415,0.004288042604457587,0.001587559818290174,0.006988525390625,True,True,True,True,0.03
V2,156.0,semi_sickled,264,265,66.25,0.02543733378988691,0.05767542123794556,0.0018637956818565726,0.006859347224235535,0.007035344839096069,0.006683349609375,True,False,True,True,0.03
V2,156.0,semi_sickled,265,266,66.5,0.013633837446104736,0.02081352472305298,0.012023113667964935,0.0044013510923832655,0.005628874059766531,0.003173828125,True,True,True,True,0.03
V2,156.0,semi_sickled,266,267,66.75,0.0015031501592602582,0.001355096697807312,0.0008605746552348137,0.002639641403220594,0.002959946868941188,0.0023193359375,True,True,True,True,0.03
V2,156.0,semi_sickled,267,268,67.0,0.008341140180709772,0.01713143289089203,0.0015679729403927922,0.003759105980861932,0.001628319383598864,0.005889892578125,True,True,True,True,0.03
V2,156.0,semi_sickled,268,269,67.25,0.0337535128230229,0.07850073277950287,0.003924365621060133,0.003918766975402832,0.004053354263305664,0.0037841796875,False,False,True,True,0.03
V2,156.0,semi_sickled,269,270,67.5,0.021154670300893488,0.030671492218971252,0.02032935433089733,0.0070831975899636745,0.009985486976802349,0.004180908203125,True,False,True,True,0.03
V2,156.0,semi_sickled,270,271,67.75,0.023359577113296837,0.05462832748889923,0.0015520240413025022,0.003860150813125074,0.003722498891875148,0.003997802734375,True,False,True,True,0.03
V2,156.0,semi_sickled,271,272,68.0,0.04662356803310104,0.11184236407279968,0.002766677411273122,0.003673141240142286,0.0032874445896595716,0.004058837890625,False,False,True,True,0.03
V2,156.0,semi_sickled,272,273,68.25,0.040809192269807684,0.10061648488044739,0.0,0.0022503932705149055,0.002639214275404811,0.001861572265625,False,False,True,True,0.03
V2,156.0,semi_sickled,273,274,68.5,0.009738974348874763,0.02104562520980835,0.001567214261740446,0.0030887970933690667,0.0037361879367381334,0.00244140625,True,True,True,True,0.03
V2,156.0,semi_sickled,274,275,68.75,0.016480640682857484,0.03168046474456787,0.005975617095828056,0.006867955205962062,0.006899972911924124,0.0068359375,True,False,True,True,0.03
V2,156.0,semi_sickled,275,276,69.0,0.07826957993675024,0.17346566915512085,0.019273197278380394,0.008550772909075022,0.011425276286900043,0.00567626953125,False,False,True,True,0.03
V2,156.0,semi_sickled,276,277,69.25,0.07361215150449425,0.16439379751682281,0.01776014268398285,0.006554330233484507,0.008927752263844013,0.004180908203125,False,False,True,True,0.03
V2,156.0,semi_sickled,277,278,69.5,0.017581108061131088,0.040246665477752686,0.0024073247332125902,0.0025595128536224365,0.002402961254119873,0.002716064453125,True,False,True,True,0.03
V2,156.0,semi_sickled,278,279,69.75,0.008408599952235817,0.017768725752830505,0.0018349782330915332,0.0026354690780863166,0.003134707687422633,0.00213623046875,True,True,True,True,0.03
V2,156.0,semi_sickled,279,280,70.0,0.04987225777003914,0.11762842535972595,0.006404436659067869,0.0023173391819000244,0.002254307270050049,0.00238037109375,False,False,True,True,0.03
V2,156.0,semi_sickled,280,281,70.25,0.013054417987586931,0.0250091552734375,0.006715340074151754,0.0028015474090352654,0.003192206146195531,0.002410888671875,True,True,True,True,0.03
V2,156.0,semi_sickled,281,282,70.5,0.016716227866709232,0.031243056058883667,0.00916227325797081,0.004048839211463928,0.0054731667041778564,0.00262451171875,True,False,True,True,0.03
V2,156.0,semi_sickled,282,283,70.75,0.0023920170962810515,0.001186758279800415,0.003968626260757446,0.0021131783723831177,0.0023647844791412354,0.001861572265625,True,True,True,True,0.03
V2,156.0,semi_sickled,283,284,71.0,0.03164792181923986,0.07397902011871338,0.0037159081548452377,0.00302298367023468,0.0022617876529693604,0.0037841796875,False,False,True,True,0.03
V2,156.0,semi_sickled,284,285,71.25,0.017602350542438215,0.03561072051525116,0.00816913228482008,0.001995464146602899,0.0014884868869557977,0.00250244140625,True,False,True,True,0.03
V2,156.0,semi_sickled,285,286,71.5,0.012773925508372485,0.024336889386177063,0.0069108703173696995,0.0024814605712890625,0.002277374267578125,0.002685546875,True,True,True,True,0.03
V2,156.0,semi_sickled,286,287,71.75,0.004909385973587632,0.003333047032356262,0.008932831697165966,0.0017987042665481567,0.0014611780643463135,0.00213623046875,True,True,True,True,0.03
V2,156.0,semi_sickled,287,288,72.0,0.03333087011124008,0.0752500593662262,0.007375908549875021,0.0025971134891733527,0.0022645394783467054,0.0029296875,False,False,True,True,0.03
V2,156.0,semi_sickled,288,289,72.25,0.019203460740391167,0.04445226490497589,0.002313087461516261,0.0024518966674804688,0.0028591156005859375,0.002044677734375,True,False,True,True,0.03
V2,156.0,semi_sickled,289,290,72.5,0.017765001818770543,0.035008326172828674,0.009188197553157806,0.002183208824135363,0.002016564132645726,0.002349853515625,True,False,True,True,0.03
V2,156.0,semi_sickled,290,291,72.75,0.010221452181576753,0.021967336535453796,0.0029191982466727495,0.0016511927242390811,0.0010135670891031623,0.002288818359375,True,True,True,True,0.03
V2,156.0,semi_sickled,291,292,73.0,0.018149445019662383,0.03309053182601929,0.01130843535065651,0.0038211196660995483,0.0034613311290740967,0.004180908203125,True,False,True,True,0.03
V2,156.0,semi_sickled,292,293,73.25,0.00844571366906166,0.012253224849700928,0.007950440049171448,0.003047078847885132,0.0033475756645202637,0.00274658203125,True,True,True,True,0.03
V2,156.0,semi_sickled,293,294,73.5,0.010883215535432101,0.0036335289478302,0.022424956783652306,0.006324276328086853,0.009077996015548706,0.003570556640625,True,True,True,True,0.03
V2,159.0,final_sickled,248,249,62.25,0.006515313760610298,0.010671749711036682,0.004028796683996916,0.0033461401471868157,0.0025724072474986315,0.004119873046875,True,True,True,True,0.03
V2,159.0,final_sickled,249,250,62.5,0.040052563283825296,0.0790887251496315,0.02132510207593441,0.003813149989582598,0.0024077941197901964,0.005218505859375,False,False,True,True,0.03
V2,159.0,final_sickled,250,251,62.75,0.010655347898136824,0.008630864322185516,0.01677095890045166,0.005332666216418147,0.004470264073461294,0.006195068359375,True,True,True,True,0.03
V2,159.0,final_sickled,251,252,63.0,0.01619323315098882,0.020593449473381042,0.018585314974188805,0.005803972482681274,0.007274448871612549,0.00433349609375,True,True,True,True,0.03
V2,159.0,final_sickled,252,253,63.25,0.009724835585802793,0.002776697278022766,0.020908059552311897,0.005185343325138092,0.007685139775276184,0.002685546875,True,True,True,True,0.03
V2,159.0,final_sickled,253,254,63.5,0.009267739384085871,0.0214301198720932,0.0004578798543661833,0.0021417339448817074,0.0011706749210134149,0.00311279296875,True,True,True,True,0.03
V2,159.0,final_sickled,254,255,63.75,0.00748234149068594,0.012250706553459167,0.005468089133501053,0.002672910690307617,0.0019888877868652344,0.00335693359375,True,True,True,True,0.03
V2,159.0,final_sickled,255,256,64.0,0.008957025344716384,0.016788765788078308,0.0044073485769331455,0.0027957881102338433,0.0019599844235926867,0.003631591796875,True,True,True,True,0.03
V2,161.0,final_sickled,353,354,88.5,0.006117580755380913,0.012447275221347809,0.0016170801827684045,0.002290770411491394,0.001468747854232788,0.00311279296875,True,True,True,True,0.03
V2,161.0,final_sickled,354,355,88.75,0.0067843782671843655,0.014314398169517517,0.0017883650725707412,0.0017307648959103972,0.0005928774480707943,0.00286865234375,True,True,True,True,0.03
V2,161.0,final_sickled,355,356,89.0,0.012701293756254018,0.023011013865470886,0.007406917866319418,0.0036178678274154663,0.0037872493267059326,0.003448486328125,True,True,True,True,0.03
V2,161.0,final_sickled,356,357,89.25,0.0170913286623545,0.02501305192708969,0.016722405329346657,0.004933064104989171,0.005685220006853342,0.004180908203125,True,True,True,True,0.03
V2,161.0,final_sickled,357,358,89.5,0.012393350154161454,0.023863516747951508,0.006219521164894104,0.0026844441890716553,0.0020119547843933105,0.00335693359375,True,True,True,True,0.03
V2,161.0,final_sickled,358,359,89.75,0.009654103255888913,0.018374770879745483,0.005372591782361269,0.0016951511206571013,0.0008268256788142025,0.0025634765625,True,True,True,True,0.03
V2,162.0,final_sickled,165,166,41.5,0.010149681096663699,0.018273696303367615,0.001913646818138659,0.008681704755872488,0.011137823574244976,0.0062255859375,True,True,True,True,0.03
V2,162.0,final_sickled,166,167,41.75,0.0035867541664629243,0.0066969022154808044,0.0003408277698326856,0.0031548142433166504,0.0028916597366333008,0.00341796875,True,True,True,True,0.03
V2,162.0,final_sickled,167,168,42.0,0.01064858477038797,0.021180972456932068,0.0038087840657681227,0.0033724854583851993,0.0013433595886453986,0.005401611328125,True,True,True,True,0.03
V2,162.0,final_sickled,168,169,42.25,0.016330735734663905,0.03408390283584595,0.005105790216475725,0.003640592098236084,0.004168391227722168,0.00311279296875,True,False,True,True,0.03
V2,162.0,final_sickled,169,170,42.5,0.009641147055663168,0.017647117376327515,0.005007970612496138,0.0033180415630340576,0.0036148428916931152,0.003021240234375,True,True,True,True,0.03
V2,162.0,final_sickled,170,171,42.75,0.024220050568692385,0.03554859012365341,0.023674296215176582,0.00685844337567687,0.00926132034510374,0.00445556640625,True,False,True,True,0.03
V2,163.0,final_sickled,363,364,91.0,0.019177114684134723,0.02292470633983612,0.02409154735505581,0.006300762295722961,0.005735069513320923,0.006866455078125,True,True,True,True,0.03
V2,163.0,final_sickled,364,365,91.25,0.007518564781639725,0.006361275911331177,0.01156452763825655,0.0037058789748698473,0.004543105605989695,0.00286865234375,True,True,True,True,0.03
V2,163.0,final_sickled,365,366,91.5,0.009304220753256232,0.020334765315055847,0.0020022790413349867,0.0018780678510665894,0.0007654130458831787,0.00299072265625,True,True,True,True,0.03
V2,163.0,final_sickled,366,367,91.75,0.007182838305016048,0.010633129626512527,0.006974600721150637,0.0019539048080332577,0.0013748506316915154,0.002532958984375,True,True,True,True,0.03
V2,163.0,final_sickled,367,368,92.0,0.021827232517534868,0.03674428537487984,0.0176515094935894,0.0038059601793065667,0.0032173891086131334,0.00439453125,True,False,True,True,0.03
V2,163.0,final_sickled,368,369,92.25,0.009034057660755936,0.021494634449481964,0.00019179128867108375,0.001476307719713077,0.0008774201269261539,0.0020751953125,True,True,True,True,0.03
V2,164.0,semi_sickled,449,450,112.5,0.017257352371234446,0.02284465730190277,0.018916061148047447,0.005995472194626927,0.006680885795503855,0.00531005859375,True,True,True,True,0.03
V2,164.0,semi_sickled,450,451,112.75,0.007125996937975288,0.013225138187408447,0.002096612937748432,0.004408508539199829,0.005612671375274658,0.003204345703125,True,True,True,True,0.03
V2,164.0,semi_sickled,451,452,113.0,0.06793060024501757,0.1529492735862732,0.016075661405920982,0.004497637273743749,0.004905919078737497,0.00408935546875,False,False,True,True,0.03
V2,164.0,semi_sickled,452,453,113.25,0.052573830122128136,0.12576821446418762,0.0031754253432154655,0.004620581865310669,0.004541456699371338,0.00469970703125,False,False,True,True,0.03
V2,164.0,semi_sickled,453,454,113.5,0.026236062461975965,0.06076541543006897,0.003663456765934825,0.002590745687484741,0.0022212862968444824,0.002960205078125,True,False,True,True,0.03
V2,164.0,semi_sickled,454,455,113.75,0.003247797308722511,0.001870766282081604,0.004712761379778385,0.003400097251869738,0.003595848800614476,0.003204345703125,True,True,True,True,0.03
V2,164.0,semi_sickled,455,456,114.0,0.005172672786284239,0.006050184369087219,0.0039680711925029755,0.005455096485093236,0.006698767188936472,0.00421142578125,True,True,True,True,0.03
V2,164.0,semi_sickled,456,457,114.25,0.03016952474426944,0.0538068562746048,0.023284688591957092,0.0019885649089701474,0.0014441708335652947,0.002532958984375,False,False,True,True,0.03
V2,164.0,semi_sickled,457,458,114.5,0.036019873246550566,0.06914202868938446,0.022048495709896088,0.0025843530893325806,0.002391606569290161,0.002777099609375,False,False,True,True,0.03
V2,164.0,semi_sickled,458,459,114.75,0.012225987143756356,0.015243098139762878,0.016416065394878387,0.0015324999985750765,0.0007151464815251529,0.002349853515625,True,True,True,True,0.03
V2,164.0,semi_sickled,459,460,115.0,0.017898351571056993,0.040975913405418396,0.001605244935490191,0.0037846019258722663,0.0037545065861195326,0.003814697265625,True,False,True,True,0.03
V2,164.0,semi_sickled,460,461,115.25,0.025313210161402824,0.052267253398895264,0.010003953240811825,0.0036197006702423096,0.004859030246734619,0.00238037109375,True,False,True,True,0.03
V2,164.0,semi_sickled,461,462,115.5,0.006049588596215471,0.006388559937477112,0.007944759912788868,0.0028539946069940925,0.002686748979613185,0.003021240234375,True,True,True,True,0.03
V2,164.0,semi_sickled,462,463,115.75,0.032418661064002666,0.06477221846580505,0.015594285912811756,0.004207094432786107,0.004996220115572214,0.00341796875,False,False,True,True,0.03
V2,164.0,semi_sickled,463,464,116.0,0.024709060415625574,0.05156785249710083,0.008473895490169525,0.0044642239809036255,0.005571514368057251,0.00335693359375,True,False,True,True,0.03
V2,164.0,semi_sickled,464,465,116.25,0.02615878195501864,0.050795987248420715,0.014459352008998394,0.003118455410003662,0.0037649869918823242,0.002471923828125,True,False,True,True,0.03
V2,164.0,semi_sickled,465,466,116.5,0.027028498519212008,0.046874210238456726,0.020148267969489098,0.004907682538032532,0.0057260096073150635,0.00408935546875,True,False,True,True,0.03
V2,164.0,semi_sickled,466,467,116.75,0.020772527199005707,0.03168058395385742,0.020181650295853615,0.004146864055655897,0.0036245386581867933,0.004669189453125,True,False,True,True,0.03
V2,164.0,semi_sickled,467,468,117.0,0.060816063258551496,0.15058714151382446,1.2143412497778172e-08,0.0023248096113093197,0.0011706153163686395,0.00347900390625,False,False,True,True,0.03
V2,164.0,semi_sickled,468,469,117.25,0.021979860111605375,0.026326999068260193,0.029788337647914886,0.004092569230124354,0.004553546663373709,0.003631591796875,True,True,True,True,0.03
V2,164.0,semi_sickled,469,470,117.5,0.005788583966204897,0.009854748845100403,0.0032991161569952965,0.0027679750928655267,0.0035828251857310534,0.001953125,True,True,True,True,0.03
V2,164.0,semi_sickled,470,471,117.75,0.008831966505385935,0.0015739351511001587,0.01924789696931839,0.0058625140227377415,0.008307059295475483,0.00341796875,True,True,True,True,0.03
V2,164.0,semi_sickled,471,472,118.0,0.012794879020657391,0.016402974724769592,0.013749062083661556,0.005686069605872035,0.00761847710236907,0.003753662109375,True,True,True,True,0.03
V2,164.0,semi_sickled,472,473,118.25,0.03070799524430186,0.07026363909244537,0.0037869729567319155,0.005108396289870143,0.007042964454740286,0.003173828125,False,False,True,True,0.03
V2,164.0,semi_sickled,473,474,118.5,0.03567519407952204,0.07223527133464813,0.015558200888335705,0.005342860938981175,0.005375663284212351,0.00531005859375,False,False,True,True,0.03
V2,164.0,semi_sickled,474,475,118.75,0.027216203149873764,0.04795767366886139,0.019397752359509468,0.004975681426003575,0.005648384336382151,0.004302978515625,True,False,True,True,0.03
V2,164.0,semi_sickled,475,476,119.0,0.015590263251215219,0.02071237564086914,0.01752134971320629,0.004691362380981445,0.004835605621337891,0.004547119140625,True,True,True,True,0.03
V2,164.0,semi_sickled,476,477,119.25,0.03857744936249219,0.06939202547073364,0.028292248025536537,0.003673409461043775,0.00383729743771255,0.003509521484375,False,False,True,True,0.03
V2,164.0,semi_sickled,477,478,119.5,0.01712100843724329,0.02235950529575348,0.022198395803570747,0.0016310711507685483,0.0013090173015370965,0.001953125,True,True,True,True,0.03
V2,164.0,semi_sickled,478,479,119.75,0.008191104105208069,0.01051861047744751,0.007479604799300432,0.005463192937895656,0.007569452282041311,0.00335693359375,True,True,True,True,0.03
V2,165.0,final_sickled,139,140,35.0,0.006962025538086892,0.013552039861679077,0.002875693142414093,0.002138867974281311,0.001439601182937622,0.002838134765625,True,True,True,True,0.03
V2,165.0,final_sickled,140,141,35.25,0.004416395012231078,0.007017958909273148,0.0034663621336221695,0.0015839388070162386,0.0005128483171574771,0.002655029296875,True,True,True,True,0.03
V2,165.0,final_sickled,141,142,35.5,0.00781513499096036,5.282461643218994e-05,0.018560027703642845,0.005191981792449951,0.006782889366149902,0.00360107421875,True,True,True,True,0.03
V2,165.0,final_sickled,142,143,35.75,0.014106648624874651,0.009847212582826614,0.023111537098884583,0.008314902428537607,0.010678877122700214,0.005950927734375,True,True,True,True,0.03
V2,165.0,final_sickled,143,144,36.0,0.00967339128255844,0.005190135911107063,0.01813790202140808,0.00499628484249115,0.0055980384349823,0.00439453125,True,True,True,True,0.03
V2,165.0,final_sickled,144,145,36.25,0.002893998147919774,0.0029198601841926575,0.0034916093572974205,0.0020159631967544556,0.0011327564716339111,0.002899169921875,True,True,True,True,0.03
V2,166.0,final_sickled,378,379,94.75,0.047114784218138084,0.09821295738220215,0.019780080765485764,0.003626291989348829,0.0033768515568226576,0.003875732421875,False,False,True,True,0.03
V2,166.0,final_sickled,379,380,95.0,0.012046720937360077,0.006041809916496277,0.024757079780101776,0.003860076190903783,0.004424253944307566,0.0032958984375,True,True,True,True,0.03
V2,166.0,final_sickled,380,381,95.25,0.012699010339565575,0.01096026599407196,0.01879763789474964,0.006942922715097666,0.009643902070820332,0.004241943359375,True,True,True,True,0.03
V2,166.0,final_sickled,381,382,95.5,0.0323137124767527,0.0550554096698761,0.0248897522687912,0.006320541258901358,0.009223113767802715,0.00341796875,False,False,True,True,0.03
V2,166.0,final_sickled,382,383,95.75,0.007510976988851326,0.01774202287197113,0.0,0.0016566713602514938,0.0004752079548779875,0.002838134765625,True,True,True,True,0.03
V2,166.0,final_sickled,383,384,96.0,0.03360453927889466,0.07593601942062378,0.005931554362177849,0.004616349935531616,0.0012065768241882324,0.008026123046875,False,False,True,True,0.03
V2,166.0,final_sickled,384,385,96.25,0.010551392764318735,0.006603628396987915,0.018193066120147705,0.0061694730538874865,0.006906817201524973,0.00543212890625,True,True,True,True,0.03
V2,166.0,final_sickled,385,386,96.5,0.04648144014645368,0.09630945324897766,0.017047440633177757,0.007964218501001596,0.009641815908253193,0.00628662109375,False,False,True,True,0.03
V2,166.0,final_sickled,386,387,96.75,0.033644435543101286,0.057272881269454956,0.027601366862654686,0.004299218533560634,0.005363573785871267,0.00323486328125,False,False,True,True,0.03
V2,166.0,final_sickled,387,388,97.0,0.028831628221087157,0.05128726363182068,0.018938055261969566,0.006753613706678152,0.008441309444606304,0.00506591796875,True,False,True,True,0.03
V2,166.0,final_sickled,388,389,97.25,0.02033831849694252,0.033082231879234314,0.014382943511009216,0.008285582065582275,0.01153576374053955,0.005035400390625,True,False,True,True,0.03
V2,166.0,final_sickled,389,390,97.5,0.005170644546160475,0.008894219994544983,0.0027022091671824455,0.0026687333593145013,0.0025908846873790026,0.00274658203125,True,True,True,True,0.03
V2,166.0,final_sickled,390,391,97.75,0.013161096978001297,0.010089263319969177,0.020843109115958214,0.007321213837713003,0.008905122987926006,0.0057373046875,True,True,True,True,0.03
V2,166.0,final_sickled,391,392,98.0,0.02341359977144748,0.03661404550075531,0.01919008232653141,0.008205811027437449,0.010948975570499897,0.005462646484375,True,False,True,True,0.03
V2,166.0,final_sickled,392,393,98.25,0.001516470470232889,0.0002084970474243164,0.001409450196661055,0.003759056329727173,0.004527390003204346,0.00299072265625,True,True,True,True,0.03
V2,168.0,final_sickled,239,240,60.0,0.005013624186782787,,0.00490170530974865,0.00517031061463058,0.00603764271363616,0.004302978515625,True,,True,True,0.03
V2,168.0,final_sickled,240,241,60.25,0.013950615849656362,,0.01987478882074356,0.005656773690134287,0.008902658708393574,0.002410888671875,True,,True,True,0.03
V2,168.0,final_sickled,241,242,60.5,0.003792503708973527,0.00030225515365600586,0.006157334428280592,0.00606613839045167,0.00895844865590334,0.003173828125,True,True,True,True,0.03
V2,168.0,final_sickled,242,243,60.75,0.011564917050418445,0.022913381457328796,0.0046819113194942474,0.0030435820226557553,0.0018147031078115106,0.0042724609375,True,True,True,True,0.03
V2,168.0,final_sickled,243,244,61.0,0.025919090985553343,0.06093394756317139,0.0010411428520455956,0.004724447848275304,0.006244549993425608,0.003204345703125,True,False,True,True,0.03
V2,168.0,final_sickled,244,245,61.25,0.008453102904604748,0.018233522772789,0.0015396404778584838,0.002483278512954712,0.002464115619659424,0.00250244140625,True,True,True,True,0.03
V2,170.0,semi_sickled,210,211,52.75,0.036190576280932876,0.0627833753824234,0.028330253437161446,0.004646549699828029,0.004013558384031057,0.005279541015625,False,False,True,True,0.03
V2,170.0,semi_sickled,211,212,53.0,0.037667985819280145,0.0870174914598465,0.004358652979135513,0.005341842770576477,0.005709320306777954,0.004974365234375,False,False,True,True,0.03
V2,170.0,semi_sickled,212,213,53.25,0.023184833815321326,0.0431772917509079,0.013353218324482441,0.004961162805557251,0.004673302173614502,0.0052490234375,True,False,True,True,0.03
V2,170.0,semi_sickled,213,214,53.5,0.004990087705664337,0.006165415048599243,0.004626928362995386,0.003617987036705017,0.002963513135910034,0.0042724609375,True,True,True,True,0.03
V2,170.0,semi_sickled,214,215,53.75,0.004881154774921015,0.008195146918296814,0.0017010328592732549,0.0040309380274266005,0.004308213945478201,0.003753662109375,True,True,True,True,0.03
V2,170.0,semi_sickled,215,216,54.0,0.010596383665688335,0.020525142550468445,0.0054868063889443874,0.0018637776374816895,0.001652359962463379,0.0020751953125,True,True,True,True,0.03
V2,170.0,semi_sickled,216,217,54.25,0.008136887499131263,0.014762535691261292,0.004100191872566938,0.003187224268913269,0.003383725881576538,0.00299072265625,True,True,True,True,0.03
V2,170.0,semi_sickled,217,218,54.5,0.012033198669087142,0.02536940574645996,0.001702666748315096,0.005158012034371495,0.0071727135218679905,0.003143310546875,True,True,True,True,0.03
V2,171.0,final_sickled,162,163,40.75,0.011255301441997288,0.010079063475131989,0.01604369468986988,0.006433531641960144,0.007984250783920288,0.0048828125,True,True,True,True,0.03
V2,171.0,final_sickled,163,164,41.0,0.009030680684372783,0.012007787823677063,0.009477526880800724,0.0036417245864868164,0.0016071796417236328,0.00567626953125,True,True,True,True,0.03
V2,171.0,final_sickled,164,165,41.25,0.020741565525531767,0.03710932284593582,0.014521494507789612,0.003261253237724304,0.0034097135066986084,0.00311279296875,True,False,True,True,0.03
V2,171.0,final_sickled,165,166,41.5,0.014662280562333763,0.009233839809894562,0.026038317009806633,0.0074213347397744656,0.010631243698298931,0.00421142578125,True,True,True,True,0.03
V2,171.0,final_sickled,166,167,41.75,0.014854989002924413,0.016583889722824097,0.019201407209038734,0.006003762362524867,0.006727983709424734,0.005279541015625,True,True,True,True,0.03
V2,171.0,final_sickled,167,168,42.0,0.012186838313937187,0.021478615701198578,0.007255233824253082,0.004224240779876709,0.004938960075378418,0.003509521484375,True,True,True,True,0.03
V2,173.0,final_sickled,443,444,111.0,0.058586131222546106,0.11370700597763062,0.031804416328668594,0.007887132465839386,0.010189548134803772,0.005584716796875,False,False,False,True,0.03
V2,173.0,final_sickled,444,445,111.25,0.020101779245305807,0.041734009981155396,0.004235792439430952,0.00770259159617126,0.00777578866109252,0.00762939453125,True,False,True,True,0.03
V2,173.0,final_sickled,445,446,111.5,0.019713751133531333,0.042060405015945435,0.003078693524003029,0.007248185575008392,0.005707308650016785,0.0087890625,True,False,True,True,0.03
V2,173.0,final_sickled,446,447,111.75,0.026483422867022453,0.05759231746196747,0.005577054340392351,0.005978107452392578,0.004967689514160156,0.006988525390625,True,False,True,True,0.03
V2,173.0,final_sickled,447,448,112.0,0.03549370976397768,0.08093063533306122,0.0038633428048342466,0.007077142596244812,0.006524890661239624,0.00762939453125,False,False,True,True,0.03
V2,173.0,final_sickled,448,449,112.25,0.03500078086508438,0.056667208671569824,0.03183268755674362,0.00476982700638473,0.004595806356519461,0.00494384765625,False,False,False,True,0.03
V2,173.0,final_sickled,449,450,112.5,0.04878675466752611,0.091886967420578,0.03193320333957672,0.0034213861217722297,0.0035468738060444593,0.0032958984375,False,False,False,True,0.03
V2,173.0,final_sickled,450,451,112.75,0.04425401832559146,0.09153737127780914,0.01914382539689541,0.0037549237022176385,0.002443929435685277,0.00506591796875,False,False,True,True,0.03
V2,173.0,final_sickled,451,452,113.0,0.023601709798094818,0.05224624276161194,0.005055174231529236,0.0037356068496592343,0.0016728738555684686,0.00579833984375,True,False,True,True,0.03
V2,173.0,final_sickled,452,453,113.25,0.026804673025617377,0.052227720618247986,0.014638359658420086,0.0031606355914846063,0.0024150211829692125,0.00390625,True,False,True,True,0.03
V2,173.0,final_sickled,453,454,113.5,0.021968069985450714,0.042199134826660156,0.012830782681703568,0.0023905684647616,0.0008748869295231998,0.00390625,True,False,True,True,0.03
V2,173.0,final_sickled,454,455,113.75,0.01573423994705081,0.019525110721588135,0.02079000510275364,0.002590775489807129,0.0017940998077392578,0.003387451171875,True,True,True,True,0.03
V2,173.0,final_sickled,455,456,114.0,0.019653176213614645,0.04002438485622406,0.007184559945017099,0.004515305161476135,0.0037205517292022705,0.00531005859375,True,False,True,True,0.03
V2,173.0,final_sickled,456,457,114.25,0.019752372259972617,0.04336637258529663,0.004298026207834482,0.0036060562124475837,0.0021156768780201674,0.005096435546875,True,False,True,True,0.03
V2,175.0,final_sickled,153,154,38.5,0.010098875395487993,0.011341843754053116,0.012238625437021255,0.005114475963637233,0.0050409636460244656,0.00518798828125,True,True,True,True,0.03
V2,175.0,final_sickled,154,155,38.75,0.009595547791104764,0.00042158737778663635,0.0232927817851305,0.005097756860777736,0.004275103565305471,0.00592041015625,True,True,True,True,0.03
V2,175.0,final_sickled,155,156,39.0,0.011382839828729629,0.0009672529995441437,0.02575094997882843,0.007932424545288086,0.009364604949951172,0.006500244140625,True,True,True,True,0.03
V2,175.0,final_sickled,156,157,39.25,0.01339530759723857,0.01518242433667183,0.01767909713089466,0.00453861546702683,0.0047437348403036594,0.00433349609375,True,True,True,True,0.03
V2,175.0,final_sickled,157,158,39.5,0.007441512652439997,0.01226898655295372,0.004993859212845564,0.003144269227050245,0.0036945443134754896,0.002593994140625,True,True,True,True,0.03
V2,175.0,final_sickled,158,159,39.75,0.009484416714985854,0.018325362354516983,0.004738990683108568,0.0019825001363642514,0.0017677346477285028,0.002197265625,True,True,True,True,0.03
V2,176.0,semi_sickled,344,345,86.25,0.008785597572568804,0.014766082167625427,0.0037876504939049482,0.006213948130607605,0.00666007399559021,0.005767822265625,True,True,True,True,0.03
V2,176.0,semi_sickled,345,346,86.5,0.018421582877635956,0.02856776863336563,0.01372818648815155,0.008758440613746643,0.008331090211868286,0.009185791015625,True,True,True,True,0.03
V2,176.0,semi_sickled,346,347,86.75,0.0054091766302008185,0.006453871726989746,0.004636825527995825,0.004818956018425524,0.0034428436774760485,0.006195068359375,True,True,True,True,0.03
V2,176.0,semi_sickled,347,348,87.0,0.01383904491085559,0.013735108077526093,0.01893978752195835,0.0068643041886389256,0.008571137674152851,0.005157470703125,True,True,True,True,0.03
V2,176.0,semi_sickled,348,349,87.25,0.01599262455129065,0.03610106557607651,0.0026241838932037354,0.002534935832954943,0.0019875962752848864,0.003082275390625,True,False,True,True,0.03
V2,176.0,semi_sickled,349,350,87.5,0.012285448267357425,0.02220091223716736,0.007072404492646456,0.003718967200256884,0.003012885572388768,0.004425048828125,True,True,True,True,0.03
V2,177.0,final_sickled,204,205,51.25,0.009351795952534303,0.0034492984414100647,0.020150208845734596,0.003678013919852674,0.003297189949080348,0.004058837890625,True,True,True,True,0.03
V2,177.0,final_sickled,205,206,51.5,0.012878202745923772,0.021342158317565918,0.010137523524463177,0.0031728247413411736,0.0033244092483073473,0.003021240234375,True,True,True,True,0.03
V2,177.0,final_sickled,206,207,51.75,0.016569824528414757,0.019389305263757706,0.022649342194199562,0.0035473306197673082,0.0043785967864096165,0.002716064453125,True,True,True,True,0.03
V2,177.0,final_sickled,207,208,52.0,0.010840839493903331,0.007878519594669342,0.02052946202456951,0.0020164797897450626,0.0010727545013651252,0.002960205078125,True,True,True,True,0.03
V2,177.0,final_sickled,208,209,52.25,0.004945077854790725,0.008669417351484299,0.002671951660886407,0.0021685113315470517,0.0017430285224691033,0.002593994140625,True,True,True,True,0.03
V2,177.0,final_sickled,209,210,52.5,0.014823888044338674,0.01759576052427292,0.01892467774450779,0.004647786496207118,0.005480875726789236,0.003814697265625,True,True,True,True,0.03
V2,178.0,final_sickled,271,272,68.0,0.006596474529942498,0.0004918277263641357,0.015023007057607174,0.00456676387693733,0.0031215648632496595,0.006011962890625,True,True,True,True,0.03
V2,178.0,final_sickled,272,273,68.25,0.009050800983095542,0.016792409121990204,0.004405422136187553,0.0031677583465352654,0.002581854583695531,0.003753662109375,True,True,True,True,0.03
V2,178.0,final_sickled,273,274,68.5,0.013616090395953507,0.02861408144235611,0.0029748447705060244,0.004517048597335815,0.004792153835296631,0.004241943359375,True,True,True,True,0.03
V2,178.0,final_sickled,274,275,68.75,0.008437636052258312,0.0016236305236816406,0.017841575667262077,0.0061745294369757175,0.008412291295826435,0.003936767578125,True,True,True,True,0.03
V2,178.0,final_sickled,275,276,69.0,0.014972336444770917,0.03123404085636139,0.0042375605553388596,0.003982295631431043,0.0038142006378620863,0.004150390625,True,False,True,True,0.03
V2,178.0,final_sickled,276,277,69.25,0.027426375180948526,0.05764465034008026,0.009388327598571777,0.004330401541665196,0.005151281598955393,0.003509521484375,True,False,True,True,0.03
V2,179.0,semi_sickled,211,212,53.0,0.030742164416005836,0.07256641983985901,0.002906878711655736,0.0027927557239308953,0.0021370251197367907,0.003448486328125,False,False,True,True,0.03
V2,179.0,semi_sickled,212,213,53.25,0.005083880433812737,2.5257468223571777e-05,0.011753554455935955,0.003840133547782898,0.006215423345565796,0.00146484375,True,True,True,True,0.03
V2,179.0,semi_sickled,213,214,53.5,0.14449792089872063,0.2236800193786621,0.1462167650461197,0.015400181524455547,0.022041818127036095,0.008758544921875,False,False,False,True,0.03
V2,179.0,semi_sickled,214,215,53.75,0.05109652315732092,0.08258704841136932,0.046609122306108475,0.006994043942540884,0.008739064447581768,0.0052490234375,False,False,False,True,0.03
V2,179.0,semi_sickled,215,216,54.0,0.05274613568908536,0.09673753380775452,0.03773198649287224,0.0033797075739130378,0.0028226475697010756,0.003936767578125,False,False,False,True,0.03
V2,179.0,semi_sickled,216,217,54.25,0.008497182466089725,0.004534736275672913,0.015646692365407944,0.004827782511711121,0.006817430257797241,0.002838134765625,True,True,True,True,0.03
V2,179.0,semi_sickled,217,218,54.5,0.012882104789605366,0.019028618931770325,0.013020751066505909,0.0028535773744806647,0.0028690199833363295,0.002838134765625,True,True,True,True,0.03
V2,179.0,semi_sickled,218,219,54.75,0.019975313730537892,0.03342391550540924,0.01573142036795616,0.004399001598358154,0.005044341087341309,0.003753662109375,True,False,True,True,0.03
V2,179.0,semi_sickled,219,220,55.0,0.022868481278419495,0.03805816173553467,0.0184086412191391,0.004808768630027771,0.004490584135055542,0.005126953125,True,False,True,True,0.03
V2,179.0,semi_sickled,220,221,55.25,0.014519268076401203,0.01587510108947754,0.020038003101944923,0.00462370621971786,0.0054327151738107204,0.003814697265625,True,True,True,True,0.03
V2,179.0,semi_sickled,221,222,55.5,0.021420198783744127,0.04658515751361847,0.005187012255191803,0.0038827259559184313,0.0054155983962118626,0.002349853515625,True,False,True,True,0.03
V2,183.0,final_sickled,378,379,94.75,0.006105831218883396,0.009955555200576782,0.002596956444904208,0.004858697531744838,0.0049871704541146755,0.004730224609375,True,True,True,True,0.03
V2,183.0,final_sickled,379,380,95.0,0.041166168276686226,0.09555264562368393,0.004675423260778189,0.005234847543761134,0.006227751728147268,0.004241943359375,False,False,True,True,0.03
V2,183.0,final_sickled,380,381,95.25,0.0254147783969529,0.043978482484817505,0.017980270087718964,0.006121163489297032,0.006535539869219065,0.005706787109375,True,False,True,True,0.03
V2,183.0,final_sickled,381,382,95.5,0.02389639727771282,0.02099733054637909,0.03943810611963272,0.0067765116691589355,0.008212447166442871,0.005340576171875,True,True,False,True,0.03
V2,183.0,final_sickled,382,383,95.75,0.026657656661700457,0.029262974858283997,0.03851686790585518,0.0058862518053501844,0.005943646188825369,0.005828857421875,True,True,False,True,0.03
V2,183.0,final_sickled,383,384,96.0,0.01748165227472782,0.01977095752954483,0.02348480373620987,0.00541435182094574,0.0062205493450164795,0.004608154296875,True,True,True,True,0.03
V2,183.0,final_sickled,384,385,96.25,0.01888791157398373,0.040812984108924866,0.006021424662321806,0.001820877194404602,0.001597076654434204,0.002044677734375,True,False,True,True,0.03
V2,183.0,final_sickled,385,386,96.5,0.013931502535706386,0.016793236136436462,0.01827327162027359,0.003274252056144178,0.003252605674788356,0.0032958984375,True,True,True,True,0.03
V2,185.0,semi_sickled,245,246,61.5,0.026903305738233033,0.04709853231906891,0.01734030991792679,0.007979137357324362,0.008908714167773724,0.007049560546875,True,False,True,True,0.03
V2,185.0,semi_sickled,246,247,61.75,0.013122779177501797,0.020845845341682434,0.01002699788659811,0.005099967122077942,0.005774885416030884,0.004425048828125,True,True,True,True,0.03
V2,185.0,semi_sickled,247,248,62.0,0.01437695381755475,0.0331776961684227,0.0006799877737648785,0.00347151851747185,0.0035555858630687,0.003387451171875,True,False,True,True,0.03
V2,185.0,semi_sickled,248,249,62.25,0.03496769236517139,0.08233817666769028,0.0024989855010062456,0.004631107090972364,0.003097663400694728,0.00616455078125,False,False,True,True,0.03
V2,185.0,semi_sickled,249,250,62.5,0.028469645709265023,0.06423193216323853,0.004367716144770384,0.004992688773199916,0.004034449812024832,0.005950927734375,True,False,True,True,0.03
V2,185.0,semi_sickled,250,251,62.75,0.02722491950262338,0.05952012538909912,0.005704743321985006,0.005680836737155914,0.008157327771186829,0.003204345703125,True,False,True,True,0.03
V2,185.0,semi_sickled,251,252,63.0,0.030729285802226516,0.05976688861846924,0.015855180099606514,0.005092869279906154,0.006706734653562307,0.00347900390625,False,False,True,True,0.03
V2,185.0,semi_sickled,252,253,63.25,0.008730192959774286,0.00633569061756134,0.014855876564979553,0.003985439660027623,0.004522392991930246,0.003448486328125,True,True,True,True,0.03
V2,185.0,semi_sickled,253,254,63.5,0.039063266885932535,0.08240662515163422,0.014192522503435612,0.004532935796305537,0.0049459985457360744,0.004119873046875,False,False,True,True,0.03
V2,185.0,semi_sickled,254,255,63.75,0.031766599311959,0.062025800347328186,0.016128040850162506,0.0052458595018833876,0.006799092050641775,0.003692626953125,False,False,True,True,0.03
V2,185.0,semi_sickled,255,256,64.0,0.04926522967871279,0.10891252756118774,0.011269723065197468,0.007023262325674295,0.00968251097947359,0.004364013671875,False,False,True,True,0.03
V2,185.0,semi_sickled,256,257,64.25,0.014701163570862263,0.015845268964767456,0.02033667452633381,0.004980879602953792,0.007337247487157583,0.00262451171875,True,True,True,True,0.03
V2,185.0,semi_sickled,257,258,64.5,0.014621161681134254,0.013863250613212585,0.02181355096399784,0.005764474393799901,0.006829241756349802,0.00469970703125,True,True,True,True,0.03
V2,185.0,semi_sickled,258,259,64.75,0.011356981610879302,0.024745285511016846,0.0029458822682499886,0.001711234450340271,0.001682966947555542,0.001739501953125,True,True,True,True,0.03
V2,185.0,semi_sickled,259,260,65.0,0.007118055311730131,0.0019068866968154907,0.015605450607836246,0.003573571681044996,0.0030577878933399916,0.00408935546875,True,True,True,True,0.03
V2,185.0,semi_sickled,260,261,65.25,0.0023534190026111897,0.0019925087690353394,0.003139292588457465,0.0018306523561477661,0.0015250742435455322,0.00213623046875,True,True,True,True,0.03
V2,185.0,semi_sickled,261,262,65.5,0.021037497190991416,0.04393596947193146,0.008103870786726475,0.0025070185074582696,0.003854369046166539,0.00115966796875,True,False,True,True,0.03
V2,188.0,final_sickled,155,156,39.0,0.027358601056039336,0.060392826795578,0.0038913972675800323,0.007357925176620483,0.008673369884490967,0.00604248046875,True,False,True,True,0.03
V2,188.0,final_sickled,156,157,39.25,0.005398845550371334,0.004816463217139244,0.007295676972717047,0.00367509329225868,0.0026504795532673597,0.00469970703125,True,True,True,True,0.03
V2,188.0,final_sickled,157,158,39.5,0.00507568177417852,0.0069849323481321335,0.0037154897581785917,0.003925149678252637,0.0037914614658802748,0.004058837890625,True,True,True,True,0.03
V2,188.0,final_sickled,158,159,39.75,0.029427961132023485,0.05769254267215729,0.014903207309544086,0.004539286019280553,0.005111286882311106,0.00396728515625,True,False,True,True,0.03
V2,188.0,final_sickled,159,160,40.0,0.06406324435956776,0.0605008564889431,0.10090423375368118,0.01818567980080843,0.02623952366411686,0.0101318359375,False,False,False,True,0.03
V2,188.0,final_sickled,160,161,40.25,0.04076708852080628,0.07575182616710663,0.02662280760705471,0.004593501565977931,0.005738516803830862,0.003448486328125,False,False,True,True,0.03
V2,188.0,final_sickled,161,162,40.5,0.030239696800708774,0.04391604661941528,0.03314410150051117,0.004291370511054993,0.005317360162734985,0.003265380859375,False,False,False,True,0.03
V2,188.0,final_sickled,162,163,40.75,0.024179652973543853,0.03558914363384247,0.024961672723293304,0.004829640267416835,0.00590561842545867,0.003753662109375,True,False,True,True,0.03
V2,188.0,final_sickled,163,164,41.0,0.05565721701132134,0.13291047513484955,0.00452135456725955,0.0036422114353626966,0.004904051776975393,0.00238037109375,False,False,True,True,0.03
V2,188.0,final_sickled,164,165,41.25,0.027914108429104093,0.046582385897636414,0.02143569104373455,0.0071146488189697266,0.010506153106689453,0.00372314453125,True,False,True,True,0.03
V2,188.0,final_sickled,165,166,41.5,0.009345717175165191,0.013519287109375,0.009304665960371494,0.002725476981140673,0.0023991961497813463,0.0030517578125,True,True,True,True,0.03
V2,188.0,final_sickled,166,167,41.75,0.009711389502626844,0.013168677687644958,0.01105558592826128,0.0022978534107096493,0.0014829138526692986,0.00311279296875,True,True,True,True,0.03
V2,188.0,final_sickled,167,168,42.0,0.027466401710989886,0.06758718192577362,0.0,0.0017261157627217472,0.0015296241035684943,0.001922607421875,True,False,True,True,0.03
V2,188.0,final_sickled,168,169,42.25,0.019732094765640796,0.04385307431221008,0.004756204318255186,0.0021047741174697876,0.0013714134693145752,0.002838134765625,True,False,True,True,0.03
V2,188.0,final_sickled,169,170,42.5,0.020593016874045134,0.031052112579345703,0.02039242722094059,0.0041392892599105835,0.004494398832321167,0.0037841796875,True,False,True,True,0.03
V2,189.0,semi_sickled,234,235,58.75,0.013019607809837908,0.016998399049043655,0.01428158674389124,0.004886771319434047,0.0054705641232430935,0.004302978515625,True,True,True,True,0.03
V2,189.0,semi_sickled,235,236,59.0,0.003889678476843983,0.006072338670492172,0.00253896857611835,0.002288416028022766,0.0012504160404205322,0.003326416015625,True,True,True,True,0.03
V2,189.0,semi_sickled,236,237,59.25,0.0061245806806255135,0.012922242283821106,0.0008406781707890332,0.002645785629283637,0.0014768739929422736,0.003814697265625,True,True,True,True,0.03
V2,189.0,semi_sickled,237,238,59.5,0.003556602547178045,0.00020799040794372559,0.007837901823222637,0.0029205629834905267,0.0024536747951060534,0.003387451171875,True,True,True,True,0.03
V2,189.0,semi_sickled,238,239,59.75,0.00840118955820799,0.012182354927062988,0.007042381912469864,0.004253655672073364,0.0040212273597717285,0.004486083984375,True,True,True,True,0.03
V2,189.0,semi_sickled,239,240,60.0,0.005740528926253319,0.00786590576171875,0.005056925117969513,0.003296971321105957,0.003694772720336914,0.002899169921875,True,True,True,True,0.03
V2,190.0,final_sickled,413,414,103.5,0.01834162972518243,0.01615191251039505,0.030134210363030434,0.005335564375855029,0.0030722517985850573,0.007598876953125,True,True,False,True,0.03
V2,190.0,final_sickled,414,415,103.75,0.013335330504924059,0.00619892030954361,0.026040082797408104,0.006966933608055115,0.0076472461223602295,0.00628662109375,True,True,True,True,0.03
V2,190.0,final_sickled,415,416,104.0,0.017480258422438055,0.03578202798962593,0.006168170366436243,0.004034350393339992,0.004009862896054983,0.004058837890625,True,False,True,True,0.03
V2,190.0,final_sickled,416,417,104.25,0.018419949564849956,0.0234714113175869,0.023570386692881584,0.0031269987812265754,0.0029580991249531507,0.0032958984375,True,True,True,True,0.03
V2,190.0,final_sickled,417,418,104.5,0.013410930696409196,0.013039562851190567,0.02034754864871502,0.0042938541155308485,0.004376282449811697,0.00421142578125,True,True,True,True,0.03
V2,190.0,final_sickled,418,419,104.75,0.004594584036385641,0.0024753324687480927,0.007469719275832176,0.003960197209380567,0.003770003793761134,0.004150390625,True,True,True,True,0.03
V2,191.0,semi_sickled,28,29,7.25,0.0013301372528076172,,,0.0013301372528076172,0.0015006065368652344,0.00115966796875,True,,,True,0.03
V2,191.0,semi_sickled,29,30,7.5,0.0017560372652951628,,,0.0017560372652951628,0.0006434221868403256,0.00286865234375,True,,,True,0.03
V2,191.0,semi_sickled,30,31,7.75,0.0038989733438938856,,,0.0038989733438938856,0.005020847078412771,0.002777099609375,True,,,True,0.03
V2,191.0,semi_sickled,31,32,8.0,0.005888357758522034,,,0.005888357758522034,0.005001813173294067,0.00677490234375,True,,,True,0.03
V2,191.0,semi_sickled,32,33,8.25,0.002803221344947815,,,0.002803221344947815,0.00197485089302063,0.003631591796875,True,,,True,0.03
V2,191.0,semi_sickled,33,34,8.5,0.003718644380569458,,,0.003718644380569458,0.005667269229888916,0.00177001953125,True,,,True,0.03
V2,192.0,semi_sickled,340,341,85.25,0.022035229206085204,0.028106562793254852,0.026455506682395935,0.0061327069997787476,0.007413119077682495,0.004852294921875,True,True,True,True,0.03
V2,192.0,semi_sickled,341,342,85.5,0.020041631057392807,0.03105904906988144,0.01857728511095047,0.0044638465624302626,0.004655232187360525,0.0042724609375,True,False,True,True,0.03
V2,192.0,semi_sickled,342,343,85.75,0.01489385669119656,0.02522529661655426,0.00973456259816885,0.005586564540863037,0.004672884941101074,0.006500244140625,True,True,True,True,0.03
V2,192.0,semi_sickled,343,344,86.0,0.03015686326834839,0.055965572595596313,0.018996575847268105,0.0044873307342641056,0.0017114778747782111,0.00726318359375,False,False,True,True,0.03
V2,192.0,semi_sickled,344,345,86.25,0.016043394058942794,0.02250911295413971,0.017069101333618164,0.004262253642082214,0.004465669393539429,0.004058837890625,True,True,True,True,0.03
V2,192.0,semi_sickled,345,346,86.5,0.023457058880012482,0.031406402587890625,0.027345044538378716,0.005294929025694728,0.006561537738889456,0.0040283203125,True,False,True,True,0.03
V2,192.0,semi_sickled,346,347,86.75,0.015189818246290088,0.02151791751384735,0.015326791442930698,0.004873096942901611,0.006206154823303223,0.0035400390625,True,True,True,True,0.03
V2,192.0,semi_sickled,347,348,87.0,0.018687972612679005,0.03826729953289032,0.006246592849493027,0.0047789812088012695,0.005071878433227539,0.004486083984375,True,False,True,True,0.03
V2,192.0,semi_sickled,348,349,87.25,0.004466103203594684,0.006471261382102966,0.0039776526391506195,0.001941680908203125,0.00144195556640625,0.00244140625,True,True,True,True,0.03
V2,192.0,semi_sickled,349,350,87.5,0.008194640750298276,0.010763570666313171,0.009582999162375927,0.002140651107765734,0.0021755893249064684,0.002105712890625,True,True,True,True,0.03
V2,194.0,semi_sickled,97,98,24.5,0.01932624825567473,0.04097847640514374,0.006408558692783117,0.0027674486045725644,0.0012319186935201287,0.004302978515625,True,False,True,True,0.03
V2,194.0,semi_sickled,98,99,24.75,0.0022211700852494687,0.001837030053138733,0.002340669510886073,0.0026684949407353997,0.0026514430064707994,0.002685546875,True,True,True,True,0.03
V2,194.0,semi_sickled,99,100,25.0,0.008206627856998239,0.01516510546207428,0.004706664010882378,0.0019730130734387785,0.000772198021877557,0.003173828125,True,True,True,True,0.03
V2,194.0,semi_sickled,100,101,25.25,0.00977127498772461,0.020944520831108093,0.0027562733739614487,0.0017150838975794613,0.0016906658420339227,0.001739501953125,True,True,True,True,0.03
V2,194.0,semi_sickled,101,102,25.5,0.0007848329842090607,0.00017918646335601807,0.0,0.0028526335954666138,0.0029586851596832275,0.00274658203125,True,True,True,True,0.03
V2,194.0,semi_sickled,102,103,25.75,0.005197522183880209,0.0026966482400894165,0.010681246407330036,0.0015217065811157227,0.0008461475372314453,0.002197265625,True,True,True,True,0.03
V2,195.0,semi_sickled,186,187,46.75,0.00819878982147202,0.012549147009849548,0.003778758691623807,0.007426261901855469,0.008016586303710938,0.0068359375,True,True,True,True,0.03
V2,195.0,semi_sickled,187,188,47.0,0.013659662520512938,0.01217711716890335,0.01613570563495159,0.012565274722874165,0.01640252210199833,0.00872802734375,True,True,True,True,0.03
V2,195.0,semi_sickled,188,189,47.25,0.018783735600300132,0.024418428540229797,0.020551608875393867,0.007293204311281443,0.009978254325687885,0.004608154296875,True,True,True,True,0.03
V2,195.0,semi_sickled,189,190,47.5,0.016605273785535248,0.03621657192707062,0.0033578004222363234,0.0037736594676971436,0.003122270107269287,0.004425048828125,True,False,True,True,0.03
V2,195.0,semi_sickled,190,191,47.75,0.01897168392315507,0.027554437518119812,0.01809587888419628,0.006465405225753784,0.007895410060882568,0.005035400390625,True,True,True,True,0.03
V2,195.0,semi_sickled,191,192,48.0,0.04832411321403925,0.11680831015110016,0.002260945038869977,0.0032378335599787533,0.0017454425105825067,0.004730224609375,False,False,True,True,0.03
V2,195.0,semi_sickled,192,193,48.25,0.011480356857646257,0.01505511999130249,0.01253015547990799,0.004291017772629857,0.005865971092134714,0.002716064453125,True,True,True,True,0.03
V2,195.0,semi_sickled,193,194,48.5,0.033654203778132795,0.06870180368423462,0.013734650798141956,0.005465418100357056,0.006658375263214111,0.0042724609375,False,False,True,True,0.03
V2,195.0,semi_sickled,194,195,48.75,0.013361889112275094,0.011348620057106018,0.022176465019583702,0.004242713330313563,0.005189528223127127,0.0032958984375,True,True,True,True,0.03
V2,195.0,semi_sickled,195,196,49.0,0.03910376983694733,0.0804942399263382,0.01539819035679102,0.006066828966140747,0.007067739963531494,0.00506591796875,False,False,True,True,0.03
V2,195.0,semi_sickled,196,197,49.25,0.0034672674140892924,0.00418679416179657,0.0035988104064017534,0.0021318644285202026,0.0024326741695404053,0.0018310546875,True,True,True,True,0.03
V2,195.0,semi_sickled,197,198,49.5,0.016037103917915373,0.019204169511795044,0.020518185570836067,0.004696284653618932,0.0064323642291128635,0.002960205078125,True,True,True,True,0.03
V2,195.0,semi_sickled,198,199,49.75,0.014233466700534336,0.030216798186302185,0.004997141193598509,0.0015909920330159366,0.0012288590660318732,0.001953125,True,False,True,True,0.03
V2,195.0,semi_sickled,199,200,50.0,0.015721423464128748,0.030354022979736328,0.008307582698762417,0.0026886413106694818,0.0026917357463389635,0.002685546875,True,False,True,True,0.03
V2,195.0,semi_sickled,200,201,50.25,0.009059775908826851,0.02017650008201599,0.0013997250935062766,0.0019970883731730282,0.0019189814338460565,0.0020751953125,True,True,True,True,0.03
V2,195.0,semi_sickled,201,202,50.5,0.022073646684293638,0.04756307601928711,0.007467170711606741,0.0017396261100657284,0.0012819865951314569,0.002197265625,True,False,True,True,0.03
V2,197.0,final_sickled,261,262,65.5,0.02328048855997622,0.042271316051483154,0.014747451059520245,0.004841417074203491,0.004555881023406982,0.005126953125,True,False,True,True,0.03
V2,197.0,final_sickled,262,263,65.75,0.010777559387497604,0.01980505883693695,0.005287869367748499,0.004019126296043396,0.003185957670211792,0.004852294921875,True,True,True,True,0.03
V2,197.0,final_sickled,263,264,66.0,0.009062719086068684,0.01826520264148712,0.00308245699852705,0.002711112319957465,0.0018516679992899299,0.003570556640625,True,True,True,True,0.03
V2,197.0,final_sickled,264,265,66.25,0.009905715033528394,0.009380817413330078,0.015410453081130981,0.003038917959202081,0.001439164043404162,0.004638671875,True,True,True,True,0.03
V2,197.0,final_sickled,265,266,66.5,0.01306753298267722,0.00506255030632019,0.02693723328411579,0.006457924842834473,0.007575273513793945,0.005340576171875,True,True,True,True,0.03
V2,197.0,final_sickled,266,267,66.75,0.032446736801648515,0.06246371567249298,0.019144048914313316,0.0030433336505666375,0.002302487613633275,0.0037841796875,False,False,True,True,0.03
V2,197.0,final_sickled,267,268,67.0,0.03399590156041086,0.06995716691017151,0.013101172633469105,0.005710497498512268,0.005622655153274536,0.00579833984375,False,False,True,True,0.03
V2,197.0,final_sickled,268,269,67.25,0.012101107824128121,0.022641941905021667,0.006020640954375267,0.0037484269123524427,0.0040178499184548855,0.00347900390625,True,True,True,True,0.03
V2,197.0,final_sickled,269,270,67.5,0.00874113440513611,0.016026228666305542,0.003571924054995179,0.0043218780774623156,0.005775103811174631,0.00286865234375,True,True,True,True,0.03
V2,197.0,final_sickled,270,271,67.75,0.028035803552484143,0.05228915065526962,0.017467008903622627,0.0040267606964334846,0.003628472564741969,0.004425048828125,True,False,True,True,0.03
V2,197.0,final_sickled,271,272,68.0,0.047151374787790704,0.11113125830888748,0.005762688349932432,0.0027277221670374274,0.002525756834074855,0.0029296875,False,False,True,True,0.03
V2,197.0,final_sickled,272,273,68.25,0.05626100691733882,0.11937329918146133,0.020844819024205208,0.0048640023451298475,0.005669166799634695,0.004058837890625,False,False,True,True,0.03
V2,197.0,final_sickled,273,274,68.5,0.014750635012751446,0.02766168862581253,0.008688695728778839,0.002579664229415357,0.0021991233807057142,0.002960205078125,True,True,True,True,0.03
V2,197.0,final_sickled,274,275,68.75,0.023307161882985386,0.05190332233905792,0.004531778395175934,0.00383884203620255,0.0040766098536551,0.00360107421875,True,False,True,True,0.03
V2,197.0,final_sickled,275,276,69.0,0.018346304952865468,0.04423564672470093,0.0,0.0026081850519403815,0.002103577135130763,0.00311279296875,True,False,True,True,0.03
V2,197.0,final_sickled,276,277,69.25,0.007394943776307628,0.012818649411201477,0.004423907492309809,0.0028764655580744147,0.0029453139286488295,0.0028076171875,True,True,True,True,0.03
V2,197.0,final_sickled,277,278,69.5,0.026099372189491987,0.045072972774505615,0.018044212833046913,0.007018834352493286,0.009337961673736572,0.00469970703125,True,False,True,True,0.03
V2,197.0,final_sickled,278,279,69.75,0.010638522694353014,0.021693237125873566,0.003197162179276347,0.003368884325027466,0.005150854587554932,0.0015869140625,True,True,True,True,0.03
V2,198.0,final_sickled,187,188,47.0,0.013427393103484064,0.016834400594234467,0.015150043182075024,0.005564471008256078,0.0054526724852621555,0.00567626953125,True,True,True,True,0.03
V2,198.0,final_sickled,188,189,47.25,0.022959998477017508,0.05320589244365692,0.0011483061825856566,0.005102937342599034,0.004895816091448069,0.00531005859375,True,False,True,True,0.03
V2,198.0,final_sickled,189,190,47.5,0.00925376983359456,0.0041085779666900635,0.01834270916879177,0.004761561751365662,0.004365652799606323,0.005157470703125,True,True,True,True,0.03
V2,198.0,final_sickled,190,191,47.75,0.01828495180234313,0.025295384228229523,0.019795896485447884,0.004952937364578247,0.005419790744781494,0.004486083984375,True,True,True,True,0.03
V2,198.0,final_sickled,191,192,48.0,0.017499050428159534,0.018852874636650085,0.0238575991243124,0.006430963519960642,0.008589466102421284,0.0042724609375,True,True,True,True,0.03
V2,198.0,final_sickled,192,193,48.25,0.015665887176874095,0.02471410110592842,0.014930106699466705,0.0022188375587575138,0.0016300579300150275,0.0028076171875,True,True,True,True,0.03
V2,199.0,semi_sickled,275,276,69.0,0.0268803738290444,0.026770412921905518,0.039876412600278854,0.008861857000738382,0.011589680798351765,0.006134033203125,True,True,False,True,0.03
V2,199.0,semi_sickled,276,277,69.25,0.026109528844244778,0.04628424346446991,0.01594219170510769,0.008064257446676493,0.008743260987102985,0.00738525390625,True,False,True,True,0.03
V2,199.0,semi_sickled,277,278,69.5,0.016342697525396944,0.02404598891735077,0.013216393999755383,0.008394256234169006,0.010166198015213013,0.006622314453125,True,True,True,True,0.03
V2,199.0,semi_sickled,278,279,69.75,0.08140499985311181,0.07542949914932251,0.14052997529506683,0.008190835360437632,0.013818194158375263,0.0025634765625,False,False,False,True,0.03
V2,199.0,semi_sickled,279,280,70.0,0.09594949951861054,0.07580101490020752,0.1812148094177246,0.008815641049295664,0.012229670770466328,0.005401611328125,False,False,False,True,0.03
V2,199.0,semi_sickled,280,281,70.25,0.009308418247383087,0.0005848407745361328,0.02211850695312023,0.005332018015906215,0.005262424703687429,0.005401611328125,True,True,True,True,0.03
V2,199.0,semi_sickled,281,282,70.5,0.036564585298765453,0.041867196559906006,0.05349676311016083,0.004375358344987035,0.00432566786184907,0.004425048828125,False,False,False,True,0.03
V2,199.0,semi_sickled,282,283,70.75,0.019450945872813465,0.0318937748670578,0.01631901226937771,0.003927126526832581,0.003764897584915161,0.00408935546875,True,False,True,True,0.03
V2,199.0,semi_sickled,283,284,71.0,0.013118668843526393,0.010983258485794067,0.02072996459901333,0.005879511358216405,0.00693724537268281,0.00482177734375,True,True,True,True,0.03
V2,199.0,semi_sickled,284,285,71.25,0.02867248076945543,0.03259049355983734,0.042262714356184006,0.0033773332834243774,0.003702908754348755,0.0030517578125,True,False,False,True,0.03
V2,199.0,semi_sickled,285,286,71.5,0.029438815254252404,0.048034653067588806,0.024963324889540672,0.005951161263510585,0.00677536940202117,0.005126953125,True,False,True,True,0.03
V2,199.0,semi_sickled,286,287,71.75,0.02430806685588323,0.03397567570209503,0.027882704511284828,0.003835399984382093,0.003520409343764186,0.004150390625,True,False,True,True,0.03
V2,199.0,semi_sickled,287,288,72.0,0.012634124106261878,0.021437913179397583,0.008496505208313465,0.004340728046372533,0.004805723670870066,0.003875732421875,True,True,True,True,0.03
V2,200.0,final_sickled,262,263,65.75,0.013484395202249288,0.015559323132038116,0.01781836338341236,0.004096955060958862,0.004379212856292725,0.003814697265625,True,True,True,True,0.03
V2,200.0,final_sickled,263,264,66.0,0.0029612536280183123,0.0057986825704574585,0.0,0.002567122399341315,0.00180782878305763,0.003326416015625,True,True,True,True,0.03
V2,200.0,final_sickled,264,265,66.25,0.01292157219722867,0.014323748648166656,0.01601058803498745,0.006353467702865601,0.007396876811981201,0.00531005859375,True,True,True,True,0.03
V2,200.0,final_sickled,265,266,66.5,0.005518384429160506,0.008176077157258987,0.003742544911801815,0.003752251388505101,0.004544297698885202,0.002960205078125,True,True,True,True,0.03
V2,200.0,final_sickled,266,267,66.75,0.01826425320468843,0.029392484575510025,0.01476385910063982,0.005359634757041931,0.007179230451583862,0.0035400390625,True,True,True,True,0.03
V2,200.0,final_sickled,267,268,67.0,0.015166132536251098,0.021159052848815918,0.01635243184864521,0.0039166409987956285,0.003957549575716257,0.003875732421875,True,True,True,True,0.03
V2,202.0,final_sickled,233,234,58.5,0.021855776011943818,0.035952650010585785,0.01774515211582184,0.005055651068687439,0.006266087293624878,0.00384521484375,True,False,True,True,0.03
V2,202.0,final_sickled,234,235,58.75,0.003292822319781408,0.0022850260138511658,0.0038990250322967768,0.004056612611748278,0.0033219654578715563,0.004791259765625,True,True,True,True,0.03
V2,202.0,final_sickled,235,236,59.0,0.002720632852287963,0.0004459097981452942,0.005081630777567625,0.0030547926435247064,0.0028747220057994127,0.00323486328125,True,True,True,True,0.03
V2,202.0,final_sickled,236,237,59.25,0.007671700976788999,0.012725695967674255,0.005151037126779556,0.0031142383813858032,0.0026274025440216064,0.00360107421875,True,True,True,True,0.03
V2,202.0,final_sickled,237,238,59.5,0.014341941324528307,0.019933387637138367,0.01426613423973322,0.005501757143065333,0.007799168583005667,0.003204345703125,True,True,True,True,0.03
V2,202.0,final_sickled,238,239,59.75,0.012020515045151114,0.01368122547864914,0.015113417990505695,0.005033314228057861,0.007136940956115723,0.0029296875,True,True,True,True,0.03
V2,203.0,final_sickled,131,132,33.0,0.019771745073376226,0.04203902184963226,0.00575473764911294,0.003767912625335157,0.003019223688170314,0.0045166015625,True,False,True,True,0.03
V2,203.0,final_sickled,132,133,33.25,0.010779009206453338,0.02341523766517639,0.0019289935007691383,0.002951065660454333,0.0027283031959086657,0.003173828125,True,True,True,True,0.03
V2,203.0,final_sickled,133,134,33.5,0.037228791415691374,0.08916472643613815,0.0020443613175302744,0.003389497520402074,0.004001895431429148,0.002777099609375,False,False,True,True,0.03
V2,203.0,final_sickled,134,135,33.75,0.020639601431321354,0.03680077940225601,0.014111895114183426,0.0039205055218189955,0.004880805965512991,0.002960205078125,True,False,True,True,0.03
V2,203.0,final_sickled,135,136,34.0,0.01363045204197988,0.02953007072210312,0.0024498936254531145,0.003843843936920166,0.004605412483215332,0.003082275390625,True,True,True,True,0.03
V2,203.0,final_sickled,136,137,34.25,0.0074477988149737944,0.015060842037200928,0.0028062292840331793,0.0017651270027272403,0.0012414356460794806,0.002288818359375,True,True,True,True,0.03
V2,203.0,final_sickled,137,138,34.5,0.13930069291964173,0.2433764636516571,0.10119488835334778,0.026127586141228676,0.03562309220433235,0.016632080078125,False,False,False,True,0.03
V2,203.0,final_sickled,138,139,34.75,0.006912981066852808,0.010764971375465393,0.005386410281062126,0.0028869956731796265,0.003759831190109253,0.00201416015625,True,True,True,True,0.03
V2,203.0,final_sickled,139,140,35.0,0.03683427443029359,0.065524622797966,0.026767617091536522,0.005023037316277623,0.006017754320055246,0.0040283203125,False,False,True,True,0.03
V2,203.0,final_sickled,140,141,35.25,0.02414686046540737,0.03974394500255585,0.021517254412174225,0.002872973680496216,0.0027552247047424316,0.00299072265625,True,False,True,True,0.03
V2,203.0,final_sickled,141,142,35.5,0.01647007876308635,0.023019418120384216,0.018320919945836067,0.003399958135560155,0.00399229908362031,0.0028076171875,True,True,True,True,0.03
V2,203.0,final_sickled,142,143,35.75,0.0058583691657986495,0.010594278573989868,0.0027442900463938713,0.002640624879859388,0.0029619138222187757,0.0023193359375,True,True,True,True,0.03
V2,203.0,final_sickled,143,144,36.0,0.020199551060795785,0.03144994378089905,0.018843121826648712,0.004097923636436462,0.004137009382247925,0.004058837890625,True,False,True,True,0.03
V2,203.0,final_sickled,144,145,36.25,0.006587440543808043,0.009174779057502747,0.00592647073790431,0.003373056650161743,0.004579365253448486,0.002166748046875,True,True,True,True,0.03
V2,203.0,final_sickled,145,146,36.5,0.019791112374514343,0.02786073088645935,0.023004764690995216,0.0023806095123291016,0.002960681915283203,0.001800537109375,True,True,True,True,0.03
V2,207.0,semi_sickled,330,331,82.75,0.007182942167855799,0.011131957173347473,0.0036640241742134094,0.005791003350168467,0.008286108262836933,0.0032958984375,True,True,True,True,0.03
V2,207.0,semi_sickled,331,332,83.0,0.0031280660448828714,0.0028305500745773315,0.0035633945371955633,0.0029946317081339657,0.0018693903693929315,0.004119873046875,True,True,True,True,0.03
V2,207.0,semi_sickled,332,333,83.25,0.004104400076903403,0.006654605269432068,0.001799629651941359,0.0032507503638044,0.0027783561963588,0.00372314453125,True,True,True,True,0.03
V2,207.0,semi_sickled,333,334,83.5,0.03838407557923347,0.0735359936952591,0.01959245093166828,0.008449281100183725,0.00841467548161745,0.00848388671875,False,False,True,True,0.03
V2,207.0,semi_sickled,334,335,83.75,0.023217589873820544,0.03525446355342865,0.022150306031107903,0.00545278936624527,0.0067857056856155396,0.004119873046875,True,False,True,True,0.03
V2,207.0,semi_sickled,335,336,84.0,0.005747331911697983,0.0033325999975204468,0.010353523306548595,0.0031622350215911865,0.001777350902557373,0.004547119140625,True,True,True,True,0.03
V2,207.0,semi_sickled,336,337,84.25,0.005283904651878402,0.005415484309196472,0.006782176438719034,0.002975796698592603,0.0030219058971852064,0.0029296875,True,True,True,True,0.03
V2,207.0,semi_sickled,337,338,84.5,0.03577239167061634,0.08494676649570465,0.003270372049883008,0.002596219419501722,0.0021406810265034437,0.0030517578125,False,False,True,True,0.03
V2,207.0,semi_sickled,338,339,84.75,0.00767473722808063,0.014891549944877625,0.0030674422159790993,0.002578049898147583,0.002134859561920166,0.003021240234375,True,True,True,True,0.03
V2,207.0,semi_sickled,339,340,85.0,0.05810827115783468,0.13914801180362701,0.003448881907388568,0.004967831075191498,0.004869744181632996,0.00506591796875,False,False,True,True,0.03
V2,207.0,semi_sickled,340,341,85.25,0.020999874285189436,0.04704585671424866,0.0036767206620424986,0.00357871747110039,0.00309859705157578,0.004058837890625,True,False,True,True,0.03
V2,207.0,semi_sickled,341,342,85.5,0.003612410789355636,0.0056651681661605835,0.0025487886741757393,0.001817069947719574,0.001162216067314148,0.002471923828125,True,True,True,True,0.03
V2,207.0,semi_sickled,342,343,85.75,0.013456892489921301,0.01643967628479004,0.017075151205062866,0.0036188762169331312,0.0046132407151162624,0.00262451171875,True,True,True,True,0.03
V2,207.0,semi_sickled,343,344,86.0,0.02402899717562832,0.05577261745929718,0.001037219655700028,0.00542769324965775,0.0064913728274405,0.004364013671875,True,False,True,True,0.03
V2,207.0,semi_sickled,344,345,86.25,0.007928366924170404,0.01664981245994568,0.0016314266249537468,0.0027897704858332872,0.0040841796435415745,0.001495361328125,True,True,True,True,0.03
V2,207.0,semi_sickled,345,346,86.5,0.015885431892820635,0.03640389442443848,0.0014201720478013158,0.003307255625259131,0.0016706635942682624,0.00494384765625,True,False,True,True,0.03
V2,208.0,final_sickled,417,418,104.5,0.019040504039730878,0.031946808099746704,0.014709695242345333,0.004453549860045314,0.003963252063840628,0.00494384765625,True,False,True,True,0.03
V2,208.0,final_sickled,418,419,104.75,0.017621391650754957,0.02744343876838684,0.015851261094212532,0.004384299041703343,0.004740277770906687,0.0040283203125,True,True,True,True,0.03
V2,208.0,final_sickled,419,420,105.0,0.013095507910475136,0.01738789677619934,0.014230688102543354,0.0046384334564208984,0.004607677459716797,0.004669189453125,True,True,True,True,0.03
V2,208.0,final_sickled,420,421,105.25,0.0189006915432401,0.02595558762550354,0.020583851262927055,0.005256434204056859,0.007247487548738718,0.003265380859375,True,True,True,True,0.03
V2,208.0,final_sickled,421,422,105.5,0.006874554544629064,0.010266169905662537,0.006768088787794113,0.0015970220265444368,0.0008747081155888736,0.0023193359375,True,True,True,True,0.03
V2,208.0,final_sickled,422,423,105.75,0.025799616711447017,0.06229379028081894,0.000476873479783535,0.00286077952478081,0.0027003188151866198,0.003021240234375,True,False,True,True,0.03
V2,209.0,final_sickled,267,268,67.0,0.015172474097926169,0.019670791923999786,0.017757857218384743,0.0043556292075663805,0.004621902946382761,0.00408935546875,True,True,True,True,0.03
V2,209.0,final_sickled,268,269,67.25,0.028939924761652948,0.06320160627365112,0.008517749607563019,0.0027122795581817627,0.0027695298194885254,0.002655029296875,True,False,True,True,0.03
V2,209.0,final_sickled,269,270,67.5,0.014003175415564329,0.01691269874572754,0.01746533438563347,0.004500915529206395,0.00430212402716279,0.00469970703125,True,True,True,True,0.03
V2,209.0,final_sickled,270,271,67.75,0.018915700126672166,0.028503894805908203,0.018972164019942284,0.0034955391893163323,0.0034205217380076647,0.003570556640625,True,True,True,True,0.03
V2,209.0,final_sickled,271,272,68.0,0.05756872775382363,0.13170744478702545,0.011437792330980301,0.0035300900926813483,0.0032760004978626966,0.0037841796875,False,False,True,True,0.03
V2,209.0,final_sickled,272,273,68.25,0.00248468472273089,0.0024905502796173096,0.001753515563905239,0.0034989366540685296,0.002237131120637059,0.0047607421875,True,True,True,True,0.03
V2,209.0,final_sickled,273,274,68.5,0.06341095987008885,0.13641950488090515,0.021599411964416504,0.005133454920724034,0.006269107107073069,0.003997802734375,False,False,True,True,0.03
V2,209.0,final_sickled,274,275,68.75,0.009712307527661323,0.00789499282836914,0.01542723923921585,0.004619106650352478,0.005301445722579956,0.003936767578125,True,True,True,True,0.03
V2,209.0,final_sickled,275,276,69.0,0.022595477882714474,0.029040217399597168,0.02933427132666111,0.002849583834176883,0.0008163551683537662,0.0048828125,True,True,True,True,0.03
V2,209.0,final_sickled,276,277,69.25,0.023073666950222105,0.04247689247131348,0.01472852099686861,0.003711710451170802,0.004859944339841604,0.0025634765625,True,False,True,True,0.03
V2,209.0,final_sickled,277,278,69.5,0.04143766038469039,0.0729379653930664,0.030266573652625084,0.006676693796180189,0.0036182801704853773,0.009735107421875,False,False,False,True,0.03
V2,209.0,final_sickled,278,279,69.75,0.002166212350130081,0.0009439140558242798,0.002505078911781311,0.0036474764347076416,0.004426300525665283,0.00286865234375,True,True,True,True,0.03
V2,209.0,final_sickled,279,280,70.0,0.021501154813449833,0.048744574189186096,0.0031661188695579767,0.003580734133720398,0.003987640142440796,0.003173828125,True,False,True,True,0.03
V2,209.0,final_sickled,280,281,70.25,0.019302091922145336,0.022412419319152832,0.026781367138028145,0.0038545827846974134,0.004352231975644827,0.00335693359375,True,True,True,True,0.03
V2,209.0,final_sickled,281,282,70.5,0.02047320320853032,0.04641842842102051,0.0018386986339464784,0.005049149272963405,0.004757722374051809,0.005340576171875,True,False,True,True,0.03
V2,209.0,final_sickled,282,283,70.75,0.013981361262267455,0.024420559406280518,0.010229457169771194,0.0025313099613413215,0.002743283985182643,0.0023193359375,True,True,True,True,0.03
V2,209.0,final_sickled,283,284,71.0,0.010731687932275236,0.020892322063446045,0.004215650726109743,0.0035971254110336304,0.0026776492595672607,0.0045166015625,True,True,True,True,0.03
V2,210.0,semi_sickled,231,232,58.0,0.016011353509384207,0.033839985728263855,0.004186837933957577,0.004039863764774054,0.0016100009670481086,0.0064697265625,True,False,True,True,0.03
V2,210.0,semi_sickled,232,233,58.25,0.03010091381147504,0.05109517276287079,0.02124960534274578,0.008901931345462799,0.010204985737800598,0.007598876953125,False,False,True,True,0.03
V2,210.0,semi_sickled,233,234,58.5,0.018465917941648514,0.023988425731658936,0.019948670640587807,0.007554051699116826,0.007753367070108652,0.007354736328125,True,True,True,True,0.03
V2,210.0,semi_sickled,234,235,58.75,0.013883433677256108,0.017660200595855713,0.014165099710226059,0.007446274161338806,0.008789032697677612,0.006103515625,True,True,True,True,0.03
V2,210.0,semi_sickled,235,236,59.0,0.0505580457742326,0.10803800821304321,0.01748180389404297,0.004896844504401088,0.0058874390088021755,0.00390625,False,False,True,True,0.03
V2,210.0,semi_sickled,236,237,59.25,0.010679930937476457,0.021290957927703857,0.003816259326413274,0.0033114280086010695,0.004608695860952139,0.00201416015625,True,True,True,True,0.03
V2,210.0,semi_sickled,237,238,59.5,0.032727868761867285,0.060778141021728516,0.02002652920782566,0.005629308521747589,0.007443919777870178,0.003814697265625,False,False,True,True,0.03
V2,210.0,semi_sickled,238,239,59.75,0.01889325533993542,0.03243112564086914,0.01542466040700674,0.002088695764541626,0.001064598560333252,0.00311279296875,True,False,True,True,0.03
V2,210.0,semi_sickled,239,240,60.0,0.014277207117993384,0.014213263988494873,0.020647013559937477,0.005461787106469274,0.006223867181688547,0.00469970703125,True,True,True,True,0.03
V2,210.0,semi_sickled,240,241,60.25,0.012730792071670294,0.013104930520057678,0.0188333410769701,0.0035886019468307495,0.004430621862411499,0.00274658203125,True,True,True,True,0.03
V2,210.0,semi_sickled,241,242,60.5,0.0024533282325137403,0.001312941312789917,0.003992001060396433,0.0021238053450360894,0.002325003268197179,0.001922607421875,True,True,True,True,0.03
V2,210.0,semi_sickled,242,243,60.75,0.011816923681180922,0.0044354647397994995,0.026157213374972343,0.0035508524160832167,0.004568745847791433,0.002532958984375,True,True,True,True,0.03
V2,210.0,semi_sickled,243,244,61.0,0.027032810356467964,0.04770204424858093,0.02018260397017002,0.0035523250699043274,0.003778234124183655,0.003326416015625,True,False,True,True,0.03
V2,212.0,semi_sickled,267,268,67.0,0.012875459645874799,0.009079476818442345,0.020882708951830864,0.007738883141428232,0.010350813157856464,0.005126953125,True,True,True,True,0.03
V2,212.0,semi_sickled,268,269,67.25,0.009646950825117528,0.0018685106188058853,0.01957472413778305,0.008193572517484426,0.010008971206843853,0.006378173828125,True,True,True,True,0.03
V2,212.0,semi_sickled,269,270,67.5,0.010140209249220789,0.01872766576707363,0.004206117708235979,0.004708006978034973,0.005601316690444946,0.003814697265625,True,True,True,True,0.03
V2,212.0,semi_sickled,270,271,67.75,0.005504281993489712,0.004015829414129257,0.007749090436846018,0.004743074299767613,0.004603336099535227,0.0048828125,True,True,True,True,0.03
V2,212.0,semi_sickled,271,272,68.0,0.018673498858697714,0.03697862848639488,0.007138637360185385,0.0055340975522994995,0.005422443151473999,0.005645751953125,True,False,True,True,0.03
V2,212.0,semi_sickled,272,273,68.25,0.02023697589756921,0.04099741578102112,0.00727699464187026,0.005164245842024684,0.006147583480924368,0.004180908203125,True,False,True,True,0.03
V2,215.0,final_sickled,161,162,40.5,0.022584281116724017,0.029774166643619537,0.026477351784706116,0.005630165338516235,0.007323563098907471,0.003936767578125,True,True,True,True,0.03
V2,215.0,final_sickled,162,163,40.75,0.026715584192425014,0.04493013024330139,0.02104264311492443,0.005514428019523621,0.007305711507797241,0.00372314453125,True,False,True,True,0.03
V2,215.0,final_sickled,163,164,41.0,0.03096875175833702,0.01702919974923134,0.06760461628437042,0.0019818246364593506,0.0012475848197937012,0.002716064453125,False,True,False,True,0.03
V2,215.0,final_sickled,164,165,41.25,0.024095009989105163,0.0009885448962450027,0.06189170107245445,0.008149986620992422,0.009280930273234844,0.00701904296875,True,True,False,True,0.03
V2,215.0,final_sickled,165,166,41.5,0.003474224072236281,0.0042495522648096085,,0.0022336989641189575,0.001995474100112915,0.002471923828125,True,True,,True,0.03
V2,215.0,final_sickled,166,167,41.75,0.004101242422341155,0.003250759094953537,,0.005462015746161342,0.006407429929822683,0.0045166015625,True,True,,True,0.03
V2,215.0,final_sickled,167,168,42.0,0.04899545535445213,0.008921880275011063,0.12562263011932373,0.00583513081073761,0.00574985146522522,0.00592041015625,False,True,False,True,0.03
V2,215.0,final_sickled,168,169,42.25,0.01181831769645214,0.005600571632385254,0.02610199898481369,0.0017695575952529907,0.0011282265186309814,0.002410888671875,True,True,True,True,0.03
V2,215.0,final_sickled,169,170,42.5,0.008272476348793134,0.0026691947132349014,0.01905318908393383,0.0021447291364893317,0.0029161672573536634,0.001373291015625,True,True,True,True,0.03
V2,215.0,final_sickled,170,171,42.75,0.02799113419605419,0.012227363884449005,0.06306953728199005,0.004103402374312282,0.005307634826749563,0.002899169921875,True,True,False,True,0.03
V2,215.0,final_sickled,171,172,43.0,0.02452981602400541,0.010043952614068985,0.057080868631601334,0.002135723829269409,0.0018605589866638184,0.002410888671875,True,True,False,True,0.03
V2,215.0,final_sickled,172,173,43.25,0.016524456162005662,0.012351073324680328,0.030357396230101585,0.0038357526063919067,0.0043756067752838135,0.0032958984375,True,True,False,True,0.03
V2,215.0,final_sickled,173,174,43.5,0.014899475732818246,0.02154085785150528,0.01551568042486906,0.0034105777740478516,0.003250598907470703,0.003570556640625,True,True,True,True,0.03
V2,216.0,final_sickled,230,231,57.75,0.021623689722036946,0.049057915806770325,0.003815120318904519,0.002660925150848925,0.0019649167079478502,0.00335693359375,True,False,True,True,0.03
V2,216.0,final_sickled,231,232,58.0,0.022755389806116,0.032282307744026184,0.025389017537236214,0.0038252422818914056,0.003500093938782811,0.004150390625,True,False,True,True,0.03
V2,216.0,final_sickled,232,233,58.25,0.014469936370733193,0.02222570776939392,0.014459289610385895,0.00207560759736225,0.0016487737884745002,0.00250244140625,True,True,True,True,0.03
V2,216.0,final_sickled,233,234,58.5,0.010076708506676368,0.018818318843841553,0.005079897120594978,0.0030856679077260196,0.0010443826904520392,0.005126953125,True,True,True,True,0.03
V2,216.0,final_sickled,234,235,58.75,0.03928706580772996,0.07327303290367126,0.02354240231215954,0.006952047348022461,0.009570598602294922,0.00433349609375,False,False,True,True,0.03
V2,216.0,final_sickled,235,236,59.0,0.016690282407216726,0.03572864085435867,0.004728457424789667,0.0029754638671875,0.002197265625,0.003753662109375,True,False,True,True,0.03
V2,216.0,final_sickled,236,237,59.25,0.007740505528636277,0.013094685971736908,0.004969642963260412,0.003053024411201477,0.002535492181777954,0.003570556640625,True,True,True,True,0.03
V2,216.0,final_sickled,237,238,59.5,0.005804065940901637,0.005415499210357666,0.008070365525782108,0.003252953290939331,0.001989305019378662,0.0045166015625,True,True,True,True,0.03
V2,216.0,final_sickled,238,239,59.75,0.019125540007371454,0.02287360280752182,0.025190820917487144,0.004637246252968907,0.004147539380937815,0.005126953125,True,True,True,True,0.03
V2,216.0,final_sickled,239,240,60.0,0.025199074216652663,0.02551017701625824,0.038459133356809616,0.006137226941064,0.006170938257128,0.006103515625,True,True,False,True,0.03
V2,216.0,final_sickled,240,241,60.25,0.015643267321866005,0.034505315124988556,0.0033653697464615107,0.0026530474424362183,0.0028341710567474365,0.002471923828125,True,False,True,True,0.03
V2,218.0,final_sickled,154,155,38.75,0.03890763286035508,0.09160694479942322,0.0042955935932695866,0.003045588731765747,0.0017271637916564941,0.004364013671875,False,False,True,True,0.03
V2,218.0,final_sickled,155,156,39.0,0.012801463517826052,0.02400866150856018,0.005278384778648615,0.005402256967499852,0.005463937763124704,0.005340576171875,True,True,True,True,0.03
V2,218.0,final_sickled,156,157,39.25,0.0271593296143692,0.062025442719459534,0.0036857507657259703,0.0042365590343251824,0.002888401271775365,0.005584716796875,True,False,True,True,0.03
V2,218.0,final_sickled,157,158,39.5,0.024834585358621555,0.0548289492726326,0.0058729625307023525,0.0033898750552907586,0.0035448868293315172,0.00323486328125,True,False,True,True,0.03
V2,218.0,final_sickled,158,159,39.75,0.020172415184788406,0.0261748805642128,0.02348882518708706,0.0059254965744912624,0.008371989242732525,0.00347900390625,True,True,True,True,0.03
V2,218.0,final_sickled,159,160,40.0,0.027746036287862808,0.04492010176181793,0.024978341534733772,0.0041423041839152575,0.004042665008455515,0.004241943359375,True,False,True,True,0.03
V2,218.0,final_sickled,160,161,40.25,0.007352304575033486,0.012990757822990417,0.003817704739049077,0.0032792191486805677,0.0042085847817361355,0.002349853515625,True,True,True,True,0.03
V2,221.0,semi_sickled,316,317,79.25,0.013916800438892096,0.012527547776699066,0.022149786353111267,0.004613424418494105,0.004466106649488211,0.0047607421875,True,True,True,True,0.03
V2,221.0,semi_sickled,317,318,79.5,0.0133070666808635,0.02787550538778305,0.0032559738028794527,0.004069094778969884,0.005116949323564768,0.003021240234375,True,True,True,True,0.03
V2,221.0,semi_sickled,318,319,79.75,0.014928972045890988,0.017509400844573975,0.01859723962843418,0.005664711352437735,0.00800300668925047,0.003326416015625,True,True,True,True,0.03
V2,221.0,semi_sickled,319,320,80.0,0.0031895120744593443,0.0043148472905159,0.0012899786233901978,0.00404832256026566,0.005350063089281321,0.00274658203125,True,True,True,True,0.03
V2,221.0,semi_sickled,320,321,80.25,0.003695411887019873,0.003752008080482483,0.0026734822895377874,0.005035559413954616,0.004394849296659231,0.00567626953125,True,True,True,True,0.03
V2,221.0,semi_sickled,321,322,80.5,0.01153573752962984,0.02341168373823166,0.003728620707988739,0.003464187146164477,0.0024728078860789537,0.00445556640625,True,True,True,True,0.03
V2,222.0,final_sickled,158,159,39.75,0.015126966359093785,0.02131742611527443,0.014565288089215755,0.006008580327033997,0.003472238779067993,0.008544921875,True,True,True,True,0.03
V2,222.0,final_sickled,159,160,40.0,0.010369297274155542,0.020415205508470535,0.0015285367844626307,0.0066729087848216295,0.007272819522768259,0.006072998046875,True,True,True,True,0.03
V2,222.0,final_sickled,160,161,40.25,0.0020915865316055715,0.001476416364312172,0.0018588168313726783,0.0034017363796010613,0.0032329161185771227,0.003570556640625,True,True,True,True,0.03
V2,222.0,final_sickled,161,162,40.5,0.016388573322910816,0.018444513902068138,0.021498365327715874,0.005945359589532018,0.006428072694689035,0.005462646484375,True,True,True,True,0.03
V2,222.0,final_sickled,162,163,40.75,0.009714571200311184,0.0066440291702747345,0.01746903732419014,0.003771185874938965,0.0033919811248779297,0.004150390625,True,True,True,True,0.03
V2,222.0,final_sickled,163,164,41.0,0.011090223718201743,0.01936233788728714,0.007812878116965294,0.002443124889396131,0.001956562278792262,0.0029296875,True,True,True,True,0.03
V2,223.0,semi_sickled,285,286,71.5,0.02256985893473029,0.032104432582855225,0.02203516848385334,0.00806310772895813,0.00736767053604126,0.008758544921875,True,False,True,True,0.03
V2,223.0,semi_sickled,286,287,71.75,0.017879152961540967,0.038322895765304565,0.004065636079758406,0.004508088110014796,0.0041333637200295925,0.0048828125,True,False,True,True,0.03
V2,223.0,semi_sickled,287,288,72.0,0.020946128241484986,0.048233456909656525,0.0025485011283308268,0.003043080330826342,0.002149393083527684,0.003936767578125,True,False,True,True,0.03
V2,223.0,semi_sickled,288,289,72.25,0.031016908379388045,0.06855959445238113,0.008521965704858303,0.0024415304069407284,0.0012209514388814569,0.003662109375,False,False,True,True,0.03
V2,223.0,semi_sickled,289,290,72.5,0.0125604851054959,0.010766789317131042,0.01947310008108616,0.0057527374010533094,0.005127300973981619,0.006378173828125,True,True,True,True,0.03
V2,223.0,semi_sickled,290,291,72.75,0.0105271304724738,0.021041661500930786,0.004446058068424463,0.0022173821926116943,0.0011083483695983887,0.003326416015625,True,True,True,True,0.03
V2,223.0,semi_sickled,291,292,73.0,0.02264354741200805,0.04974769055843353,0.004740031436085701,0.004341840744018555,0.005052089691162109,0.003631591796875,True,False,True,True,0.03
V2,223.0,semi_sickled,292,293,73.25,0.005779076862381771,0.007807731628417969,0.00507901469245553,0.0035133162746205926,0.002326925517991185,0.00469970703125,True,True,True,True,0.03
V2,223.0,semi_sickled,293,294,73.5,0.02495889220153913,0.05546315014362335,0.003940259572118521,0.005578165175393224,0.0049612619914114475,0.006195068359375,True,False,True,True,0.03
V2,223.0,semi_sickled,294,295,73.75,0.024230764934327454,0.057011038064956665,0.0019802667666226625,0.002933025360107422,0.0026617050170898438,0.003204345703125,True,False,True,True,0.03
V2,224.0,final_sickled,143,144,36.0,0.007763833471108228,0.0101473368704319,0.0064185671508312225,0.00583360088057816,0.005624721292406321,0.00604248046875,True,True,True,True,0.03
V2,224.0,final_sickled,144,145,36.25,0.012849250808358192,0.013818472623825073,0.017648853361606598,0.0045790523290634155,0.004763573408126831,0.00439453125,True,True,True,True,0.03
V2,224.0,final_sickled,145,146,36.5,0.011241012130631134,0.02375492826104164,0.003396885236725211,0.002200523973442614,0.002081712009385228,0.0023193359375,True,True,True,True,0.03
V2,224.0,final_sickled,146,147,36.75,0.01539983600960113,0.02881142869591713,0.00881246943026781,0.003163600922562182,0.003000785829499364,0.003326416015625,True,True,True,True,0.03
V2,224.0,final_sickled,147,148,37.0,0.017106765881180763,0.017263252288103104,0.023915298283100128,0.007324442267417908,0.008820027112960815,0.005828857421875,True,True,True,True,0.03
V2,224.0,final_sickled,148,149,37.25,0.009407376073068009,0.019102059304714203,0.00349334254860878,0.002175529836677015,0.0023368995171040297,0.00201416015625,True,True,True,True,0.03
V2,225.0,final_sickled,262,263,65.75,0.01346266713226214,0.017824631184339523,0.014035421423614025,0.00568166864104569,0.005412409547716379,0.005950927734375,True,True,True,True,0.03
V2,225.0,final_sickled,263,264,66.0,0.029283868416678162,0.04976983368396759,0.021634668111801147,0.007215204415842891,0.0067399791441857815,0.0076904296875,True,False,True,True,0.03
V2,225.0,final_sickled,264,265,66.25,0.14272852768190206,0.18466322124004364,0.18514764308929443,0.016246256418526173,0.023642415180802345,0.00885009765625,False,False,False,True,0.03
V2,225.0,final_sickled,265,266,66.5,0.06168656098889187,0.11271533370018005,0.04437543451786041,0.0042761017102748156,0.004218707326799631,0.00433349609375,False,False,False,True,0.03
V2,225.0,final_sickled,266,267,66.75,0.02919680288177915,0.06500886380672455,0.005302438046783209,0.005349616170860827,0.003405531169846654,0.007293701171875,True,False,True,True,0.03
V2,225.0,final_sickled,267,268,67.0,0.03561137893411796,0.07125835120677948,0.018174508586525917,0.0029878417844884098,0.0016727050533518195,0.004302978515625,False,False,True,True,0.03
V2,225.0,final_sickled,268,269,67.25,0.033417048066621644,0.0758945569396019,0.006079569458961487,0.0037255039205774665,0.003178546903654933,0.0042724609375,False,False,True,True,0.03
V2,225.0,final_sickled,269,270,67.5,0.022302450437564403,0.03036601096391678,0.024723192676901817,0.006011714460328221,0.007750967983156443,0.0042724609375,True,False,True,True,0.03
V2,225.0,final_sickled,270,271,67.75,0.011365727963857354,0.020750321447849274,0.006416408810764551,0.0032794252038002014,0.002805188298225403,0.003753662109375,True,True,True,True,0.03
V2,225.0,final_sickled,271,272,68.0,0.030793020900455305,0.061950914561748505,0.015680747106671333,0.00209757435368374,0.0013570139417424798,0.002838134765625,False,False,True,True,0.03
V2,225.0,final_sickled,272,273,68.25,0.015891877681133336,0.03173145651817322,0.007279790937900543,0.0026054729823954403,0.0019150475272908807,0.0032958984375,True,False,True,True,0.03
V2,225.0,final_sickled,273,274,68.5,0.013604274319368415,0.022914789617061615,0.010496682487428188,0.0030580784077756107,0.0014469673624262214,0.004669189453125,True,True,True,True,0.03
V2,225.0,final_sickled,274,275,68.75,0.021241048537194728,0.04820040613412857,0.00440433993935585,0.0016774684190750122,0.0013712942600250244,0.001983642578125,True,False,True,True,0.03
V2,225.0,final_sickled,275,276,69.0,0.008136831963201984,0.011206448078155518,0.008259880356490612,0.003053178428672254,0.002139071701094508,0.00396728515625,True,True,True,True,0.03
V2,225.0,final_sickled,276,277,69.25,0.015041748806834222,0.008436411619186401,0.029102355241775513,0.005925439298152924,0.006998583674430847,0.004852294921875,True,True,True,True,0.03
V2,225.0,final_sickled,277,278,69.5,0.015206379326991738,0.02076093852519989,0.014679952524602413,0.007056082133203745,0.00996177364140749,0.004150390625,True,True,True,True,0.03
V2,228.0,final_sickled,220,221,55.25,0.026352066337130962,0.028522342443466187,0.034664809703826904,0.01124178385362029,0.012351731769740582,0.0101318359375,True,True,False,True,0.03
V2,228.0,final_sickled,221,222,55.5,0.03191369867417962,0.0546259880065918,0.023290619254112244,0.007646346930414438,0.008090545423328876,0.0072021484375,False,False,True,True,0.03
V2,228.0,final_sickled,222,223,55.75,0.012211883370764554,0.005304932594299316,0.02351638488471508,0.007436702493578196,0.007915397174656391,0.0069580078125,True,True,True,True,0.03
V2,228.0,final_sickled,223,224,56.0,0.019611217617057267,0.03357511758804321,0.013060183264315128,0.006440425757318735,0.00827269721776247,0.004608154296875,True,False,True,True,0.03
V2,228.0,final_sickled,224,225,56.25,0.01645016894908622,0.03146030008792877,0.006197200622409582,0.006788114784285426,0.005275448318570852,0.00830078125,True,False,True,True,0.03
V2,228.0,final_sickled,225,226,56.5,0.019979350094217807,0.025128141045570374,0.024949057027697563,0.004783694865182042,0.004776129964739084,0.004791259765625,True,True,True,True,0.03
V2,228.0,final_sickled,226,227,56.75,0.012492768454831094,0.011674866080284119,0.01841357909142971,0.00551227736286819,0.00556190824136138,0.005462646484375,True,True,True,True,0.03
V2,228.0,final_sickled,227,228,57.0,0.0487772802298423,0.11170195043087006,0.009324779734015465,0.0033313086023554206,0.002390156267210841,0.0042724609375,False,False,True,True,0.03
V2,228.0,final_sickled,228,229,57.25,0.02139473928837106,0.027947112917900085,0.024743234738707542,0.006223047850653529,0.007136037107557058,0.00531005859375,True,True,True,True,0.03
V2,228.0,final_sickled,229,230,57.5,0.010038911864103283,0.02011731266975403,0.004306558519601822,0.001938765257364139,0.0008562902803532779,0.003021240234375,True,True,True,True,0.03
V2,228.0,final_sickled,230,231,57.75,0.002732356695923954,0.0029537081718444824,0.0030288889538496733,0.0019630491733551025,0.0009658932685852051,0.002960205078125,True,True,True,True,0.03
V2,228.0,final_sickled,231,232,58.0,0.05815909646917135,0.11247853934764862,0.02913070283830166,0.011887738946825266,0.015200038440525532,0.008575439453125,False,False,True,True,0.03
V2,228.0,final_sickled,232,233,58.25,0.012298326968448238,0.02780860662460327,0.0017319400794804096,0.0022748211631551385,0.002657552482560277,0.00189208984375,True,True,True,True,0.03
V2,228.0,final_sickled,233,234,58.5,0.010149910941254347,0.008787661790847778,0.015076614916324615,0.005432124016806483,0.0063781640492379665,0.004486083984375,True,True,True,True,0.03
V2,228.0,final_sickled,234,235,58.75,0.007593746564816683,0.007072120904922485,0.010809067636728287,0.003926898119971156,0.004924108739942312,0.0029296875,True,True,True,True,0.03
V2,228.0,final_sickled,235,236,59.0,0.016577882203273477,0.03353989124298096,0.007053858134895563,0.002772301435470581,0.002004563808441162,0.0035400390625,True,False,True,True,0.03
V2,228.0,final_sickled,236,237,59.25,0.009847175260074437,0.0026285648345947266,0.02034943364560604,0.006693790201097727,0.008016486652195454,0.00537109375,True,True,True,True,0.03
V2,228.0,final_sickled,237,238,59.5,0.01374495416530408,0.031208202242851257,0.001452939584851265,0.003012577653862536,0.003187020542100072,0.002838134765625,True,False,True,True,0.03
V2,229.0,final_sickled,150,151,37.75,0.0077586892584804446,0.0009477511048316956,0.018596826121211052,0.0034827986964955926,0.002418478252366185,0.004547119140625,True,True,True,True,0.03
V2,229.0,final_sickled,151,152,38.0,0.001966593146789819,0.0020353496074676514,0.0,0.004609813215211034,0.005374411586672068,0.00384521484375,True,True,True,True,0.03
V2,229.0,final_sickled,152,153,38.25,0.004023457402945496,0.0052480921149253845,0.003745137481018901,0.002453689754474908,0.0015809634933248162,0.003326416015625,True,True,True,True,0.03
V2,229.0,final_sickled,153,154,38.5,0.009251733604469337,0.01890469714999199,0.0033075532410293818,0.002128844440449029,0.0015416244277730584,0.002716064453125,True,True,True,True,0.03
V2,229.0,final_sickled,154,155,38.75,0.007314354402478784,0.01330038532614708,0.002978285076096654,0.0038072019815444946,0.004745751619338989,0.00286865234375,True,True,True,True,0.03
V2,229.0,final_sickled,155,156,39.0,0.0025790112267713994,0.004742365330457687,0.0008699630270712078,0.0015103121404536068,0.0010980168590322137,0.001922607421875,True,True,True,True,0.03
V2,230.0,semi_sickled,242,243,60.75,0.018921065656468273,0.02859208732843399,0.015483827330172062,0.008259564638137817,0.008767664432525635,0.00775146484375,True,True,True,True,0.03
V2,230.0,semi_sickled,243,244,61.0,0.018194801907520743,0.027196787297725677,0.017379889264702797,0.004932502983137965,0.00537892198190093,0.004486083984375,True,True,True,True,0.03
V2,230.0,semi_sickled,244,245,61.25,0.021693588845664635,0.03975421190261841,0.014500785619020462,0.0028665164718404412,0.0029559333343058825,0.002777099609375,True,False,True,True,0.03
V2,230.0,semi_sickled,245,246,61.5,0.027557444755802865,0.06131751835346222,0.006378231104463339,0.003192226111423224,0.0018373330822214484,0.004547119140625,True,False,True,True,0.03
V2,230.0,semi_sickled,246,247,61.75,0.007439141580834985,0.008995026350021362,0.00927064847201109,0.0023856163024902344,0.0018110275268554688,0.002960205078125,True,True,True,True,0.03
V2,230.0,semi_sickled,247,248,62.0,0.04096173841680866,0.09666833281517029,0.004688533954322338,0.002613673626910895,0.0010769566288217902,0.004150390625,False,False,True,True,0.03
V2,230.0,semi_sickled,248,249,62.25,0.03299600592581556,0.06332908570766449,0.0186507236212492,0.004546473501250148,0.005766530986875296,0.003326416015625,False,False,True,True,0.03
V2,230.0,semi_sickled,249,250,62.5,0.037835231795907025,0.07897104322910309,0.015658773481845856,0.003064975142478943,0.0029866397380828857,0.003143310546875,False,False,True,True,0.03
V2,230.0,semi_sickled,250,251,62.75,0.018431503023020924,0.03931863605976105,0.003058376722037792,0.006534466985613108,0.007911463268101215,0.005157470703125,True,False,True,True,0.03
V2,230.0,semi_sickled,251,252,63.0,0.04327457170584239,0.09117820858955383,0.016714399680495262,0.003812993527390063,0.0025905866641551256,0.005035400390625,False,False,True,True,0.03
V2,230.0,semi_sickled,252,253,63.25,0.009186572732869536,0.018191665410995483,0.002563985763117671,0.00405004620552063,0.0036445260047912598,0.00445556640625,True,True,True,True,0.03
V2,230.0,semi_sickled,253,254,63.5,0.023899788421113045,0.04242222011089325,0.01616647280752659,0.005090539576485753,0.005023608449846506,0.005157470703125,True,False,True,True,0.03
V2,230.0,semi_sickled,254,255,63.75,0.020838917588116602,0.0472920686006546,0.003235497744753957,0.0031586637487635016,0.0037843685131520033,0.002532958984375,True,False,True,True,0.03
V2,230.0,semi_sickled,255,256,64.0,0.02595901982858777,0.04619671404361725,0.019134005531668663,0.003133729100227356,0.002422243356704712,0.00384521484375,True,False,True,True,0.03
V2,230.0,semi_sickled,256,257,64.25,0.007667328603565693,0.01668153703212738,0.0012885649921372533,0.0021748641738668084,0.002549191238358617,0.001800537109375,True,True,True,True,0.03
V2,230.0,semi_sickled,257,258,64.5,0.006807610974647105,0.01088385283946991,0.005977391730993986,0.001447930932044983,0.0008206665515899658,0.0020751953125,True,True,True,True,0.03
V2,232.0,semi_sickled,235,236,59.0,0.027569950243923814,0.054088376462459564,0.013036069460213184,0.005487901391461492,0.004994357470422983,0.0059814453125,True,False,True,True,0.03
V2,232.0,semi_sickled,236,237,59.25,0.02420400568516925,0.04167676717042923,0.01856338419020176,0.0041444574017077684,0.003955418709665537,0.00433349609375,True,False,True,True,0.03
V2,232.0,semi_sickled,237,238,59.5,0.012223746720701456,0.019269675016403198,0.010403117164969444,0.003499142825603485,0.00257323682308197,0.004425048828125,True,True,True,True,0.03
V2,232.0,semi_sickled,238,239,59.75,0.013096283044433221,0.015988551080226898,0.016078190878033638,0.004293983220122755,0.003308425424620509,0.005279541015625,True,True,True,True,0.03
V2,232.0,semi_sickled,239,240,60.0,0.004754984175087884,0.004698440432548523,0.005216566380113363,0.004199239076115191,0.003332560183480382,0.00506591796875,True,True,True,True,0.03
V2,232.0,semi_sickled,240,241,60.25,0.02250585928559303,0.03545790910720825,0.020479954779148102,0.004618845880031586,0.006063863635063171,0.003173828125,True,False,True,True,0.03
V2,233.0,final_sickled,232,233,58.25,0.009900984773412346,0.007989875972270966,0.01421672385185957,0.006916724145412445,0.00559370219707489,0.00823974609375,True,True,True,True,0.03
V2,233.0,final_sickled,233,234,58.5,0.010258638102095574,0.004575416445732117,0.020320994779467583,0.005264493403956294,0.006226008292287588,0.004302978515625,True,True,True,True,0.03
V2,233.0,final_sickled,234,235,58.75,0.020894754864275455,0.03696689009666443,0.013855945318937302,0.005033671855926514,0.005977988243103027,0.00408935546875,True,False,True,True,0.03
V2,233.0,final_sickled,235,236,59.0,0.011445047322195024,0.004889078438282013,0.022632038220763206,0.006272810278460383,0.005953823681920767,0.006591796875,True,True,True,True,0.03
V2,233.0,final_sickled,236,237,59.25,0.026030417159199716,0.03899870067834854,0.025946378707885742,0.0053988173604011536,0.006433621048927307,0.004364013671875,True,False,True,True,0.03
V2,233.0,final_sickled,237,238,59.5,0.033379860850982365,0.05865458399057388,0.02091131918132305,0.010396262165158987,0.013010541908442974,0.007781982421875,False,False,True,True,0.03
V2,233.0,final_sickled,238,239,59.75,0.015564613649621606,0.03215231001377106,0.0037893422413617373,0.0055096794385463,0.0066248276270926,0.00439453125,True,False,True,True,0.03
V2,233.0,final_sickled,239,240,60.0,0.014916873897891491,0.017918169498443604,0.018934765830636024,0.004489752231165767,0.005164807196706533,0.003814697265625,True,True,True,True,0.03
V2,233.0,final_sickled,240,241,60.25,0.00662423301837407,0.006915166974067688,0.00911376066505909,0.002673399983905256,0.0029664288740605116,0.00238037109375,True,True,True,True,0.03
V2,233.0,final_sickled,241,242,60.5,0.025048074871301652,0.04113203287124634,0.021230652928352356,0.004658132791519165,0.00598984956741333,0.003326416015625,True,False,True,True,0.03
V2,233.0,final_sickled,242,243,60.75,0.030751154571771622,0.058034271001815796,0.018920183181762695,0.00366152822971344,0.00375249981880188,0.003570556640625,False,False,True,True,0.03
V2,233.0,final_sickled,243,244,61.0,0.013392678555101158,0.015302658081054688,0.017341868951916695,0.0048078447580337524,0.004946500062942505,0.004669189453125,True,True,True,True,0.03
V2,233.0,final_sickled,244,245,61.25,0.033409447455778715,0.07445104420185089,0.00880942028015852,0.0021829307079315186,0.002809464931488037,0.001556396484375,False,False,True,True,0.03
V2,233.0,final_sickled,245,246,61.5,0.008121502393623813,0.01719195395708084,0.0013463078066706657,0.003094052313826978,0.0032584171276539564,0.0029296875,True,True,True,True,0.03
V2,233.0,final_sickled,246,247,61.75,0.009866858168970793,0.003898419439792633,0.020066864788532257,0.005136350868269801,0.005908688064664602,0.004364013671875,True,True,True,True,0.03
V2,233.0,final_sickled,247,248,62.0,0.0053033653122838585,0.003211602568626404,0.009461808949708939,0.0028283646097406745,0.003764639375731349,0.00189208984375,True,True,True,True,0.03
V2,233.0,final_sickled,248,249,62.25,0.002913098700810224,0.0028973668813705444,0.002916514640673995,0.002933487296104431,0.0028152167797088623,0.0030517578125,True,True,True,True,0.03
V2,233.0,final_sickled,249,250,62.5,0.012736315641086548,0.006611965596675873,0.02534220926463604,0.004887024639174342,0.004433473106473684,0.005340576171875,True,True,True,True,0.03
V2,233.0,final_sickled,250,251,62.75,0.01641276888549328,0.03719524294137955,0.0028616860508918762,0.002132326364517212,0.0016096234321594238,0.002655029296875,True,False,True,True,0.03
V2,234.0,final_sickled,220,221,55.25,0.03129637136589736,0.05854478478431702,0.017188744619488716,0.007449587341398001,0.009192387573421001,0.005706787109375,False,False,True,True,0.03
V2,234.0,final_sickled,221,222,55.5,0.0087144770543091,0.009691938757896423,0.010246176272630692,0.005006159422919154,0.004976918455213308,0.005035400390625,True,True,True,True,0.03
V2,234.0,final_sickled,222,223,55.75,0.007610927615314722,0.00203077495098114,0.01570996455848217,0.005200520157814026,0.005884438753128052,0.0045166015625,True,True,True,True,0.03
V2,234.0,final_sickled,223,224,56.0,0.08022116816136986,0.046070560812950134,0.1692562699317932,0.010212997440248728,0.012735565192997456,0.0076904296875,False,False,False,True,0.03
V2,234.0,final_sickled,224,225,56.25,0.010238040663534776,0.006508573889732361,0.019291337579488754,0.003530571819283068,0.0037042100448161364,0.00335693359375,True,True,True,True,0.03
V2,234.0,final_sickled,225,226,56.5,0.025135803036391735,0.04291750490665436,0.019577760249376297,0.004466339945793152,0.005331605672836304,0.00360107421875,True,False,True,True,0.03
V2,234.0,final_sickled,226,227,56.75,0.013795931590721011,0.02457268536090851,0.009492733515799046,0.0025776028633117676,0.002988457679748535,0.002166748046875,True,True,True,True,0.03
V2,234.0,final_sickled,227,228,57.0,0.03638699473813176,0.07282128930091858,0.018007075414061546,0.003824010491371155,0.00441315770149231,0.00323486328125,False,False,True,True,0.03
V2,234.0,final_sickled,228,229,57.25,0.01596781190310139,0.02915758639574051,0.010697421617805958,0.002242719114292413,0.001830408931709826,0.002655029296875,True,True,True,True,0.03
V2,234.0,final_sickled,229,230,57.5,0.035560986422933635,0.04802282899618149,0.04231354966759682,0.006168449763208628,0.007972885854542255,0.004364013671875,False,False,False,True,0.03
V2,234.0,final_sickled,230,231,57.75,0.01456439621397294,0.010874539613723755,0.027030641213059425,0.003015423775650561,0.0028875370044261217,0.003143310546875,True,True,True,True,0.03
V2,234.0,final_sickled,231,232,58.0,0.0034967872052220628,0.004225313663482666,0.003476083278656006,0.0023601303691975772,0.0017905732383951545,0.0029296875,True,True,True,True,0.03
V2,234.0,final_sickled,232,233,58.25,0.007325807539746165,0.006138518452644348,0.012672469951212406,0.0017401427030563354,0.001588195562362671,0.00189208984375,True,True,True,True,0.03
V2,234.0,final_sickled,233,234,58.5,0.011258393619209528,0.009777888655662537,0.01733401231467724,0.005121335387229919,0.005787104368209839,0.00445556640625,True,True,True,True,0.03
V2,234.0,final_sickled,234,235,58.75,0.012111626297701149,0.009818479418754578,0.019413545727729797,0.00555797410197556,0.00699607515707612,0.004119873046875,True,True,True,True,0.03
V2,234.0,final_sickled,235,236,59.0,0.019635075808037073,0.04225647449493408,0.005024999380111694,0.0038949449080973864,0.005440036300569773,0.002349853515625,True,False,True,True,0.03
V2,239.0,final_sickled,196,197,49.25,0.009917114104609936,0.002860330045223236,0.020460324361920357,0.006447474239394069,0.0042889914475381374,0.00860595703125,True,True,True,True,0.03
V2,239.0,final_sickled,197,198,49.5,0.02787913689389825,0.038429565727710724,0.028502894565463066,0.010125190019607544,0.013658583164215088,0.006591796875,True,False,True,True,0.03
V2,239.0,final_sickled,198,199,49.75,0.01565975109115243,0.01612575352191925,0.02303398959338665,0.004590213298797607,0.003015875816345215,0.00616455078125,True,True,True,True,0.03
V2,239.0,final_sickled,199,200,50.0,0.03227410420076922,0.04302568733692169,0.03931914642453194,0.005208512069657445,0.00486282492056489,0.00555419921875,False,False,False,True,0.03
V2,239.0,final_sickled,200,201,50.25,0.03801180052105337,0.07682039588689804,0.01555864792317152,0.007352461572736502,0.007899503223598003,0.006805419921875,False,False,True,True,0.03
V2,239.0,final_sickled,201,202,50.5,0.016363633703440426,0.02121330052614212,0.01826700009405613,0.005939453840255737,0.005989015102386475,0.005889892578125,True,True,True,True,0.03
V2,239.0,final_sickled,202,203,50.75,0.056434329226613046,0.1188654899597168,0.02226511389017105,0.0043813735246658325,0.004856497049331665,0.00390625,False,False,True,True,0.03
V2,239.0,final_sickled,203,204,51.0,0.021464610123075545,0.014705415815114975,0.03934727981686592,0.00724358344450593,0.00844468642026186,0.00604248046875,True,True,False,True,0.03
V2,239.0,final_sickled,204,205,51.25,0.01165686547756195,0.01572856307029724,0.011352837085723877,0.005567789077758789,0.006680011749267578,0.00445556640625,True,True,True,True,0.03
V2,239.0,final_sickled,205,206,51.5,0.0125403176760301,0.0258331298828125,0.00449336739256978,0.002537548542022705,0.00275576114654541,0.0023193359375,True,True,True,True,0.03
V2,239.0,final_sickled,206,207,51.75,0.010757089033722878,0.005149338394403458,0.02317669242620468,0.002342045307159424,0.0014797449111938477,0.003204345703125,True,True,True,True,0.03
V2,239.0,final_sickled,207,208,52.0,0.0036278087878599758,0.00012236833572387695,0.006365853827446699,0.005403250455856323,0.0067476630210876465,0.004058837890625,True,True,True,True,0.03
V2,239.0,final_sickled,208,209,52.25,0.00868730853544548,0.016445040702819824,0.003730769967660308,0.0032140910625457764,0.004291951656341553,0.00213623046875,True,True,True,True,0.03
V2,241.0,semi_sickled,209,210,52.5,0.020533373428042977,0.04586860537528992,0.002841358305886388,0.004765823483467102,0.005930572748184204,0.00360107421875,True,False,True,True,0.03
V2,241.0,semi_sickled,210,211,52.75,0.005607112986035645,0.006313055753707886,0.005529434885829687,0.004586353898048401,0.004228860139846802,0.00494384765625,True,True,True,True,0.03
V2,241.0,semi_sickled,211,212,53.0,0.010370658454485237,0.01744462549686432,0.0055556162260472775,0.005793370306491852,0.005452707409858704,0.006134033203125,True,True,True,True,0.03
V2,241.0,semi_sickled,212,213,53.25,0.021544161171186717,0.04052729904651642,0.011917121708393097,0.004648995818570256,0.0060631283558905125,0.00323486328125,True,False,True,True,0.03
V2,241.0,semi_sickled,213,214,53.5,0.014908710680902005,0.033372774720191956,0.002858821302652359,0.0022360533475875854,0.001847594976425171,0.00262451171875,True,False,True,True,0.03
V2,241.0,semi_sickled,214,215,53.75,0.03765860137355048,0.043463900685310364,0.055931851267814636,0.0027875726227648556,0.0014857897767797112,0.00408935546875,False,False,False,True,0.03
V2,241.0,semi_sickled,215,216,54.0,0.026643869042163714,0.0410698801279068,0.02646166831254959,0.0038173323264345527,0.0032096158247441053,0.004425048828125,True,False,True,True,0.03
V2,241.0,semi_sickled,216,217,54.25,0.01819677819730714,0.02732764184474945,0.01643652282655239,0.00605175388045609,0.00752587104216218,0.00457763671875,True,True,True,True,0.03
V2,241.0,semi_sickled,217,218,54.5,0.012811063649132847,0.018869265913963318,0.012883386574685574,0.0030166879296302795,0.002676442265510559,0.00335693359375,True,True,True,True,0.03
V2,241.0,semi_sickled,218,219,54.75,0.016287322249263526,0.0356273353099823,0.003499748185276985,0.003245905041694641,0.0026160776615142822,0.003875732421875,True,False,True,True,0.03
V2,241.0,semi_sickled,219,220,55.0,0.010134930122876539,0.009457826614379883,0.01609545759856701,0.0028735572705045342,0.0024817336816340685,0.003265380859375,True,True,True,True,0.03
V2,241.0,semi_sickled,220,221,55.25,0.00222650842188159,0.003231927752494812,0.00172338355332613,0.001322212308878079,0.0008744050865061581,0.00177001953125,True,True,True,True,0.03
V2,243.0,final_sickled,123,124,31.0,0.020887448749272154,0.04564235359430313,0.00484691234305501,0.0037363519659265876,0.002986619947478175,0.004486083984375,True,False,True,True,0.03
V2,243.0,final_sickled,124,125,31.25,0.002670463130925782,0.004344664514064789,0.0008793514571152627,0.002499297261238098,0.0024351179599761963,0.0025634765625,True,True,True,True,0.03
V2,243.0,final_sickled,125,126,31.5,0.015532063536375065,0.03492778539657593,0.003180650994181633,0.0017908861191244796,0.0004689792694989592,0.00311279296875,True,False,True,True,0.03
V2,243.0,final_sickled,126,127,31.75,0.0024394464388024064,0.004397222772240639,0.0010679844999685884,0.001227051019668579,0.0005314946174621582,0.001922607421875,True,True,True,True,0.03
V2,243.0,final_sickled,127,128,32.0,0.0036827827600063754,0.00555931031703949,0.0028683217242360115,0.0018205841188319027,0.0011387268314138055,0.00250244140625,True,True,True,True,0.03
V2,243.0,final_sickled,128,129,32.25,0.004530116764362902,0.0066191162914037704,0.003568080486729741,0.0025345683097839355,0.003116011619567871,0.001953125,True,True,True,True,0.03
V2,244.0,semi_sickled,177,178,44.5,0.029493774933507667,0.061916910111904144,0.010930688120424747,0.0036050801863893867,0.0027851115446537733,0.004425048828125,True,False,True,True,0.03
V2,244.0,semi_sickled,178,179,44.75,0.014665247220546008,0.0136709064245224,0.020360631868243217,0.008282653987407684,0.010126098990440369,0.006439208984375,True,True,True,True,0.03
V2,244.0,semi_sickled,179,180,45.0,0.04482492720708251,0.0900658592581749,0.02035091258585453,0.0067030563950538635,0.006539657711982727,0.006866455078125,False,False,True,True,0.03
V2,244.0,semi_sickled,180,181,45.25,0.006025720911566168,0.003638163208961487,0.008912182413041592,0.005804767133668065,0.00629947567358613,0.00531005859375,True,True,True,True,0.03
V2,244.0,semi_sickled,181,182,45.5,0.017594933230429887,0.03531884402036667,0.006897954270243645,0.0042124465107917786,0.003267422318458557,0.005157470703125,True,False,True,True,0.03
V2,244.0,semi_sickled,182,183,45.75,0.019495701824780554,0.03873853385448456,0.0077494061551988125,0.005151984514668584,0.005115980748087168,0.00518798828125,True,False,True,True,0.03
V2,244.0,semi_sickled,183,184,46.0,0.020167717285221445,0.0442584753036499,0.0037507193628698587,0.004606301547028124,0.0032616753596812487,0.005950927734375,True,False,True,True,0.03
V2,244.0,semi_sickled,184,185,46.25,0.044238584546837954,0.09837158024311066,0.010402061976492405,0.004996923031285405,0.00547724450007081,0.0045166015625,False,False,True,True,0.03
V2,244.0,semi_sickled,185,186,46.5,0.04118429703521542,0.09873470664024353,0.0019527083495631814,0.004027865827083588,0.0025015324354171753,0.00555419921875,False,False,True,True,0.03
V2,244.0,semi_sickled,186,187,46.75,0.011778641259297729,0.0185089111328125,0.009530370123684406,0.004157789051532745,0.0023341327905654907,0.0059814453125,True,True,True,True,0.03
V2,244.0,semi_sickled,187,188,47.0,0.03190090321004391,0.06113404035568237,0.016022339463233948,0.007357873022556305,0.01096208393573761,0.003753662109375,False,False,True,True,0.03
V2,244.0,semi_sickled,188,189,47.25,0.0563684547203593,0.13465183973312378,0.004519658628851175,0.00370335322804749,0.00539254629984498,0.00201416015625,False,False,True,True,0.03
V2,244.0,semi_sickled,189,190,47.5,0.03915011710487307,0.08302080631256104,0.013261494226753712,0.005201086401939392,0.005092114210128784,0.00531005859375,False,False,True,True,0.03
V2,244.0,semi_sickled,190,191,47.75,0.008749664152184358,0.009752646088600159,,0.007144893053919077,0.011512686498463154,0.002777099609375,True,True,,True,0.03
V2,244.0,semi_sickled,191,192,48.0,0.08591885259374976,0.13560739159584045,,0.0064171901904046535,0.007982085458934307,0.004852294921875,False,False,,True,0.03
V2,244.0,semi_sickled,192,193,48.25,0.020189915138941545,0.03022170066833496,,0.004139058291912079,0.005287393927574158,0.00299072265625,True,False,,True,0.03
V2,244.0,semi_sickled,193,194,48.5,0.05365614019907438,0.08502651751041412,,0.003463536500930786,0.004882395267486572,0.002044677734375,False,False,,True,0.03
V2,244.0,semi_sickled,194,195,48.75,0.0017957954685418652,0.0011659711599349976,,0.0028035143623128533,0.0034402806777507067,0.002166748046875,True,True,,True,0.03
V2,244.0,semi_sickled,195,196,49.0,0.045222606223363146,0.071673184633255,,0.0029016807675361633,0.0032704025506973267,0.002532958984375,False,False,,True,0.03
V2,244.0,semi_sickled,196,197,49.25,0.0285038096167577,0.04459443688392639,,0.0027588059892877936,0.0037781100254505873,0.001739501953125,True,False,,True,0.03
V2,244.0,semi_sickled,197,198,49.5,0.03854657976682155,0.06198368966579437,,0.0010472039284650236,0.0006905992631800473,0.00140380859375,False,False,,True,0.03
V2,244.0,semi_sickled,198,199,49.75,0.01028093106399935,0.013775303959846497,,0.004689934430643916,0.006297593470662832,0.003082275390625,True,True,,True,0.03
V2,244.0,semi_sickled,199,200,50.0,0.03344177949922876,0.05293278396129608,,0.002256172359921038,0.0021930087823420763,0.0023193359375,False,False,,True,0.03
V2,244.0,semi_sickled,200,201,50.25,0.02456137462286279,0.03874026983976364,,0.0018751422758214176,0.0019192298641428351,0.0018310546875,True,False,,True,0.03
V2,244.0,semi_sickled,201,202,50.5,0.01511672384535464,0.022611312568187714,,0.003125381888821721,0.004816437605768442,0.001434326171875,True,True,,True,0.03
V2,244.0,semi_sickled,202,203,50.75,0.01733520569709631,0.02686426043510437,,0.0020887181162834167,0.0026820749044418335,0.001495361328125,True,True,,True,0.03
V2,244.0,semi_sickled,203,204,51.0,0.0082358167721675,0.011684656143188477,,0.0027176737785339355,0.002322554588317871,0.00311279296875,True,True,,True,0.03
V2,244.0,semi_sickled,204,205,51.25,0.01585006599242871,0.02414223551750183,,0.0025825947523117065,0.002174466848373413,0.00299072265625,True,True,,True,0.03
V2,244.0,semi_sickled,205,206,51.5,0.06918729363734691,0.11152559518814087,,0.0014460111560765654,0.0005726863746531308,0.0023193359375,False,False,,True,0.03
V2,244.0,semi_sickled,206,207,51.75,0.07097666041227058,0.1139947921037674,,0.002147649705875665,0.00188441073987633,0.002410888671875,False,False,,True,0.03
V2,244.0,semi_sickled,207,208,52.0,0.009066256193014292,0.013805180788040161,,0.0014839768409729004,0.0016251802444458008,0.0013427734375,True,True,,True,0.03
V2,244.0,semi_sickled,208,209,52.25,0.024252090477742832,0.037232719361782074,,0.003483084263280034,0.005409772042185068,0.001556396484375,True,False,,True,0.03
V2,244.0,semi_sickled,209,210,52.5,0.021511995654481534,0.03382808715105057,,0.0018062492599710822,0.0021781723480671644,0.001434326171875,True,False,,True,0.03
V2,244.0,semi_sickled,210,211,52.75,0.01097357559662599,0.016501009464263916,,0.002129681408405304,0.002580896019935608,0.001678466796875,True,True,,True,0.03
V2,244.0,semi_sickled,211,212,53.0,0.027240961628894392,0.041747212409973145,,0.004030960379168391,0.0040336004458367825,0.0040283203125,True,False,,True,0.03
V2,244.0,semi_sickled,212,213,53.25,0.018715662819046814,0.0290326327085495,,0.0022085109958425164,0.003409941913560033,0.001007080078125,True,True,,True,0.03
V2,247.0,final_sickled,280,281,70.25,0.027788246062118563,0.04978356510400772,0.01947277970612049,0.004237388493493199,0.005087325815111399,0.003387451171875,True,False,True,True,0.03
V2,247.0,final_sickled,281,282,70.5,0.0038004622212611137,0.004089713096618652,0.0028409298975020647,0.004681006073951721,0.004051953554153442,0.00531005859375,True,True,True,True,0.03
V2,247.0,final_sickled,282,283,70.75,0.009460326342377812,0.0075194090604782104,0.015092612244188786,0.00468059373088181,0.00508872652426362,0.0042724609375,True,True,True,True,0.03
V2,247.0,final_sickled,283,284,71.0,0.077778703533113,0.1575595736503601,0.03788493946194649,0.005980581045150757,0.005399882793426514,0.006561279296875,False,False,False,True,0.03
V2,247.0,final_sickled,284,285,71.25,0.024590977816842496,0.03530314564704895,0.025165215134620667,0.006647577043622732,0.008381824009120464,0.004913330078125,True,False,True,True,0.03
V2,247.0,final_sickled,285,286,71.5,0.007316130021354184,0.013544782996177673,0.0015374879585579038,0.005440384149551392,0.005723297595977783,0.005157470703125,True,True,True,True,0.03
V2,247.0,final_sickled,286,287,71.75,0.033707429323112596,0.06296952068805695,0.021496905013918877,0.003982817172072828,0.0034490327816456556,0.0045166015625,False,False,True,True,0.03
V2,247.0,final_sickled,287,288,72.0,0.01929580444848398,0.037877410650253296,0.010207682847976685,0.002288604766363278,0.0008235474233515561,0.003753662109375,True,False,True,True,0.03
V2,247.0,final_sickled,288,289,72.25,0.020022530294954776,0.019440248608589172,0.033163558691740036,0.002556741237640381,0.0014818906784057617,0.003631591796875,True,True,False,True,0.03
V2,247.0,final_sickled,289,290,72.5,0.007963665973511525,0.01548011600971222,0.0035292673856019974,0.002145503938663751,0.0018801192054525018,0.002410888671875,True,True,True,True,0.03
V2,247.0,final_sickled,290,291,72.75,0.004419404332293197,0.005532592535018921,0.004347806330770254,0.002738540410064161,0.0034629206638783216,0.00201416015625,True,True,True,True,0.03
V2,247.0,final_sickled,291,292,73.0,0.01650872649624944,0.01539958268404007,0.026973357424139977,0.003632873296737671,0.005037963390350342,0.002227783203125,True,True,True,True,0.03
V2,247.0,final_sickled,292,293,73.25,0.028818608087021858,0.044538043439388275,0.02858848311007023,0.00398968649096787,0.0051412382163107395,0.002838134765625,True,False,True,True,0.03
V2,248.0,final_sickled,233,234,58.5,0.0187320445664227,0.026522457599639893,0.020484676584601402,0.003813698887825012,0.0035685598850250244,0.004058837890625,True,True,True,True,0.03
V2,248.0,final_sickled,234,235,58.75,0.018867215514183043,0.023205049335956573,0.022387444972991943,0.0069983601570129395,0.009083390235900879,0.004913330078125,True,True,True,True,0.03
V2,248.0,final_sickled,235,236,59.0,0.014293905347585678,0.021849844604730606,0.012477964162826538,0.004746720194816589,0.005831331014633179,0.003662109375,True,True,True,True,0.03
V2,248.0,final_sickled,236,237,59.25,0.009480426210211591,0.019269347190856934,0.0031231960747390985,0.002718274830840528,0.001957545755431056,0.00347900390625,True,True,True,True,0.03
V2,248.0,final_sickled,237,238,59.5,0.010462599001766649,0.004510462284088135,0.023369714617729187,0.0019160558877047151,0.0009024242754094303,0.0029296875,True,True,True,True,0.03
V2,248.0,final_sickled,238,239,59.75,0.00562749023665674,0.007250599563121796,0.005229041446000338,0.0035883436212316155,0.003819753648713231,0.00335693359375,True,True,True,True,0.03
V2,250.0,final_sickled,28,29,7.25,0.012724802632314654,0.018201135098934174,,0.003962670685723424,0.004690478090196848,0.00323486328125,True,True,,True,0.03
V2,250.0,final_sickled,29,30,7.5,0.004308660747483373,,,0.004308660747483373,0.005016247276216745,0.00360107421875,True,,,True,0.03
V2,250.0,final_sickled,30,31,7.75,0.004022354958578944,,,0.004022354958578944,0.004107942339032888,0.003936767578125,True,,,True,0.03
V2,250.0,final_sickled,31,32,8.0,0.008115887641906738,,,0.008115887641906738,0.009182214736938477,0.007049560546875,True,,,True,0.03
V2,250.0,final_sickled,32,33,8.25,0.016971767550179113,,0.025365574285387993,0.0052204381208866835,0.005771686788648367,0.004669189453125,True,,True,True,0.03
V2,250.0,final_sickled,33,34,8.5,0.014931745497354617,,0.022188374772667885,0.004772464511916041,0.004784186836332083,0.0047607421875,True,,True,True,0.03
V2,251.0,semi_sickled,476,477,119.25,0.033037961006630215,0.07650390267372131,0.004742585122585297,0.0031059805769473314,0.003953660372644663,0.00225830078125,False,False,True,True,0.03
V2,251.0,semi_sickled,477,478,119.5,0.016021877454477362,0.025381281971931458,0.015264413319528103,0.0021072800154797733,0.0012543549528345466,0.002960205078125,True,True,True,True,0.03
V2,251.0,semi_sickled,478,479,119.75,0.032943065103609115,0.05533084273338318,0.026810402050614357,0.005708349170163274,0.007144237402826548,0.0042724609375,False,False,True,True,0.03
V2,252.0,semi_sickled,264,265,66.25,0.019687218021135777,0.021407529711723328,0.02701033093035221,0.006682361243292689,0.006833960767835379,0.00653076171875,True,True,True,True,0.03
V2,252.0,semi_sickled,265,266,66.5,0.041323838778771466,0.06687381863594055,0.03640143200755119,0.007335240487009287,0.007895578630268574,0.00677490234375,False,False,False,True,0.03
V2,252.0,semi_sickled,266,267,66.75,0.08693984444253147,0.1524251103401184,0.06557468324899673,0.012074644677340984,0.01850353740155697,0.005645751953125,False,False,False,True,0.03
V2,252.0,semi_sickled,267,268,67.0,0.11849683527834715,0.21493835747241974,0.0792141929268837,0.01918609905987978,0.02979675866663456,0.008575439453125,False,False,False,True,0.03
V2,252.0,semi_sickled,268,269,67.25,0.029653511266224085,0.04998423159122467,0.022716069594025612,0.006836777087301016,0.009065399877727032,0.004608154296875,True,False,True,True,0.03
V2,252.0,semi_sickled,269,270,67.5,0.015005505480803549,0.003993913531303406,0.03337588533759117,0.006905520800501108,0.008958746679127216,0.004852294921875,True,True,False,True,0.03
V2,252.0,semi_sickled,270,271,67.75,0.012168577383272348,0.0011058598756790161,0.02846389450132847,0.007055481430143118,0.009777466766536236,0.00433349609375,True,True,True,True,0.03
V2,252.0,semi_sickled,271,272,68.0,0.096476293890737,0.15601010620594025,0.09130284190177917,0.00846502697095275,0.008964966051280499,0.007965087890625,False,False,False,True,0.03
V2,252.0,semi_sickled,272,273,68.25,0.013890905189327896,0.015573099255561829,0.017062759026885033,0.006758799310773611,0.008268575184047222,0.0052490234375,True,True,True,True,0.03
V2,252.0,semi_sickled,273,274,68.5,0.04313744939863682,0.007572755217552185,0.10921191424131393,0.007536709308624268,0.007413506507873535,0.007659912109375,False,True,False,True,0.03
V2,252.0,semi_sickled,274,275,68.75,0.04682008668314666,0.08752119541168213,0.027546511963009834,0.008681317325681448,0.012022058479487896,0.005340576171875,False,False,True,True,0.03
V2,252.0,semi_sickled,275,276,69.0,0.00914221020648256,0.008986562490463257,0.011686419136822224,0.005829354049637914,0.007782975677400827,0.003875732421875,True,True,True,True,0.03
V2,252.0,semi_sickled,276,277,69.25,0.024201897694729267,0.032890066504478455,0.026386402547359467,0.007242520805448294,0.009571711532771587,0.004913330078125,True,False,True,True,0.03
V2,252.0,semi_sickled,277,278,69.5,0.011523456289432943,0.005369037389755249,0.02126728743314743,0.0077291629277169704,0.008591870777308941,0.006866455078125,True,True,True,True,0.03
V2,252.0,semi_sickled,278,279,69.75,0.014088679675478489,0.01716405153274536,0.01633085124194622,0.006029044510796666,0.007663557771593332,0.00439453125,True,True,True,True,0.03
V2,252.0,semi_sickled,279,280,70.0,0.057492009468842295,0.09342342615127563,0.052420374006032944,0.007102032424882054,0.007459680084139109,0.006744384765625,False,False,False,True,0.03
V2,252.0,semi_sickled,280,281,70.25,0.06145413422491401,0.09367646276950836,0.06333334743976593,0.007267510052770376,0.009743760339915752,0.004791259765625,False,False,False,True,0.03
V2,252.0,semi_sickled,281,282,70.5,0.03591191601008177,0.044279858469963074,0.04702894762158394,0.00695936381816864,0.00940212607383728,0.0045166015625,False,False,False,True,0.03
V2,252.0,semi_sickled,282,283,70.75,0.01931380414171144,0.004666447639465332,0.045172158628702164,0.006547878263518214,0.0075110397301614285,0.005584716796875,True,True,False,True,0.03
V2,252.0,semi_sickled,283,284,71.0,0.03433054396882653,0.058976709842681885,0.025132162496447563,0.007774412631988525,0.00944530963897705,0.006103515625,False,False,True,True,0.03
V2,252.0,semi_sickled,284,285,71.25,0.02931218461599201,0.04050328582525253,0.032050035893917084,0.007573430892080069,0.008341441862285137,0.006805419921875,True,False,False,True,0.03
V2,252.0,semi_sickled,285,286,71.5,0.12558787465095522,0.2323276698589325,0.08615541458129883,0.01000964641571045,0.010650396347045898,0.009368896484375,False,False,False,True,0.03
V2,252.0,semi_sickled,286,287,71.75,0.06589589735958726,0.12749172747135162,0.035714492201805115,0.00959653640165925,0.0130895571783185,0.006103515625,False,False,False,True,0.03
V2,252.0,semi_sickled,287,288,72.0,0.038396255776751785,0.032926544547080994,0.0684519037604332,0.00506988656707108,0.00513489032164216,0.0050048828125,False,False,False,True,0.03
V2,252.0,semi_sickled,288,289,72.25,0.03985387696705472,0.0628213882446289,,0.0031058589229360223,0.0028853018302470446,0.003326416015625,False,False,,True,0.03
V2,252.0,semi_sickled,289,290,72.5,0.10100115798951056,0.16080087423324585,,0.0053216119995340705,0.003441075561568141,0.0072021484375,False,False,,True,0.03
V2,252.0,semi_sickled,290,291,72.75,0.01080684982589446,0.01998831331729889,0.0060255881398916245,0.0028102746000513434,0.002233098028227687,0.003387451171875,True,True,True,True,0.03
V2,252.0,semi_sickled,291,292,73.0,0.019101163148521803,0.028609827160835266,,0.0038873007288202643,0.0028917889576405287,0.0048828125,True,True,,True,0.03
V2,252.0,semi_sickled,292,293,73.25,0.00996369279276293,0.013223931193351746,,0.0047473113518208265,0.006229241844266653,0.003265380859375,True,True,,True,0.03
V2,252.0,semi_sickled,293,294,73.5,0.016870014942609347,0.025410890579223633,,0.0032046139240264893,0.0039983391761779785,0.002410888671875,True,True,,True,0.03
V2,252.0,semi_sickled,294,295,73.75,0.041032798771853916,0.06568288803100586,,0.001592655957210809,0.000988046289421618,0.002197265625,False,False,,True,0.03
V2,252.0,semi_sickled,295,296,74.0,0.021774759659400355,0.033309295773506165,,0.0033195018768310547,0.0030989646911621094,0.0035400390625,True,False,,True,0.03
V2,252.0,semi_sickled,296,297,74.25,0.022421562533753995,0.03434377908706665,,0.0033460160484537482,0.0028162996750324965,0.003875732421875,True,False,,True,0.03
V2,252.0,semi_sickled,297,298,74.5,0.018675644270842895,0.016412630677223206,0.031885791569948196,0.0038022598018869758,0.0034236114006489515,0.004180908203125,True,True,False,True,0.03
V2,252.0,semi_sickled,298,299,74.75,0.02340163813205436,0.04125933349132538,0.015992382541298866,0.005202283384278417,0.005796412471681833,0.004608154296875,True,False,True,True,0.03
V2,252.0,semi_sickled,299,300,75.0,0.03663905443972908,0.041268303990364075,0.05503420904278755,0.0034790387144312263,0.0031128625851124525,0.00384521484375,False,False,False,True,0.03
V2,252.0,semi_sickled,300,301,75.25,0.04222221198724582,0.04771508276462555,0.06275670230388641,0.004685332300141454,0.0050676860846579075,0.004302978515625,False,False,False,True,0.03
V2,252.0,semi_sickled,301,302,75.5,0.03612402155995369,0.03209879994392395,0.06192284822463989,0.006446018815040588,0.008833199739456177,0.004058837890625,False,False,False,True,0.03
V2,252.0,semi_sickled,302,303,75.75,0.04197111906833015,0.05442604422569275,0.055297497659921646,0.0033863087883219123,0.0037818949203938246,0.00299072265625,False,False,False,True,0.03
V2,252.0,semi_sickled,303,304,76.0,0.05892887022346258,0.09880703687667847,0.04619412496685982,0.012952446937561035,0.02010655403137207,0.00579833984375,False,False,False,True,0.03
V2,252.0,semi_sickled,304,305,76.25,0.036161256348714234,0.058452263474464417,0.02794448845088482,0.011999120004475117,0.017772654071450233,0.0062255859375,False,False,True,True,0.03
V2,252.0,semi_sickled,305,306,76.5,0.03202271230984479,0.052556395530700684,0.024119963869452477,0.010232666973024607,0.013659914024174213,0.006805419921875,False,False,True,True,0.03
V2,252.0,semi_sickled,306,307,76.75,0.007153022050624713,0.006290659308433533,0.0106038898229599,0.003701587556861341,0.003405372379347682,0.003997802734375,True,True,True,True,0.03
V2,252.0,semi_sickled,307,308,77.0,0.043250661715865134,0.03522494435310364,0.08133422583341599,0.0027748197317123413,0.0016433894634246826,0.00390625,False,False,False,True,0.03
V2,252.0,semi_sickled,308,309,77.25,0.06274456009268761,0.06886546313762665,0.09552273154258728,0.007061675190925598,0.010430723428726196,0.003692626953125,False,False,False,True,0.03
V2,252.0,semi_sickled,309,310,77.5,0.02838530256412923,0.031542107462882996,0.036127183586359024,0.012495781295001507,0.018216660246253014,0.00677490234375,True,False,False,True,0.03
V2,252.0,semi_sickled,310,311,77.75,0.02045051383320242,0.012838080525398254,0.03916642442345619,0.006428132299333811,0.009011049754917622,0.00384521484375,True,True,False,True,0.03
V2,252.0,semi_sickled,311,312,78.0,0.02665420564321371,0.040416643023490906,,0.004634305834770203,0.005301326513290405,0.00396728515625,True,False,,True,0.03
V2,252.0,semi_sickled,312,313,78.25,0.0025792416238870756,0.0022618621587753296,,0.00308704876806587,0.0036106209736317396,0.0025634765625,True,True,,True,0.03
V2,252.0,semi_sickled,313,314,78.5,0.007315887854649469,0.007744193077087402,,0.006630599498748779,0.008866667747497559,0.00439453125,True,True,,True,0.03
V2,252.0,semi_sickled,314,315,78.75,0.027864877093816173,0.04600715637207031,0.025027325376868248,0.002809802652336657,0.002476294757798314,0.003143310546875,True,False,True,True,0.03
V2,254.0,semi_sickled,305,306,76.5,0.005488435809428875,0.007115332409739494,,0.0028854012489318848,0.0023528337478637695,0.00341796875,True,True,,True,0.03
V2,254.0,semi_sickled,306,307,76.75,0.0038498844324539486,0.0030313190072774887,,0.005159589112736285,0.0035137583035975695,0.006805419921875,True,True,,True,0.03
V2,254.0,semi_sickled,307,308,77.0,0.0025007673181020296,0.00044994987547397614,,0.005782075226306915,0.0018900781869888306,0.009674072265625,True,True,,True,0.03
V2,254.0,semi_sickled,308,309,77.25,0.008218222190267764,0.007793452590703964,,0.008897853549569845,0.00824370514601469,0.009552001953125,True,True,,True,0.03
V2,254.0,semi_sickled,309,310,77.5,0.0023709107593346676,0.0019949153065681458,,0.002972503483761102,0.001428405405022204,0.0045166015625,True,True,,True,0.03
V2,254.0,semi_sickled,310,311,77.75,0.01009738177078991,0.014500148594379425,,0.0030529548530466855,0.001192579627968371,0.004913330078125,True,True,,True,0.03
