CellID,Subtype,PrevFrame,Frame,TimeSec,CombinedScore,ProbabilityScore,ShapeScore,TextureIntensityScore,RawTextureDelta,HistogramDelta,CombinedStable,ProbabilityStable,ShapeStable,TextureIntensityStable,ChangeThreshold
2.0,semi_sickled,376,377,94.25,0.007615827396512032,0.011661246418952942,0.006078660488128662,0.0032951906323432922,0.0014329105615615845,0.005157470703125,True,True,True,True,0.05
2.0,semi_sickled,377,378,94.5,0.026521410141140223,0.04321429133415222,0.021320311352610588,0.007094338536262512,0.009031206369400024,0.005157470703125,True,True,True,True,0.05
2.0,semi_sickled,378,379,94.75,0.026472284737974406,0.042943209409713745,0.020716002210974693,0.008177600800991058,0.012632057070732117,0.00372314453125,True,True,True,True,0.05
2.0,semi_sickled,379,380,95.0,0.02347224809927866,0.03812810778617859,0.018764857202768326,0.006613219855353236,0.007092406507581472,0.006134033203125,True,True,True,True,0.05
2.0,semi_sickled,380,381,95.25,0.047184372111223644,0.10617618262767792,0.007989608682692051,0.007670144084841013,0.009664018638432026,0.00567626953125,True,False,True,True,0.05
2.0,semi_sickled,381,382,95.5,0.022756859043147417,0.05081292986869812,0.0035835274029523134,0.004709810018539429,0.005452334880828857,0.00396728515625,True,False,True,True,0.05
2.0,semi_sickled,382,383,95.75,0.03057097581913695,0.0618261992931366,0.013547460548579693,0.004395539639517665,0.00573932146653533,0.0030517578125,True,False,True,True,0.05
2.0,semi_sickled,383,384,96.0,0.0015962122532073408,0.0009247362613677979,0.0,0.004905270994640887,0.0035544384736567736,0.006256103515625,True,True,True,True,0.05
2.0,semi_sickled,384,385,96.25,0.01139348520664498,0.01024414598941803,0.016615336760878563,0.005921835778281093,0.006899823900312185,0.00494384765625,True,True,True,True,0.05
2.0,semi_sickled,385,386,96.5,0.03867413143161684,0.08012227714061737,0.014536085538566113,0.0061503625474870205,0.008486027829349041,0.003814697265625,True,False,True,True,0.05
2.0,semi_sickled,386,387,96.75,0.009079681526054628,0.014466047286987305,0.0077304416336119175,0.0023504321579821408,0.0014354834565892816,0.003265380859375,True,True,True,True,0.05
2.0,semi_sickled,387,388,97.0,0.05251397296087817,0.12172733247280121,0.007573883980512619,0.004688722314313054,0.005684817675501108,0.003692626953125,False,False,True,True,0.05
2.0,semi_sickled,388,389,97.25,0.05110679764766246,0.10466504096984863,0.021391326561570168,0.007015267852693796,0.009636004455387592,0.00439453125,False,False,True,True,0.05
2.0,semi_sickled,389,390,97.5,0.013827933862921781,0.02791754901409149,0.006130613386631012,0.002060798287857324,0.0012834618100896478,0.002838134765625,True,True,True,True,0.05
2.0,semi_sickled,390,391,97.75,0.009293689415790141,0.016458868980407715,0.004958964418619871,0.003898017108440399,0.005690321326255798,0.002105712890625,True,True,True,True,0.05
2.0,semi_sickled,391,392,98.0,0.012541403295472264,0.021985769271850586,0.0061404029838740826,0.006391818169504404,0.008694280870258808,0.00408935546875,True,True,True,True,0.05
2.0,semi_sickled,392,393,98.25,0.016873625572770834,0.03448444604873657,0.006463790312409401,0.003270082175731659,0.004678592085838318,0.001861572265625,True,True,True,True,0.05
2.0,semi_sickled,393,394,98.5,0.040957950963638724,0.07722850143909454,0.024131879210472107,0.006481570657342672,0.008599127642810345,0.004364013671875,True,False,True,True,0.05
2.0,semi_sickled,394,395,98.75,0.017190189377288334,0.035418301820755005,0.007480382453650236,0.001618939160834998,0.0015288939466699958,0.001708984375,True,True,True,True,0.05
2.0,semi_sickled,395,396,99.0,0.030762499885167927,0.061914876103401184,0.014031021855771542,0.0043427671771496534,0.005053942557424307,0.003631591796875,True,False,True,True,0.05
2.0,semi_sickled,396,397,99.25,0.008398617128841579,0.004745297133922577,0.013164053671061993,0.007572317961603403,0.010139753110706806,0.0050048828125,True,True,True,True,0.05
2.0,semi_sickled,397,398,99.5,0.005156705214176327,0.00982094556093216,0.0012200610945001245,0.0032052224269136786,0.0027788530569523573,0.003631591796875,True,True,True,True,0.05
2.0,semi_sickled,398,399,99.75,0.013390785735100507,0.02690141648054123,0.005983876064419746,0.002143450081348419,0.0020896345376968384,0.002197265625,True,True,True,True,0.05
2.0,semi_sickled,399,400,100.0,0.02598133822903037,0.04497893154621124,0.014862553216516972,0.011151487939059734,0.01674877665936947,0.00555419921875,True,True,True,True,0.05
2.0,semi_sickled,400,401,100.25,0.022132582333870235,0.038127534091472626,0.014737606979906559,0.006893625017255545,0.00820253323763609,0.005584716796875,True,True,True,True,0.05
2.0,semi_sickled,401,402,100.5,0.005628852485097013,0.009549066424369812,0.0038169666659086943,0.0018931503291241825,0.001527999876998365,0.00225830078125,True,True,True,True,0.05
4.0,final_sickled,174,175,43.75,0.017232634651008993,0.026955928653478622,0.014314859174191952,0.005760249914601445,0.00691234553232789,0.004608154296875,True,True,True,True,0.05
4.0,final_sickled,175,176,44.0,0.014096179662737997,0.02974865213036537,0.0035364895593374968,0.0038357898592948914,0.004833444952964783,0.002838134765625,True,True,True,True,0.05
4.0,final_sickled,176,177,44.25,0.004729941731784493,0.007916387170553207,0.002488546771928668,0.002769581973552704,0.0032198280096054077,0.0023193359375,True,True,True,True,0.05
4.0,final_sickled,177,178,44.5,0.013916818425059319,0.011912727728486061,0.022738896310329437,0.004772454500198364,0.0054555535316467285,0.00408935546875,True,True,True,True,0.05
4.0,final_sickled,178,179,44.75,0.008162107155658304,0.013509241864085197,0.005937411915510893,0.002721264958381653,0.0029400885105133057,0.00250244140625,True,True,True,True,0.05
4.0,final_sickled,179,180,45.0,0.00988884933758527,0.0063812872394919395,0.016039041802287102,0.006890679243952036,0.008532335050404072,0.0052490234375,True,True,True,True,0.05
5.0,semi_sickled,151,152,38.0,0.00887171671492979,0.012930989265441895,0.005821671802550554,0.00664694351144135,0.0052982815541327,0.00799560546875,True,True,True,True,0.05
5.0,semi_sickled,152,153,38.25,0.013456922525074334,0.020319178700447083,0.010284597985446453,0.0069185669999569654,0.006573950406163931,0.00726318359375,True,True,True,True,0.05
5.0,semi_sickled,153,154,38.5,0.0033005866571329534,0.0038116127252578735,0.002613420831039548,0.003444977104663849,0.0016714483499526978,0.005218505859375,True,True,True,True,0.05
5.0,semi_sickled,154,155,38.75,0.01375345087144524,0.016666069626808167,0.01531752198934555,0.006903561297804117,0.008069817908108234,0.0057373046875,True,True,True,True,0.05
5.0,semi_sickled,155,156,39.0,0.007975929498206824,0.01266130805015564,0.004897110629826784,0.004789670230820775,0.00509325647726655,0.004486083984375,True,True,True,True,0.05
5.0,semi_sickled,156,157,39.25,0.00496700155781582,0.0032197237014770508,0.006863362621515989,0.005107740638777614,0.006065090652555227,0.004150390625,True,True,True,True,0.05
6.0,semi_sickled,109,110,27.5,0.09697953574359416,0.13071571290493011,0.11580532789230347,0.01664554327726364,0.018123850226402283,0.015167236328125,False,False,False,True,0.05
6.0,semi_sickled,110,111,27.75,0.037200280278921125,0.026523299515247345,0.0627451241016388,0.018520668148994446,0.02669587731361389,0.010345458984375,True,True,False,True,0.05
6.0,semi_sickled,111,112,28.0,0.018448087200522423,0.02496461570262909,0.02003304660320282,0.0058026984333992004,0.003731861710548401,0.00787353515625,True,True,True,True,0.05
6.0,semi_sickled,112,113,28.25,0.05730165718123317,0.1182110384106636,0.024390676990151405,0.0059220194816589355,0.007937788963317871,0.00390625,False,False,True,True,0.05
6.0,semi_sickled,113,114,28.5,0.006606886390363797,0.0007302612066268921,0.01600627414882183,0.0028503438225016,0.0023437540512531996,0.00335693359375,True,True,True,True,0.05
6.0,semi_sickled,114,115,28.75,0.013905902008991687,0.011517256498336792,0.02216007001698017,0.006171899614855647,0.006484424229711294,0.005859375,True,True,True,True,0.05
6.0,semi_sickled,115,116,29.0,0.008773605327587575,0.0003663599491119385,0.0216920617967844,0.004139358876273036,0.004067291971296072,0.00421142578125,True,True,True,True,0.05
6.0,semi_sickled,116,117,29.25,0.009819879115093499,0.015939190983772278,0.006627917289733887,0.004497726680710912,0.0051807560957968235,0.003814697265625,True,True,True,True,0.05
6.0,semi_sickled,117,118,29.5,0.014464492030674592,0.002459600567817688,0.03651713952422142,0.0027986118802800775,0.002911676885560155,0.002685546875,True,True,True,True,0.05
6.0,semi_sickled,118,119,29.75,0.040167401218786834,0.08660824596881866,0.012515331618487835,0.0045749470591545105,0.005213126540184021,0.003936767578125,True,False,True,True,0.05
6.0,semi_sickled,119,120,30.0,0.04205375997116789,0.09202910959720612,0.011302660219371319,0.005144740222021937,0.007481863256543875,0.0028076171875,True,False,True,True,0.05
6.0,semi_sickled,120,121,30.25,0.04833651116350666,0.10864916443824768,0.011350804008543491,0.0036162559408694506,0.004211271647363901,0.003021240234375,True,False,True,True,0.05
6.0,semi_sickled,121,122,30.5,0.034263479470973836,0.07399562001228333,0.010732010006904602,0.0036361118545755744,0.003365973709151149,0.00390625,True,False,True,True,0.05
6.0,semi_sickled,122,123,30.75,0.02534963568323292,0.04381941258907318,0.020132753998041153,0.0031016269931569695,0.003395636798813939,0.0028076171875,True,True,True,True,0.05
6.0,semi_sickled,123,124,31.0,0.03022687481716275,0.0536617636680603,0.02200225554406643,0.0042455196380615234,0.004645824432373047,0.00384521484375,True,False,True,True,0.05
6.0,semi_sickled,124,125,31.25,0.028688065148890017,0.03324250876903534,0.041404735296964645,0.0035976171493530273,0.004143476486206055,0.0030517578125,True,True,True,True,0.05
6.0,semi_sickled,125,126,31.5,0.03461364406393841,0.04322986304759979,0.0467105507850647,0.0038920242805033922,0.0047017731703817844,0.003082275390625,True,True,True,True,0.05
6.0,semi_sickled,126,127,31.75,0.01919601614936255,0.03440499305725098,0.01323858555406332,0.003202055930159986,0.002619932172819972,0.0037841796875,True,True,True,True,0.05
6.0,semi_sickled,127,128,32.0,0.025329547293949872,0.02744591236114502,0.03610019013285637,0.006864463211968541,0.007777998689562082,0.005950927734375,True,True,True,True,0.05
6.0,semi_sickled,128,129,32.25,0.027707653969991954,0.0365130752325058,0.03438013792037964,0.004277502419427037,0.0044351317919790745,0.004119873046875,True,True,True,True,0.05
6.0,semi_sickled,129,130,32.5,0.004258426546584815,0.0015740692615509033,0.0072648972272872925,0.004344339249655604,0.004843463655561209,0.00384521484375,True,True,True,True,0.05
7.0,semi_sickled,473,474,118.5,0.023442369240980882,0.02916964702308178,,0.014278724789619446,0.012596756219863892,0.015960693359375,True,True,,True,0.05
7.0,semi_sickled,474,475,118.75,0.011378407890263658,0.013769116252660751,,0.0075532745104283094,0.004425396677106619,0.01068115234375,True,True,,True,0.05
7.0,semi_sickled,475,476,119.0,0.006165483984379815,0.006645122542977333,,0.005398062290623784,0.005425030831247568,0.00537109375,True,True,,True,0.05
7.0,semi_sickled,476,477,119.25,0.018053830655005116,0.022805148735642433,,0.010451721725985408,0.005827759858220816,0.01507568359375,True,True,,True,0.05
7.0,semi_sickled,477,478,119.5,0.010799718223727094,0.014409203082323074,,0.005024542449973524,0.0032741825561970472,0.00677490234375,True,True,,True,0.05
7.0,semi_sickled,478,479,119.75,0.006984452031946813,0.007713723927736282,,0.005817616998683661,0.0016865035286173224,0.00994873046875,True,True,,True,0.05
9.0,semi_sickled,236,237,59.25,0.01105705116642639,0.009730368852615356,0.016540028154850006,0.005503575084730983,0.0053919157944619656,0.005615234375,True,True,True,True,0.05
9.0,semi_sickled,237,238,59.5,0.004869103193050251,0.010442003607749939,0.0,0.0027692069998010993,0.0027918319683521986,0.00274658203125,True,True,True,True,0.05
9.0,semi_sickled,238,239,59.75,0.017447580117732286,0.023688122630119324,0.020119285210967064,0.0037223249673843384,0.0028670132160186768,0.00457763671875,True,True,True,True,0.05
9.0,semi_sickled,239,240,60.0,0.010546130381408149,0.016687318682670593,0.00907691940665245,0.00277712446404621,0.00152592861559242,0.0040283203125,True,True,True,True,0.05
9.0,semi_sickled,240,241,60.25,0.008152983279433102,0.015247531235218048,0.0035066113341599703,0.0033066272735595703,0.0023713111877441406,0.004241943359375,True,True,True,True,0.05
9.0,semi_sickled,241,242,60.5,0.025369866937398913,0.04430471360683441,0.018645763397216797,0.004487857222557068,0.0038182437419891357,0.005157470703125,True,True,True,True,0.05
11.0,semi_sickled,228,229,57.25,0.03847454101778567,0.07787653803825378,0.014818410389125347,0.008549928665161133,0.013864994049072266,0.00323486328125,True,False,True,True,0.05
11.0,semi_sickled,229,230,57.5,0.02690343149006367,0.04972545802593231,0.016214624047279358,0.005352519452571869,0.007470175623893738,0.00323486328125,True,True,True,True,0.05
11.0,semi_sickled,230,231,57.75,0.004046992753865197,0.003088518977165222,0.005441573914140463,0.0036281371721997857,0.0028617430943995714,0.00439453125,True,True,True,True,0.05
11.0,semi_sickled,231,232,58.0,0.016376033681444822,0.02740176022052765,0.010342574678361416,0.0071817138232290745,0.010975976474583149,0.003387451171875,True,True,True,True,0.05
11.0,semi_sickled,232,233,58.25,0.007776072103297338,0.013682544231414795,0.00462687574326992,0.002734591602347791,0.0022038023453205824,0.003265380859375,True,True,True,True,0.05
11.0,semi_sickled,233,234,58.5,0.030664796195924285,0.06351211667060852,0.011539522558450699,0.004884466528892517,0.005130261182785034,0.004638671875,True,False,True,True,0.05
11.0,semi_sickled,234,235,58.75,0.009352832392323762,0.018531158566474915,0.002843700349330902,0.0037802953738719225,0.004051069263368845,0.003509521484375,True,True,True,True,0.05
11.0,semi_sickled,235,236,59.0,0.018287723395042123,0.02731093019247055,0.016436105594038963,0.006442857440561056,0.008979464881122112,0.00390625,True,True,True,True,0.05
11.0,semi_sickled,236,237,59.25,0.008871214266400784,0.017537109553813934,0.002088131383061409,0.0045020978432148695,0.007203658577054739,0.001800537109375,True,True,True,True,0.05
11.0,semi_sickled,237,238,59.5,0.039884108892874796,0.09482079744338989,0.0015208820113912225,0.005693924846127629,0.0073595293797552586,0.0040283203125,True,False,True,True,0.05
11.0,semi_sickled,238,239,59.75,0.031090278248302638,0.0615006685256958,0.013820665888488293,0.006611111108213663,0.008980278857052326,0.004241943359375,True,False,True,True,0.05
11.0,semi_sickled,239,240,60.0,0.03625292752403766,0.07209087908267975,0.016671741381287575,0.006325865630060434,0.008409787900745869,0.004241943359375,True,False,True,True,0.05
11.0,semi_sickled,240,241,60.25,0.006261243252083659,0.0035094469785690308,0.01042942050844431,0.0048286691308021545,0.004835560917854309,0.00482177734375,True,True,True,True,0.05
11.0,semi_sickled,241,242,60.5,0.009033929882571103,0.014415785670280457,0.00794652197510004,0.0019453316926956177,0.0011745989322662354,0.002716064453125,True,True,True,True,0.05
11.0,semi_sickled,242,243,60.75,0.026983479980845007,0.03901293873786926,0.028573578223586082,0.0055102084297686815,0.004672760609537363,0.00634765625,True,True,True,True,0.05
11.0,semi_sickled,243,244,61.0,0.013068842550273985,0.017661362886428833,0.013952230103313923,0.004484067438170314,0.004665156360715628,0.004302978515625,True,True,True,True,0.05
11.0,semi_sickled,244,245,61.25,0.012068113416898996,0.015014171600341797,0.013714462518692017,0.005049531580880284,0.006620059255510569,0.00347900390625,True,True,True,True,0.05
11.0,semi_sickled,245,246,61.5,0.026969030033797026,0.049024924635887146,0.017790982499718666,0.004528865218162537,0.004632681608200073,0.004425048828125,True,True,True,True,0.05
12.0,final_sickled,213,214,53.5,0.03024801413994283,0.05459119379520416,0.016519686207175255,0.010518585797399282,0.013163636438548565,0.00787353515625,True,False,True,True,0.05
12.0,final_sickled,214,215,53.75,0.0050158546189777555,0.006884634494781494,0.002904802793636918,0.004981279373168945,0.004896640777587891,0.00506591796875,True,True,True,True,0.05
12.0,final_sickled,215,216,54.0,0.03804666418582201,0.07593120634555817,0.019008394330739975,0.004084974527359009,0.0019443631172180176,0.0062255859375,True,False,True,True,0.05
12.0,final_sickled,216,217,54.25,0.011947364162188022,0.0026387423276901245,0.027591625228524208,0.004939193604514003,0.004476775880903006,0.005401611328125,True,True,True,True,0.05
12.0,final_sickled,217,218,54.5,0.003766277793329209,0.0009655207395553589,0.005778661463409662,0.005430151941254735,0.00490937614813447,0.005950927734375,True,True,True,True,0.05
12.0,final_sickled,218,219,54.75,0.012412792886607349,0.009218186140060425,0.020100252702832222,0.006761719938367605,0.00915942620486021,0.004364013671875,True,True,True,True,0.05
12.0,final_sickled,219,220,55.0,0.0607114490121603,0.14386042952537537,0.005871318280696869,0.0044492632150650024,0.002337247133255005,0.006561279296875,False,False,True,True,0.05
12.0,final_sickled,220,221,55.25,0.0022979827830567957,0.002641037106513977,0.001420245855115354,0.0029779275646433234,0.002263228176161647,0.003692626953125,True,True,True,True,0.05
12.0,final_sickled,221,222,55.5,0.015534826225484723,0.032786883413791656,0.004852857906371355,0.002886290370952338,0.001805295585654676,0.00396728515625,True,True,True,True,0.05
12.0,final_sickled,222,223,55.75,0.008898701088037341,0.014147840440273285,0.006159573327749968,0.004334856988862157,0.004488805774599314,0.004180908203125,True,True,True,True,0.05
12.0,final_sickled,223,224,56.0,0.01558791052084416,0.009139858186244965,0.028375884518027306,0.008001630660146475,0.01170028280466795,0.004302978515625,True,True,True,True,0.05
12.0,final_sickled,224,225,56.25,0.0045873119961470366,0.006307102739810944,0.003970065154135227,0.0026997923851013184,0.0021647214889526367,0.00323486328125,True,True,True,True,0.05
12.0,final_sickled,225,226,56.5,0.025990265246946365,0.04400695860385895,0.01959368772804737,0.006118764402344823,0.007110575679689646,0.005126953125,True,True,True,True,0.05
13.0,semi_sickled,370,371,92.75,0.01637822464108467,0.018712475895881653,0.01984955370426178,0.007783561944961548,0.009738266468048096,0.005828857421875,True,True,True,True,0.05
13.0,semi_sickled,371,372,93.0,0.019782156636938455,0.03326040506362915,0.014328663237392902,0.005851849913597107,0.006668299436569214,0.005035400390625,True,True,True,True,0.05
13.0,semi_sickled,372,373,93.25,0.05184429213404656,0.11765655875205994,0.010227799415588379,0.004807755351066589,0.0038782060146331787,0.0057373046875,False,False,True,True,0.05
13.0,semi_sickled,373,374,93.5,0.002552674210164696,0.0005647987127304077,0.003532928414642811,0.004360919119790196,0.005639562848955393,0.003082275390625,True,True,True,True,0.05
13.0,semi_sickled,374,375,93.75,0.03671783359895926,0.08262401819229126,0.008306038565933704,0.003044451295863837,0.001419713138602674,0.004669189453125,True,False,True,True,0.05
13.0,semi_sickled,375,376,94.0,0.02846388694597408,0.048910677433013916,0.021640688180923462,0.005301500437781215,0.005903293844312429,0.00469970703125,True,True,True,True,0.05
13.0,semi_sickled,376,377,94.25,0.027711345080751928,0.040014177560806274,0.030123619362711906,0.004649629117920995,0.0044164457358419895,0.0048828125,True,True,True,True,0.05
13.0,semi_sickled,377,378,94.5,0.027656771137844774,0.051429614424705505,0.01693371683359146,0.00463249790482223,0.004900982137769461,0.004364013671875,True,False,True,True,0.05
13.0,semi_sickled,378,379,94.75,0.03439231980592013,0.07842682301998138,0.006787043064832687,0.002584502100944519,0.001995176076889038,0.003173828125,True,False,True,True,0.05
13.0,semi_sickled,379,380,95.0,0.018626636266708373,0.002384856343269348,0.04744192957878113,0.00427207350730896,0.00237959623336792,0.00616455078125,True,True,True,True,0.05
13.0,semi_sickled,380,381,95.25,0.024513304213178346,0.04827273637056351,0.012803408317267895,0.0028920670156367123,0.0017558137187734246,0.0040283203125,True,True,True,True,0.05
13.0,semi_sickled,381,382,95.5,0.04060007981606759,0.07241087406873703,0.03113538958132267,0.002953375340439379,0.0027329225558787584,0.003173828125,True,False,True,True,0.05
13.0,semi_sickled,382,383,95.75,0.020822380529716612,0.04642251133918762,0.003827161155641079,0.003655478358268738,0.0029774606227874756,0.00433349609375,True,True,True,True,0.05
13.0,semi_sickled,383,384,96.0,0.008693701191805302,0.006735503673553467,0.013223745860159397,0.0054847546853125095,0.008497585542500019,0.002471923828125,True,True,True,True,0.05
13.0,semi_sickled,384,385,96.25,0.01788507141172886,0.025449588894844055,0.01885797828435898,0.004419773817062378,0.005726754665374756,0.00311279296875,True,True,True,True,0.05
13.0,semi_sickled,385,386,96.5,0.013751979824155568,0.016123130917549133,0.018029095605015755,0.0039701759815216064,0.003545820713043213,0.00439453125,True,True,True,True,0.05
13.0,semi_sickled,386,387,96.75,0.024665523285511883,0.053234368562698364,0.007010022643953562,0.003673071740195155,0.00392817473039031,0.00341796875,True,False,True,True,0.05
13.0,semi_sickled,387,388,97.0,0.016851714949007147,0.03595563769340515,0.005704174283891916,0.0018919954891316593,0.0010984441032633185,0.002685546875,True,True,True,True,0.05
13.0,semi_sickled,388,389,97.25,0.009032446250785142,0.004153355956077576,0.018236033618450165,0.003953968407586217,0.004642555955797434,0.003265380859375,True,True,True,True,0.05
13.0,semi_sickled,389,390,97.5,0.00913843687158078,0.0013499259948730469,0.02016024850308895,0.006169517990201712,0.009134690277278423,0.003204345703125,True,True,True,True,0.05
13.0,semi_sickled,390,391,97.75,0.012130542960949243,0.02275499701499939,0.005806648638099432,0.00398486852645874,0.0034531354904174805,0.0045166015625,True,True,True,True,0.05
13.0,semi_sickled,391,392,98.0,0.022386154718697072,0.022227972745895386,0.03540633246302605,0.004410997033119202,0.004152804613113403,0.004669189453125,True,True,True,True,0.05
13.0,semi_sickled,392,393,98.25,0.014413948543369769,0.014664649963378906,0.020170222967863083,0.005954042077064514,0.007849246263504028,0.004058837890625,True,True,True,True,0.05
14.0,semi_sickled,323,324,81.0,0.00869172889215406,0.017289184033870697,0.0027257155161350965,0.003288219391833991,0.0014189680805429816,0.005157470703125,True,True,True,True,0.05
14.0,semi_sickled,324,325,81.25,0.009150205965852365,0.005697011947631836,0.016654925420880318,0.004168709157966077,0.0032409827690571547,0.005096435546875,True,True,True,True,0.05
14.0,semi_sickled,325,326,81.5,0.014874262502416968,0.025393344461917877,0.010313187725841999,0.004429236054420471,0.004677563905715942,0.004180908203125,True,True,True,True,0.05
14.0,semi_sickled,326,327,81.75,0.013298084732377903,0.011173397302627563,0.02260555513203144,0.003667126060463488,0.003733177902176976,0.00360107421875,True,True,True,True,0.05
14.0,semi_sickled,327,328,82.0,0.008544481755234302,0.014905206859111786,0.005269832443445921,0.0029518306255340576,0.0018753409385681152,0.0040283203125,True,True,True,True,0.05
14.0,semi_sickled,328,329,82.25,0.012635080650215968,0.018576152622699738,0.012169353663921356,0.003781383275054395,0.0035649638157337904,0.003997802734375,True,True,True,True,0.05
15.0,final_sickled,55,56,14.0,0.016505332989618184,0.03132525831460953,0.008132719434797764,0.004515111446380615,0.0045136213302612305,0.0045166015625,True,True,True,True,0.05
15.0,final_sickled,56,57,14.25,0.017688216286478566,0.04010589420795441,0.00273866462521255,0.0027493039378896356,0.002690990688279271,0.0028076171875,True,True,True,True,0.05
15.0,final_sickled,57,58,14.5,0.017952425911789763,0.03700797259807587,0.007109902799129486,0.0026430835714563727,0.0031499366741627455,0.00213623046875,True,True,True,True,0.05
15.0,final_sickled,58,59,14.75,0.02583514768630266,0.01208503544330597,0.051626529544591904,0.011727392673492432,0.014482617378234863,0.00897216796875,True,True,False,True,0.05
15.0,final_sickled,59,60,15.0,0.01609061595518142,0.0148497074842453,0.02370651252567768,0.007413814309984446,0.009303946979343891,0.005523681640625,True,True,True,True,0.05
15.0,final_sickled,60,61,15.25,0.014241227437742053,0.006420880556106567,0.027058592066168785,0.008809471968561411,0.011393357999622822,0.0062255859375,True,True,True,True,0.05
19.0,semi_sickled,320,321,80.25,0.01821503267274238,0.030270695686340332,0.01484863180667162,0.0036389330634847283,0.0032190282363444567,0.004058837890625,True,True,True,True,0.05
19.0,semi_sickled,321,322,80.5,0.037474142748396846,0.06830742955207825,0.024231603369116783,0.006680438993498683,0.006311317440122366,0.007049560546875,True,False,True,True,0.05
19.0,semi_sickled,322,323,80.75,0.02002367258828599,0.03699812293052673,0.013217214494943619,0.0023935933713801205,0.001857499242760241,0.0029296875,True,True,True,True,0.05
19.0,semi_sickled,323,324,81.0,0.016136992443352937,0.013726308941841125,0.026634087786078453,0.005298152565956116,0.0060186684131622314,0.00457763671875,True,True,True,True,0.05
19.0,semi_sickled,324,325,81.25,0.02382805262459442,0.02852952480316162,0.031634218990802765,0.005377064226195216,0.006298562046140432,0.00445556640625,True,True,True,True,0.05
19.0,semi_sickled,325,326,81.5,0.02675385668699164,0.051367148756980896,0.0154721075668931,0.003167038143146783,0.0016343692550435662,0.00469970703125,True,False,True,True,0.05
19.0,semi_sickled,326,327,81.75,0.013938076607882975,0.00230349600315094,0.03389484062790871,0.004613935947418213,0.004436612129211426,0.004791259765625,True,True,True,True,0.05
19.0,semi_sickled,327,328,82.0,0.020701208035461605,0.03134714066982269,0.01826564408838749,0.007077505346387625,0.00847874116152525,0.00567626953125,True,True,True,True,0.05
19.0,semi_sickled,328,329,82.25,0.044336903348448684,0.08089935779571533,0.031080126762390137,0.0043964634533040226,0.001804401515983045,0.006988525390625,True,False,True,True,0.05
19.0,semi_sickled,329,330,82.5,0.026989593595499174,0.059535905718803406,0.007191896438598633,0.002632270217873156,0.001999159576371312,0.003265380859375,True,False,True,True,0.05
19.0,semi_sickled,330,331,82.75,0.018517128855455665,0.02866494655609131,0.015831008553504944,0.006041188957169652,0.007108012679964304,0.004974365234375,True,True,True,True,0.05
19.0,semi_sickled,331,332,83.0,0.017934747214894742,0.018397673964500427,0.026582034304738045,0.005087862489745021,0.005048771854490042,0.005126953125,True,True,True,True,0.05
19.0,semi_sickled,332,333,83.25,0.01951540654990822,0.009235411882400513,0.04061555862426758,0.006423185113817453,0.009336848743259907,0.003509521484375,True,True,True,True,0.05
19.0,semi_sickled,333,334,83.5,0.011588139325613155,0.010569214820861816,0.018961504101753235,0.002895707846619189,0.0027091403026133776,0.003082275390625,True,True,True,True,0.05
19.0,semi_sickled,334,335,83.75,0.03523410978814354,0.08105140924453735,0.0060463291592895985,0.002789323538308963,0.0009399752016179264,0.004638671875,True,False,True,True,0.05
19.0,semi_sickled,335,336,84.0,0.009594716757419519,0.006542295217514038,0.017650924623012543,0.0031999002094380558,0.0017000933876261115,0.00469970703125,True,True,True,True,0.05
19.0,semi_sickled,336,337,84.25,0.02026598736993037,0.0312453955411911,0.020205361768603325,0.00278381013777107,0.00315673160366714,0.002410888671875,True,True,True,True,0.05
19.0,semi_sickled,337,338,84.5,0.009817699471022933,0.010518237948417664,0.013201798312366009,0.003959099529311061,0.005232652183622122,0.002685546875,True,True,True,True,0.05
19.0,semi_sickled,338,339,84.75,0.007640973760862835,0.013082191348075867,0.005283721257001162,0.002235179126728326,0.0015711883315816522,0.002899169921875,True,True,True,True,0.05
19.0,semi_sickled,339,340,85.0,0.06737938701407983,0.1529884934425354,0.01388372853398323,0.0052987386006861925,0.006630192045122385,0.00396728515625,False,False,True,True,0.05
19.0,semi_sickled,340,341,85.25,0.03572231538128108,0.062385573983192444,0.02537388540804386,0.007548903580754995,0.01030654739588499,0.004791259765625,True,False,True,True,0.05
19.0,semi_sickled,341,342,85.5,0.015145935979671777,0.018803730607032776,0.017394693568348885,0.006145203951746225,0.00801794696599245,0.0042724609375,True,True,True,True,0.05
19.0,semi_sickled,342,343,85.75,0.014207481316407212,0.029799997806549072,0.0055690002627670765,0.0013533284072764218,0.0013028482208028436,0.00140380859375,True,True,True,True,0.05
19.0,semi_sickled,343,344,86.0,0.0525741443503648,0.12085555493831635,0.008774942718446255,0.004642769694328308,0.006844133138656616,0.00244140625,False,False,True,True,0.05
19.0,semi_sickled,344,345,86.25,0.017320370359811932,0.038997456431388855,0.0035161792766302824,0.001962900161743164,0.0017590522766113281,0.002166748046875,True,True,True,True,0.05
19.0,semi_sickled,345,346,86.5,0.012458770789089614,0.02209705114364624,0.008639324456453323,0.0023847470874898136,0.0019008418312296271,0.00286865234375,True,True,True,True,0.05
19.0,semi_sickled,346,347,86.75,0.012554028630256652,0.02875038981437683,0.0013070106506347656,0.0023856759071350098,0.0022078752517700195,0.0025634765625,True,True,True,True,0.05
19.0,semi_sickled,347,348,87.0,0.02546096695587039,0.03879362344741821,0.024313518777489662,0.005735144019126892,0.007380932569503784,0.00408935546875,True,True,True,True,0.05
19.0,semi_sickled,348,349,87.25,0.03463744382606819,0.06658382713794708,0.020647801458835602,0.0031087298411875963,0.004264334682375193,0.001953125,True,False,True,True,0.05
19.0,semi_sickled,349,350,87.5,0.020283010019920767,0.043972134590148926,0.005425662267953157,0.0031806975603103638,0.0021804869174957275,0.004180908203125,True,True,True,True,0.05
19.0,semi_sickled,350,351,87.75,0.023041154711972923,0.039198681712150574,0.016753554344177246,0.005991752026602626,0.007650007959455252,0.00433349609375,True,True,True,True,0.05
19.0,semi_sickled,351,352,88.0,0.025541597162373364,0.040361106395721436,0.022206826135516167,0.006499061826616526,0.008939285762608051,0.004058837890625,True,True,True,True,0.05
19.0,semi_sickled,352,353,88.25,0.024677306687226522,0.05215586721897125,0.008091864176094532,0.003931229352019727,0.0032543044071644545,0.004608154296875,True,False,True,True,0.05
19.0,semi_sickled,353,354,88.5,0.005915607861243188,0.00768616795539856,0.006433617789298296,0.002357497811317444,0.0027923882007598877,0.001922607421875,True,True,True,True,0.05
19.0,semi_sickled,354,355,88.75,0.01175935985520482,0.009983062744140625,0.020369460806250572,0.0025472939014434814,0.002012312412261963,0.003082275390625,True,True,True,True,0.05
19.0,semi_sickled,355,356,89.0,0.011060807551257313,0.022488608956336975,0.0030759854707866907,0.003955076215788722,0.003973384853452444,0.003936767578125,True,True,True,True,0.05
19.0,semi_sickled,356,357,89.25,0.03332315804436803,0.06691378355026245,0.016107073053717613,0.003680676221847534,0.0036076903343200684,0.003753662109375,True,False,True,True,0.05
19.0,semi_sickled,357,358,89.5,0.016696097224485132,0.023404181003570557,0.018059387803077698,0.004054556367918849,0.004965802188962698,0.003143310546875,True,True,True,True,0.05
19.0,semi_sickled,358,359,89.75,0.029955352842807773,0.05490361154079437,0.019711941480636597,0.004378914833068848,0.005645036697387695,0.00311279296875,True,False,True,True,0.05
19.0,semi_sickled,359,360,90.0,0.02761738712433726,0.06304238736629486,0.004662233870476484,0.0030746012926101685,0.003768831491470337,0.00238037109375,True,False,True,True,0.05
19.0,semi_sickled,360,361,90.25,0.015871666284510866,0.026926189661026,0.012997566722333431,0.002208168269135058,0.001974930288270116,0.00244140625,True,True,True,True,0.05
19.0,semi_sickled,361,362,90.5,0.021676903660409152,0.04740223288536072,0.005927155259996653,0.002566024661064148,0.002904266119003296,0.002227783203125,True,True,True,True,0.05
19.0,semi_sickled,362,363,90.75,0.010487846279283987,0.013178542256355286,0.012549611739814281,0.003296261071227491,0.003540764329954982,0.0030517578125,True,True,True,True,0.05
19.0,semi_sickled,363,364,91.0,0.011695839697495103,0.019712090492248535,0.008974346332252026,0.0026799291372299194,0.002033442258834839,0.003326416015625,True,True,True,True,0.05
19.0,semi_sickled,364,365,91.25,0.006007287884131074,0.0012103170156478882,0.013848098926246166,0.002705305814743042,0.002480924129486084,0.0029296875,True,True,True,True,0.05
19.0,semi_sickled,365,366,91.5,0.00842038111295551,0.005110815167427063,0.013045422732830048,0.007240628357976675,0.01005620788782835,0.004425048828125,True,True,True,True,0.05
21.0,final_sickled,193,194,48.5,0.005229104869067669,0.006376519799232483,0.005977574735879898,0.0023453831672668457,0.0013033151626586914,0.003387451171875,True,True,True,True,0.05
21.0,final_sickled,194,195,48.75,0.03215248502181986,0.04936400055885315,,0.004614060162566602,0.0034908156376332045,0.0057373046875,True,True,,True,0.05
21.0,final_sickled,195,196,49.0,0.05859746075629328,0.0923299491405487,,0.004625479341484606,0.0033305485267192125,0.00592041015625,False,False,,True,0.05
21.0,final_sickled,196,197,49.25,0.007290883706166195,0.009444519877433777,,0.0038450658321380615,0.004424750804901123,0.003265380859375,True,True,,True,0.05
21.0,final_sickled,197,198,49.5,0.0068956602078217724,0.009477034211158752,,0.002765461802482605,0.00232657790184021,0.003204345703125,True,True,,True,0.05
21.0,final_sickled,198,199,49.75,0.010508065429838518,0.015615090727806091,,0.0023368249530903995,0.001774479984305799,0.002899169921875,True,True,,True,0.05
21.0,final_sickled,199,200,50.0,0.025777044594108775,0.04046232998371124,,0.0022805879707448184,0.001478900550864637,0.003082275390625,True,True,,True,0.05
21.0,final_sickled,200,201,50.25,0.013697026257152455,0.021033018827438354,,0.0019594381446950138,0.0011417766800150275,0.002777099609375,True,True,,True,0.05
21.0,final_sickled,201,202,50.5,0.0026180431013926864,0.0022628605365753174,,0.0031863352051004767,0.0028021137695759535,0.003570556640625,True,True,,True,0.05
23.0,final_sickled,103,104,26.0,0.01684007146395743,0.025023221969604492,0.015248808078467846,0.005974799394607544,0.007127821445465088,0.00482177734375,True,True,True,True,0.05
23.0,final_sickled,104,105,26.25,0.009588092344347387,0.007583640515804291,0.015254429541528225,0.00486234319396317,0.00639827037230134,0.003326416015625,True,True,True,True,0.05
23.0,final_sickled,105,106,26.5,0.010097852096077987,0.02407117933034897,0.0,0.0018775214557535946,0.0016188124427571893,0.00213623046875,True,True,True,True,0.05
23.0,final_sickled,106,107,26.75,0.002730249153682962,0.003336608409881592,0.002099013887345791,0.002643803716637194,0.0031208593863993883,0.002166748046875,True,True,True,True,0.05
23.0,final_sickled,107,108,27.0,0.013155986290075817,0.029914014041423798,0.0007893398287706077,0.003656446933746338,0.0033150911331176758,0.003997802734375,True,True,True,True,0.05
23.0,final_sickled,108,109,27.25,0.0043743958260165534,0.008151993155479431,0.0019283699803054333,0.0017546762828715146,0.0014341572532430291,0.0020751953125,True,True,True,True,0.05
25.0,semi_sickled,188,189,47.25,0.034412121598143136,0.078993059694767,0.0047133988700807095,0.004660832462832332,0.003950571175664663,0.00537109375,True,False,True,True,0.05
25.0,semi_sickled,189,190,47.5,0.023236146330600605,0.03782808780670166,0.02020791918039322,0.004128557979129255,0.0036794792395085096,0.00457763671875,True,True,True,True,0.05
25.0,semi_sickled,190,191,47.75,0.015043442999012769,0.010749012231826782,0.025470947846770287,0.00731602543964982,0.00968820322304964,0.00494384765625,True,True,True,True,0.05
25.0,semi_sickled,191,192,48.0,0.045083199048531246,0.10712786763906479,0.004082727245986462,0.0032123898272402585,0.001633519888855517,0.004791259765625,True,False,True,True,0.05
25.0,semi_sickled,192,193,48.25,0.035235526692122224,0.07050030678510666,0.01778346486389637,0.0032447651028633118,0.0030715614557266235,0.00341796875,True,False,True,True,0.05
25.0,semi_sickled,193,194,48.5,0.004207997804041952,0.004664301872253418,0.0037600707728415728,0.004105009138584137,0.003968074917793274,0.004241943359375,True,True,True,True,0.05
25.0,semi_sickled,194,195,48.75,0.014311373233795166,0.020263195037841797,0.014412328600883484,0.004647120833396912,0.006028860807418823,0.003265380859375,True,True,True,True,0.05
25.0,semi_sickled,195,196,49.0,0.03204629879910499,0.07185817509889603,0.007720270659774542,0.002403736114501953,0.0023965835571289062,0.002410888671875,True,False,True,True,0.05
25.0,semi_sickled,196,197,49.25,0.041701397579163316,0.07928144186735153,0.025296250358223915,0.004540532827377319,0.005174815654754639,0.00390625,True,False,True,True,0.05
25.0,semi_sickled,197,198,49.5,0.024262189154978842,0.04441043734550476,0.015523654408752918,0.0042589406948536634,0.005679746624082327,0.002838134765625,True,True,True,True,0.05
25.0,semi_sickled,198,199,49.75,0.03205235954374075,0.05970405042171478,0.020631659775972366,0.0037986338138580322,0.0045455098152160645,0.0030517578125,True,False,True,True,0.05
25.0,semi_sickled,199,200,50.0,0.03963718154700473,0.07008053362369537,0.030074359849095345,0.004315768601372838,0.005518744233995676,0.00311279296875,True,False,True,True,0.05
25.0,semi_sickled,200,201,50.25,0.0161406539788004,0.02044476568698883,0.02038038708269596,0.00331844890024513,0.00385979819111526,0.002777099609375,True,True,True,True,0.05
25.0,semi_sickled,201,202,50.5,0.0366939116967842,0.08547243475914001,0.005539263132959604,0.0022647827863693237,0.0015693604946136475,0.002960205078125,True,False,True,True,0.05
25.0,semi_sickled,202,203,50.75,0.007186825788812712,0.012333512306213379,0.004043732304126024,0.003352458239533007,0.0026155610103160143,0.00408935546875,True,True,True,True,0.05
25.0,semi_sickled,203,204,51.0,0.012583116686437279,0.025298237800598145,0.004324016161262989,0.0038016636390239,0.0042769112624228,0.003326416015625,True,True,True,True,0.05
25.0,semi_sickled,204,205,51.25,0.03201595953432843,0.05919148027896881,0.02071136049926281,0.004361564991995692,0.0045117042027413845,0.00421142578125,True,False,True,True,0.05
25.0,semi_sickled,205,206,51.5,0.027954243682324888,0.06017245352268219,0.00886056199669838,0.00313626229763031,0.00239679217338562,0.003875732421875,True,False,True,True,0.05
25.0,semi_sickled,206,207,51.75,0.030927207123022528,0.051838845014572144,0.025499651208519936,0.0050671647768467665,0.005648245569318533,0.004486083984375,True,False,True,True,0.05
25.0,semi_sickled,207,208,52.0,0.04909227740718052,0.11688752472400665,0.002967741573229432,0.005194231867790222,0.005780309438705444,0.004608154296875,True,False,True,True,0.05
25.0,semi_sickled,208,209,52.25,0.018085766668082214,0.041265785694122314,0.0029896486084908247,0.002132301509846002,0.0012128452071920037,0.0030517578125,True,True,True,True,0.05
25.0,semi_sickled,209,210,52.5,0.05648588164476678,0.12126074731349945,0.019878437742590904,0.004096518037840724,0.004988690372556448,0.003204345703125,False,False,True,True,0.05
25.0,semi_sickled,210,211,52.75,0.053383184608537707,0.11071071028709412,0.022854136303067207,0.004399811150506139,0.005137512926012278,0.003662109375,False,False,True,True,0.05
25.0,semi_sickled,211,212,53.0,0.02763301635859534,0.04638470709323883,0.022007042542099953,0.005506674526259303,0.005977948661893606,0.005035400390625,True,True,True,True,0.05
25.0,semi_sickled,212,213,53.25,0.028099593787919732,0.04364849627017975,0.027046948671340942,0.004695052979514003,0.003988494630903006,0.005401611328125,True,True,True,True,0.05
25.0,semi_sickled,213,214,53.5,0.022710290085524318,0.033005550503730774,0.024295279756188393,0.004018887877464294,0.002910822629928589,0.005126953125,True,True,True,True,0.05
25.0,semi_sickled,214,215,53.75,0.04076514962362125,0.08071066439151764,0.020412713289260864,0.005345736863091588,0.006937811616808176,0.003753662109375,True,False,True,True,0.05
25.0,semi_sickled,215,216,54.0,0.020636798231862485,0.02907659113407135,0.019629254937171936,0.008543690200895071,0.010068337433040142,0.00701904296875,True,True,True,True,0.05
25.0,semi_sickled,216,217,54.25,0.029129892599303275,0.050051212310791016,0.022666940465569496,0.004703914048150182,0.0068138339556753635,0.002593994140625,True,False,True,True,0.05
25.0,semi_sickled,217,218,54.5,0.025018238206394018,0.04016771912574768,0.020586704835295677,0.00698321545496583,0.00981604028493166,0.004150390625,True,True,True,True,0.05
25.0,semi_sickled,218,219,54.75,0.013200639910064638,0.024524971842765808,0.00767557742074132,0.00281679630279541,0.0030395984649658203,0.002593994140625,True,True,True,True,0.05
25.0,semi_sickled,219,220,55.0,0.06493706665933133,0.13233524560928345,0.028634101152420044,0.00792413204908371,0.01090441644191742,0.00494384765625,False,False,True,True,0.05
25.0,semi_sickled,220,221,55.25,0.010794140235520899,0.009664982557296753,0.014544188044965267,0.0073507255874574184,0.009330357424914837,0.00537109375,True,True,True,True,0.05
25.0,semi_sickled,221,222,55.5,0.044391324091702704,0.09215601533651352,0.01657225750386715,0.006914511322975159,0.008061200380325317,0.005767822265625,True,False,True,True,0.05
25.0,semi_sickled,222,223,55.75,0.004518796392949298,0.007274731993675232,0.002597122685983777,0.002799642621539533,0.0024254571180790663,0.003173828125,True,True,True,True,0.05
25.0,semi_sickled,223,224,56.0,0.02580545926466584,0.043511345982551575,0.02078753523528576,0.004501134157180786,0.005187571048736572,0.003814697265625,True,True,True,True,0.05
25.0,semi_sickled,224,225,56.25,0.011631772347027437,0.021337687969207764,0.00690765306353569,0.0027160743484273553,0.0031128127593547106,0.0023193359375,True,True,True,True,0.05
25.0,semi_sickled,225,226,56.5,0.0064164821655140255,0.012548640370368958,0.0025659389793872833,0.0019957894983235747,0.0008482684497721493,0.003143310546875,True,True,True,True,0.05
25.0,semi_sickled,226,227,56.75,0.026666608921368608,0.06397515535354614,0.0007564289844594896,0.003247186541557312,0.002710193395614624,0.0037841796875,True,False,True,True,0.05
25.0,semi_sickled,227,228,57.0,0.02650297679938376,0.04870219528675079,0.014894123189151287,0.0072366222739219666,0.009163185954093933,0.00531005859375,True,True,True,True,0.05
25.0,semi_sickled,228,229,57.25,0.028891178968478926,0.06702344119548798,0.003922110889106989,0.002836254716385156,0.0016747066983953118,0.003997802734375,True,False,True,True,0.05
25.0,semi_sickled,229,230,57.5,0.03667898308485747,0.07383939623832703,0.01630907878279686,0.0057401880621910095,0.006475493311882019,0.0050048828125,True,False,True,True,0.05
25.0,semi_sickled,230,231,57.75,0.006851032120175659,0.010349348187446594,0.0038544440176337957,0.005448949756100774,0.007449413184076548,0.003448486328125,True,True,True,True,0.05
25.0,semi_sickled,231,232,58.0,0.021592666814103722,0.0412553995847702,0.00937997829169035,0.007230058312416077,0.010370761156082153,0.00408935546875,True,True,True,True,0.05
25.0,semi_sickled,232,233,58.25,0.0059105057269334795,0.00612601637840271,0.004182159435003996,0.007985373493283987,0.011911909095942974,0.004058837890625,True,True,True,True,0.05
25.0,semi_sickled,233,234,58.5,0.0074049595219548795,0.01054374873638153,0.007176574319601059,0.002702636062167585,0.00314697134308517,0.00225830078125,True,True,True,True,0.05
25.0,semi_sickled,234,235,58.75,0.019549631743575446,0.041027769446372986,0.007544436026364565,0.001991885423194617,0.001359259127639234,0.00262451171875,True,True,True,True,0.05
25.0,semi_sickled,235,236,59.0,0.046650159754790366,0.09877930581569672,0.014221232384443283,0.00864402437582612,0.01448043156415224,0.0028076171875,True,False,True,True,0.05
25.0,semi_sickled,236,237,59.25,0.025743459502700718,0.05560588836669922,0.007690178696066141,0.0032381664495915174,0.004736830946058035,0.001739501953125,True,False,True,True,0.05
25.0,semi_sickled,237,238,59.5,0.021804783819243313,0.042755067348480225,0.010704719461500645,0.0038244202733039856,0.004444494843482971,0.003204345703125,True,True,True,True,0.05
25.0,semi_sickled,238,239,59.75,0.009509393706684932,0.020032107830047607,0.0014300030888989568,0.003984197974205017,0.005069226026535034,0.002899169921875,True,True,True,True,0.05
25.0,semi_sickled,239,240,60.0,0.037222469225525856,0.08487820625305176,0.0066392868757247925,0.003789745271205902,0.004192039370536804,0.003387451171875,True,False,True,True,0.05
25.0,semi_sickled,240,241,60.25,0.018345532566308977,0.026474103331565857,0.017783984541893005,0.006125986576080322,0.0074607133865356445,0.004791259765625,True,True,True,True,0.05
25.0,semi_sickled,241,242,60.5,0.02104014363139868,0.04670003056526184,0.0037316528614610434,0.004216211615130305,0.006876026745885611,0.001556396484375,True,True,True,True,0.05
25.0,semi_sickled,242,243,60.75,0.00846054410940269,0.01652655005455017,0.0036689750850200653,0.0022631312313023955,0.0007115651969797909,0.003814697265625,True,True,True,True,0.05
25.0,semi_sickled,243,244,61.0,0.015012173779541628,0.03172977268695831,0.004209686070680618,0.00338749832008034,0.00265512359328568,0.004119873046875,True,True,True,True,0.05
25.0,semi_sickled,244,245,61.25,0.012626196979545057,0.027140796184539795,0.003950395155698061,0.00154896080493927,0.00065651535987854,0.00244140625,True,True,True,True,0.05
25.0,semi_sickled,245,246,61.5,0.006479924928862601,0.008611336350440979,0.005918087437748909,0.003856239141896367,0.004843825940042734,0.00286865234375,True,True,True,True,0.05
27.0,final_sickled,284,285,71.25,0.0039900768490042544,0.004842288792133331,0.002629506401717663,0.004531336366198957,0.003050709841772914,0.006011962890625,True,True,True,True,0.05
27.0,final_sickled,285,286,71.5,0.0024776904319878668,0.000833652913570404,0.0032010655850172043,0.0040954252472147346,0.003491143463179469,0.00469970703125,True,True,True,True,0.05
27.0,final_sickled,286,287,71.75,0.01561387749388814,0.020344361662864685,0.016199341043829918,0.007225453853607178,0.008866190910339355,0.005584716796875,True,True,True,True,0.05
27.0,final_sickled,287,288,72.0,0.0182775168097578,0.03870939463376999,0.004137569572776556,0.005382438423112035,0.00508860731497407,0.00567626953125,True,True,True,True,0.05
27.0,final_sickled,288,289,72.25,0.01813236379530281,0.028464794158935547,0.013512670993804932,0.008068045135587454,0.011863629333674908,0.0042724609375,True,True,True,True,0.05
27.0,final_sickled,289,290,72.5,0.004218767117708921,0.00518740713596344,0.002788549056276679,0.004671248374506831,0.005100553389638662,0.004241943359375,True,True,True,True,0.05
28.0,final_sickled,155,156,39.0,0.02471032878966071,0.05086960643529892,0.008285804651677608,0.005849818349815905,0.00345989060588181,0.00823974609375,True,False,True,True,0.05
28.0,final_sickled,156,157,39.25,0.009825398679822683,0.002410098910331726,0.01912708766758442,0.008667513728141785,0.00879010558128357,0.008544921875,True,True,True,True,0.05
28.0,final_sickled,157,158,39.5,0.0039001819561235605,0.0013898611068725586,0.004396860022097826,0.0072213460225611925,0.007148990873247385,0.007293701171875,True,True,True,True,0.05
28.0,final_sickled,158,159,39.75,0.011901528108865023,0.006384104490280151,0.020669912919402122,0.008453667163848877,0.008850693702697754,0.008056640625,True,True,True,True,0.05
28.0,final_sickled,159,160,40.0,0.012626980186905713,0.02394980937242508,0.0043807318434119225,0.006055201170966029,0.004786183591932058,0.00732421875,True,True,True,True,0.05
28.0,final_sickled,160,161,40.25,0.027884728007484226,0.03069983422756195,0.03961460664868355,0.006958727957680821,0.007173071149736643,0.006744384765625,True,True,True,True,0.05
28.0,final_sickled,161,162,40.5,0.011264616798143834,0.019736558198928833,0.0061766598373651505,0.004832650301977992,0.004721452947705984,0.00494384765625,True,True,True,True,0.05
30.0,final_sickled,478,479,119.75,0.01788091730559245,0.03771746903657913,0.004852915648370981,0.004381636856123805,0.00540634011849761,0.00335693359375,True,True,True,True,0.05
31.0,final_sickled,215,216,54.0,0.011882334720576183,0.025926001369953156,0.001031622407026589,0.004603465320542455,0.0039273896254599094,0.005279541015625,True,True,True,True,0.05
31.0,final_sickled,216,217,54.25,0.0020202682295348494,0.0011749789118766785,0.0014454753836616874,0.00417744112201035,0.0045096674002707005,0.00384521484375,True,True,True,True,0.05
31.0,final_sickled,217,218,54.5,0.005569280064082705,0.009383328258991241,0.003063001437112689,0.002975593029987067,0.001739760278724134,0.00421142578125,True,True,True,True,0.05
31.0,final_sickled,218,219,54.75,0.013125089555978776,0.01622571051120758,0.01166217029094696,0.010212182998657227,0.012184619903564453,0.00823974609375,True,True,True,True,0.05
31.0,final_sickled,219,220,55.0,0.013583467510761693,0.028440382331609726,0.0030826155561953783,0.004513596533797681,0.0021607379894703627,0.006866455078125,True,True,True,True,0.05
31.0,final_sickled,220,221,55.25,0.013877268374199048,0.02636868506669998,0.005804494023323059,0.005192885757423937,0.0032751758117228746,0.007110595703125,True,True,True,True,0.05
33.0,semi_sickled,234,235,58.75,0.008625925512751565,0.01614128053188324,0.003628025995567441,0.0035984168061986566,0.003778864862397313,0.00341796875,True,True,True,True,0.05
33.0,semi_sickled,235,236,59.0,0.025486341305077077,0.04953381419181824,0.013067018240690231,0.0043974369764328,0.004156202077865601,0.004638671875,True,True,True,True,0.05
33.0,semi_sickled,236,237,59.25,0.027730965998489412,0.05260555446147919,0.015760423615574837,0.004690383793786168,0.004497955087572336,0.0048828125,True,False,True,True,0.05
33.0,semi_sickled,237,238,59.5,0.01762358918786049,0.022984743118286133,0.019818663597106934,0.005972638726234436,0.007459193468093872,0.004486083984375,True,True,True,True,0.05
33.0,semi_sickled,238,239,59.75,0.0681185276247561,0.1486174464225769,0.019500864669680595,0.007384985685348511,0.009795606136322021,0.004974365234375,False,False,True,True,0.05
33.0,semi_sickled,239,240,60.0,0.015017785009695217,0.02925039827823639,0.007282623555511236,0.0030748298158869147,0.0033725600223988295,0.002777099609375,True,True,True,True,0.05
33.0,semi_sickled,240,241,60.25,0.010677682398818432,0.0036236196756362915,0.02164997160434723,0.006602977868169546,0.008475731126964092,0.004730224609375,True,True,True,True,0.05
33.0,semi_sickled,241,242,60.5,0.008326026739086955,0.0132170170545578,0.0034120932687073946,0.00737994909286499,0.01164710521697998,0.00311279296875,True,True,True,True,0.05
33.0,semi_sickled,242,243,60.75,0.023696962231770157,0.041930750012397766,0.015014770440757275,0.006677970290184021,0.009449690580368042,0.00390625,True,True,True,True,0.05
33.0,semi_sickled,243,244,61.0,0.025068984692916275,0.04909241199493408,0.01334123034030199,0.0030503571033477783,0.0029268860816955566,0.003173828125,True,True,True,True,0.05
33.0,semi_sickled,244,245,61.25,0.026005250960588457,0.028561323881149292,0.03953716158866882,0.002970859408378601,0.002004951238632202,0.003936767578125,True,True,True,True,0.05
34.0,final_sickled,177,178,44.5,0.0208698756294325,0.026151608675718307,0.024708693847060204,0.007044757250696421,0.009572912938892841,0.0045166015625,True,True,True,True,0.05
34.0,final_sickled,178,179,44.75,0.009052754379808903,0.0167185440659523,0.003339480608701706,0.004786074161529541,0.003712773323059082,0.005859375,True,True,True,True,0.05
34.0,final_sickled,179,180,45.0,0.02721046672668308,0.050179652869701385,0.015554316341876984,0.006778379436582327,0.008338253013789654,0.005218505859375,True,False,True,True,0.05
34.0,final_sickled,180,181,45.25,0.010233865992631763,0.01644066348671913,0.006268262397497892,0.005854835035279393,0.005697707179933786,0.006011962890625,True,True,True,True,0.05
34.0,final_sickled,181,182,45.5,0.01300102296518162,0.022595606744289398,0.0073713213205337524,0.005531271221116185,0.00489799166098237,0.00616455078125,True,True,True,True,0.05
34.0,final_sickled,182,183,45.75,0.014327156005310827,0.026651065796613693,0.008492507971823215,0.002777407586108893,0.0016790827503427863,0.003875732421875,True,True,True,True,0.05
34.0,final_sickled,183,184,46.0,0.01979821522254497,0.028528515249490738,0.018185177817940712,0.008087987545877695,0.00866865087300539,0.00750732421875,True,True,True,True,0.05
34.0,final_sickled,184,185,46.25,0.013146413734648378,0.024965006858110428,0.004135217983275652,0.0068523387890309095,0.007082363124936819,0.006622314453125,True,True,True,True,0.05
34.0,final_sickled,185,186,46.5,0.022664428036659953,0.0296037457883358,0.024836787953972816,0.0085202157497406,0.010875880718231201,0.00616455078125,True,True,True,True,0.05
35.0,final_sickled,143,144,36.0,0.00962814155500382,0.000741761177778244,0.019912881776690483,0.00944771384820342,0.008672039024531841,0.010223388671875,True,True,True,True,0.05
35.0,final_sickled,144,145,36.25,0.00651402281364426,0.0051878951489925385,0.008226579986512661,0.006238247035071254,0.0064950487576425076,0.0059814453125,True,True,True,True,0.05
35.0,final_sickled,145,146,36.5,0.01040006842231378,0.018015416339039803,0.003811428090557456,0.007439608220010996,0.008348454721271992,0.00653076171875,True,True,True,True,0.05
35.0,final_sickled,146,147,36.75,0.005267754185479134,0.0036337729543447495,0.00821741484105587,0.00375259923748672,0.00427033519372344,0.00323486328125,True,True,True,True,0.05
35.0,final_sickled,147,148,37.0,0.0040980329969897865,0.00588548369705677,0.0016530747525393963,0.004661053419113159,0.004897058010101318,0.004425048828125,True,True,True,True,0.05
35.0,final_sickled,148,149,37.25,0.014257698226720093,0.011725537478923798,0.020990272983908653,0.008883550763130188,0.013860851526260376,0.00390625,True,True,True,True,0.05
36.0,final_sickled,266,267,66.75,0.0044536524743307385,0.005738548934459686,0.003480250248685479,0.003760581254027784,0.0027299027424305677,0.004791259765625,True,True,True,True,0.05
36.0,final_sickled,267,268,67.0,0.007898381596896799,0.011821143329143524,0.0035751548130065203,0.007674480322748423,0.008390952832996845,0.0069580078125,True,True,True,True,0.05
36.0,final_sickled,268,269,67.25,0.011287518631434068,0.012270331382751465,0.015991011634469032,0.0031301280250772834,0.0025676290970295668,0.003692626953125,True,True,True,True,0.05
36.0,final_sickled,269,270,67.5,0.013148650247603654,0.013681478798389435,0.01761358045041561,0.006045222282409668,0.005773305892944336,0.006317138671875,True,True,True,True,0.05
36.0,final_sickled,270,271,67.75,0.010430435917805882,0.01082601398229599,0.01377822831273079,0.005110601661726832,0.004850109573453665,0.00537109375,True,True,True,True,0.05
36.0,final_sickled,271,272,68.0,0.007313144847285002,0.012521930038928986,0.003219030797481537,0.004710848210379481,0.005271305795758963,0.004150390625,True,True,True,True,0.05
37.0,final_sickled,138,139,34.75,0.024444848258281127,0.042635463178157806,0.01819625310599804,0.004087897599674761,0.0031709123868495226,0.0050048828125,True,True,True,True,0.05
37.0,final_sickled,139,140,35.0,0.006073976273182779,0.00932588055729866,0.0032625822350382805,0.004806881071999669,0.004578361753374338,0.005035400390625,True,True,True,True,0.05
37.0,final_sickled,140,141,35.25,0.012281843280652538,0.017362453043460846,0.011693407781422138,0.004976677359081805,0.0032700051087886095,0.006683349609375,True,True,True,True,0.05
37.0,final_sickled,141,142,35.5,0.018376937392167746,0.018755342811346054,0.026189303025603294,0.0068341768346726894,0.009640033356845379,0.0040283203125,True,True,True,True,0.05
37.0,final_sickled,142,143,35.75,0.012983977294061335,0.027077704668045044,0.0032662348821759224,0.00403885287232697,0.00502594793215394,0.0030517578125,True,True,True,True,0.05
37.0,final_sickled,143,144,36.0,0.025957704323809595,0.04814828559756279,0.01637687347829342,0.0038659374695271254,0.004100283142179251,0.003631591796875,True,True,True,True,0.05
38.0,semi_sickled,370,371,92.75,0.01000517182983458,0.009169995784759521,0.013844775967299938,0.005966007709503174,0.004729866981506348,0.0072021484375,True,True,True,True,0.05
38.0,semi_sickled,371,372,93.0,0.03852101899683476,0.09326909482479095,0.0,0.004853524267673492,0.0014062672853469849,0.00830078125,True,False,True,True,0.05
38.0,semi_sickled,372,373,93.25,0.022065104637295007,0.05047003924846649,0.003518586978316307,0.002582333981990814,0.0018077343702316284,0.00335693359375,True,False,True,True,0.05
38.0,semi_sickled,373,374,93.5,0.011153960158117116,0.008580297231674194,0.018057337030768394,0.005607093218713999,0.008070875890552998,0.003143310546875,True,True,True,True,0.05
38.0,semi_sickled,374,375,93.75,0.0305402106809197,0.07032512128353119,0.004678680561482906,0.0030904958839528263,0.0012676616897806525,0.004913330078125,True,False,True,True,0.05
38.0,semi_sickled,375,376,94.0,0.05097245732904412,0.12194229662418365,0.0035301996394991875,0.003839875222183764,0.003315736772492528,0.004364013671875,False,False,True,True,0.05
38.0,semi_sickled,376,377,94.25,0.014545588043984026,0.03320012986660004,0.0014098725514486432,0.0030883228173479438,0.0033995460253208876,0.002777099609375,True,True,True,True,0.05
38.0,semi_sickled,377,378,94.5,0.004145797382807359,0.006097838282585144,0.003327341750264168,0.002168369828723371,0.002108956454321742,0.002227783203125,True,True,True,True,0.05
38.0,semi_sickled,378,379,94.75,0.025433571910252795,0.048625946044921875,0.014757481403648853,0.003272300004027784,0.0038590531330555677,0.002685546875,True,True,True,True,0.05
38.0,semi_sickled,379,380,95.0,0.05510270668892191,0.11151158809661865,0.02609415166079998,0.0054604734759777784,0.006495898123830557,0.004425048828125,False,False,True,True,0.05
38.0,semi_sickled,380,381,95.25,0.00916755348443985,0.002927616238594055,0.02195071429014206,0.001255027949810028,0.0009536594152450562,0.001556396484375,True,True,True,True,0.05
38.0,semi_sickled,381,382,95.5,0.026953015569597484,0.0482848584651947,0.020883528515696526,0.0013193488121032715,0.000960230827331543,0.001678466796875,True,True,True,True,0.05
38.0,semi_sickled,382,383,95.75,0.012634881364647299,0.021553710103034973,0.00779701629653573,0.005137766478583217,0.006613423582166433,0.003662109375,True,True,True,True,0.05
38.0,semi_sickled,383,384,96.0,0.004838733558426611,0.005010142922401428,0.006432463880628347,0.002333256124984473,0.001706307171843946,0.002960205078125,True,True,True,True,0.05
38.0,semi_sickled,384,385,96.25,0.01167001472786069,0.009304523468017578,0.017674779519438744,0.007048130035400391,0.010617256164550781,0.00347900390625,True,True,True,True,0.05
38.0,semi_sickled,385,386,96.5,0.013396292598918079,0.016576245427131653,0.015315904282033443,0.005620911717414856,0.008495241403579712,0.00274658203125,True,True,True,True,0.05
39.0,final_sickled,149,150,37.5,0.03593895547674038,0.07541076838970184,0.01444747019559145,0.002872134209610522,0.0021431942004710436,0.00360107421875,True,False,True,True,0.05
39.0,final_sickled,150,151,37.75,0.015276032437967357,0.03721944987773895,1.1360442364605206e-08,0.0015529940428677946,0.0008171697263605893,0.002288818359375,True,True,True,True,0.05
39.0,final_sickled,151,152,38.0,0.02878822732018307,0.0654233917593956,0.003985039424151182,0.00489642727188766,0.00436072563752532,0.00543212890625,True,False,True,True,0.05
39.0,final_sickled,152,153,38.25,0.014970526623073965,0.023089684545993805,0.013071498833596706,0.004638512851670384,0.004394213203340769,0.0048828125,True,True,True,True,0.05
39.0,final_sickled,153,154,38.5,0.013029128778725863,0.014443285763263702,0.01702464185655117,0.005172759294509888,0.006988584995269775,0.00335693359375,True,True,True,True,0.05
39.0,final_sickled,154,155,38.75,0.010100811772281304,0.009743526577949524,0.015773359686136246,0.0027309010038152337,0.0034781594295054674,0.001983642578125,True,True,True,True,0.05
39.0,final_sickled,155,156,39.0,0.014778029132867233,0.01678161323070526,0.01953679881989956,0.004910017014481127,0.0030146141070872545,0.006805419921875,True,True,True,True,0.05
39.0,final_sickled,156,157,39.25,0.0137694857083261,0.016267433762550354,0.018763231113553047,0.0027815252542495728,0.0027249157428741455,0.002838134765625,True,True,True,True,0.05
39.0,final_sickled,157,158,39.5,0.010021209146361797,0.00832425057888031,0.01568661816418171,0.004804770229384303,0.006161054130643606,0.003448486328125,True,True,True,True,0.05
41.0,semi_sickled,285,286,71.5,0.012616491620428862,0.025586172938346863,0.004249399062246084,0.0035789310932159424,0.0026107430458068848,0.004547119140625,True,True,True,True,0.05
41.0,semi_sickled,286,287,71.75,0.01617580128950067,0.03502380847930908,0.003608395578339696,0.003613357781432569,0.003839264390990138,0.003387451171875,True,True,True,True,0.05
41.0,semi_sickled,287,288,72.0,0.04541202776599676,0.10386858880519867,0.006541220471262932,0.006300660315901041,0.008359377272427082,0.004241943359375,True,False,True,True,0.05
41.0,semi_sickled,288,289,72.25,0.02577888611704111,0.05919116735458374,0.003460764652118087,0.003564606187865138,0.004535218235105276,0.002593994140625,True,False,True,True,0.05
41.0,semi_sickled,289,290,72.5,0.017459370964206754,0.008684232831001282,0.03499656543135643,0.006947519723325968,0.010019307024776936,0.003875732421875,True,True,True,True,0.05
41.0,semi_sickled,290,291,72.75,0.023120548040606082,0.028018474578857422,0.02752864360809326,0.009112531784921885,0.012365688569843769,0.005859375,True,True,True,True,0.05
41.0,semi_sickled,291,292,73.0,0.059820210468024014,0.12060357630252838,0.02917727269232273,0.005466938018798828,0.005654335021972656,0.005279541015625,False,False,True,True,0.05
41.0,semi_sickled,292,293,73.25,0.007150697289034724,0.007019743323326111,0.008818858303129673,0.005024798214435577,0.006997838616371155,0.0030517578125,True,True,True,True,0.05
41.0,semi_sickled,293,294,73.5,0.029368745733518154,0.0692419558763504,0.0018501556478440762,0.0040976356249302626,0.004960407968610525,0.00323486328125,True,False,True,True,0.05
41.0,semi_sickled,294,295,73.75,0.010565273562679067,0.01165027916431427,0.014372448436915874,0.0034992197761312127,0.0028785665053874254,0.004119873046875,True,True,True,True,0.05
41.0,semi_sickled,295,296,74.0,0.03327928176149726,0.0669807642698288,0.015710825100541115,0.003952749073505402,0.0037245899438858032,0.004180908203125,True,False,True,True,0.05
41.0,semi_sickled,296,297,74.25,0.02322267361014383,0.055891454219818115,0.000310371135128662,0.0030298480996862054,0.0036182899493724108,0.00244140625,True,False,True,True,0.05
41.0,semi_sickled,297,298,74.5,0.011097461741883308,0.010340362787246704,0.017152251675724983,0.0038321141619235277,0.0042157419957220554,0.003448486328125,True,True,True,True,0.05
41.0,semi_sickled,298,299,74.75,0.02306876569055021,0.051004499197006226,0.0028228394221514463,0.0067158888559788465,0.007541885133832693,0.005889892578125,True,False,True,True,0.05
41.0,semi_sickled,299,300,75.0,0.018478960724314673,0.03188498318195343,0.014704390428960323,0.002313723205588758,0.002002934692427516,0.00262451171875,True,True,True,True,0.05
41.0,semi_sickled,300,301,75.25,0.03783150947419926,0.06457984447479248,0.03069024346768856,0.0050319458823651075,0.004753833170980215,0.00531005859375,True,False,True,True,0.05
41.0,semi_sickled,301,302,75.5,0.011375520040746778,0.012340635061264038,0.014878039248287678,0.004927809117361903,0.007231106515973806,0.00262451171875,True,True,True,True,0.05
41.0,semi_sickled,302,303,75.75,0.021479234099388123,0.04795658588409424,0.003853544592857361,0.003791436553001404,0.0034019649028778076,0.004180908203125,True,True,True,True,0.05
41.0,semi_sickled,303,304,76.0,0.022716542956186463,0.048558309674263,0.006494329776614904,0.004080814658664167,0.002515877364203334,0.005645751953125,True,True,True,True,0.05
41.0,semi_sickled,304,305,76.25,0.010680173512082548,0.01848575472831726,0.005710745230317116,0.0051484431605786085,0.007245128508657217,0.0030517578125,True,True,True,True,0.05
41.0,semi_sickled,305,306,76.5,0.036091964412480596,0.0716165155172348,0.019327839836478233,0.0027224570512771606,0.0030340254306793213,0.002410888671875,True,False,True,True,0.05
41.0,semi_sickled,306,307,76.75,0.020322773352381775,0.046487659215927124,0.003430180251598358,0.0021085863118059933,0.0016536960611119866,0.0025634765625,True,True,True,True,0.05
41.0,semi_sickled,307,308,77.0,0.056923050247132775,0.08706705272197723,0.05724121257662773,0.008247219026088715,0.01231352984905243,0.004180908203125,False,False,False,True,0.05
41.0,semi_sickled,308,309,77.25,0.025971107304212638,0.0061428844928741455,0.06568651646375656,0.0020946909789927304,0.0013512471923604608,0.002838134765625,True,True,False,True,0.05
41.0,semi_sickled,309,310,77.5,0.01546189347282052,0.02029317617416382,0.017349546775221825,0.005089126527309418,0.0049902647733688354,0.00518798828125,True,True,True,True,0.05
41.0,semi_sickled,310,311,77.75,0.0236534277908504,0.040708377957344055,0.01924240030348301,0.0025409460067749023,0.0022437572479248047,0.002838134765625,True,True,True,True,0.05
41.0,semi_sickled,311,312,78.0,0.023004744679201394,0.03098192811012268,0.02692951261997223,0.004746576072648168,0.006075183395296335,0.00341796875,True,True,True,True,0.05
41.0,semi_sickled,312,313,78.25,0.041445343382656576,0.08913460373878479,0.013832960277795792,0.0037998631596565247,0.005036249756813049,0.0025634765625,True,False,True,True,0.05
41.0,semi_sickled,313,314,78.5,0.033408885332755746,0.07643593847751617,0.006056560669094324,0.002858854830265045,0.0028795748949050903,0.002838134765625,True,False,True,True,0.05
41.0,semi_sickled,314,315,78.75,0.008637052751146256,0.00629250705242157,0.011966821737587452,0.007726649288088083,0.011516530998051167,0.003936767578125,True,True,True,True,0.05
41.0,semi_sickled,315,316,79.0,0.04759183281566948,0.0914543941617012,0.026300892233848572,0.007219051476567984,0.010562370531260967,0.003875732421875,True,False,True,True,0.05
41.0,semi_sickled,316,317,79.25,0.009202641315641812,0.016659177839756012,0.006134200841188431,0.0015679995412938297,0.0011523565044626594,0.001983642578125,True,True,True,True,0.05
41.0,semi_sickled,317,318,79.5,0.01000806951196864,0.0025302618741989136,0.022656487300992012,0.004264776827767491,0.005203137639909983,0.003326416015625,True,True,True,True,0.05
41.0,semi_sickled,318,319,79.75,0.042654040839988736,0.08873523771762848,0.01695449836552143,0.004903485300019383,0.006724695209413767,0.003082275390625,True,False,True,True,0.05
41.0,semi_sickled,319,320,80.0,0.05496094718109817,0.1203407421708107,0.015071193687617779,0.006198930088430643,0.008766268379986286,0.003631591796875,False,False,True,True,0.05
41.0,semi_sickled,320,321,80.25,0.023678040818776936,0.04566194862127304,0.011970183812081814,0.004894788144156337,0.005730738397687674,0.004058837890625,True,True,True,True,0.05
41.0,semi_sickled,321,322,80.5,0.036226714099757376,0.07694914937019348,0.011591787450015545,0.00555971497669816,0.00834233034402132,0.002777099609375,True,False,True,True,0.05
41.0,semi_sickled,322,323,80.75,0.024791091785300524,0.049269549548625946,0.01190049946308136,0.0036723886150866747,0.004384572152048349,0.002960205078125,True,True,True,True,0.05
41.0,semi_sickled,323,324,81.0,0.020959604970994406,0.0389869287610054,0.013582002371549606,0.0024445305461995304,0.0014405747642740607,0.003448486328125,True,True,True,True,0.05
41.0,semi_sickled,324,325,81.25,0.027692482911515985,0.05213317275047302,0.01619301363825798,0.004686636151745915,0.006413067225366831,0.002960205078125,True,False,True,True,0.05
41.0,semi_sickled,325,326,81.5,0.017596515384502708,0.02031276375055313,0.021799558773636818,0.007366257254034281,0.010856782086193562,0.003875732421875,True,True,True,True,0.05
41.0,semi_sickled,326,327,81.75,0.0199996299110353,0.0455518439412117,0.003159480169415474,0.002692297101020813,0.002485424280166626,0.002899169921875,True,True,True,True,0.05
41.0,semi_sickled,327,328,82.0,0.029709330480545762,0.05711057037115097,0.01595080830156803,0.00512927770614624,0.0045822858810424805,0.00567626953125,True,False,True,True,0.05
41.0,semi_sickled,328,329,82.25,0.021674832631833854,0.039801910519599915,0.011651714332401752,0.006703873630613089,0.008647005073726177,0.0047607421875,True,True,True,True,0.05
41.0,semi_sickled,329,330,82.5,0.028706869762390855,0.04492020606994629,0.028068149462342262,0.0036597400903701782,0.0040846168994903564,0.00323486328125,True,True,True,True,0.05
41.0,semi_sickled,330,331,82.75,0.01655656343791634,0.021749183535575867,0.017447106540203094,0.007001610938459635,0.01000541914254427,0.003997802734375,True,True,True,True,0.05
41.0,semi_sickled,331,332,83.0,0.006755367771256715,0.011399418115615845,0.0033118650317192078,0.004145791055634618,0.005972246173769236,0.0023193359375,True,True,True,True,0.05
41.0,semi_sickled,332,333,83.25,0.01354247712151846,0.022911444306373596,0.011631363071501255,0.0012276892957743257,0.0005938063259236515,0.001861572265625,True,True,True,True,0.05
41.0,semi_sickled,333,334,83.5,0.016193306632339956,0.03232160955667496,0.007749292999505997,0.0022096410393714905,0.002405121922492981,0.00201416015625,True,True,True,True,0.05
42.0,final_sickled,237,238,59.5,0.010897394130006434,0.022001519799232483,0.0030358501244336367,0.004136954667046666,0.005405256990343332,0.00286865234375,True,True,True,True,0.05
42.0,final_sickled,238,239,59.75,0.020911534334300087,0.048130109906196594,0.0022370729129761457,0.003506059409119189,0.0035025973338633776,0.003509521484375,True,True,True,True,0.05
42.0,final_sickled,239,240,60.0,0.008986529469257222,0.01979880779981613,0.0,0.004268025397323072,0.003103921888396144,0.00543212890625,True,True,True,True,0.05
42.0,final_sickled,240,241,60.25,0.005103432055329904,0.002787351608276367,0.009378941729664803,0.0028234472265467048,0.0020763378124684095,0.003570556640625,True,True,True,True,0.05
42.0,final_sickled,241,242,60.5,0.029846066428581255,0.06435324251651764,0.009874829091131687,0.002594316960312426,0.002106358529999852,0.003082275390625,True,False,True,True,0.05
42.0,final_sickled,242,243,60.75,0.010232010250911116,0.010367482900619507,0.013742354698479176,0.00510077178478241,0.006508916616439819,0.003692626953125,True,True,True,True,0.05
42.0,final_sickled,243,244,61.0,0.010270520113408566,0.012239441275596619,0.013119671493768692,0.0031314343214035034,0.003211110830307007,0.0030517578125,True,True,True,True,0.05
42.0,final_sickled,244,245,61.25,0.010569322633091361,0.019117102026939392,0.005996047053486109,0.0032954614143818617,0.004271586891263723,0.0023193359375,True,True,True,True,0.05
42.0,final_sickled,245,246,61.5,0.008625026309164242,0.018212109804153442,0.0019089927664026618,0.0026881396770477295,0.002355039119720459,0.003021240234375,True,True,True,True,0.05
42.0,final_sickled,246,247,61.75,0.028195277802296914,0.06620216369628906,0.0033412950579077005,0.002179836214054376,0.0019487837562337518,0.002410888671875,True,False,True,True,0.05
42.0,final_sickled,247,248,62.0,0.013663329213159159,0.030690446496009827,0.0010317288106307387,0.004104182124137878,0.005034536123275757,0.003173828125,True,True,True,True,0.05
42.0,final_sickled,248,249,62.25,0.007390775450039655,0.0138329416513443,0.0029596087988466024,0.0032869428396224976,0.003094881772994995,0.00347900390625,True,True,True,True,0.05
42.0,final_sickled,249,250,62.5,0.008646910425159148,0.005108177661895752,0.017379099503159523,0.00208381813718006,0.0011769136181101203,0.00299072265625,True,True,True,True,0.05
42.0,final_sickled,250,251,62.75,0.014531378995161503,0.017717093229293823,0.01679251529276371,0.006268645403906703,0.007623960729688406,0.004913330078125,True,True,True,True,0.05
42.0,final_sickled,251,252,63.0,0.0132041677570669,0.03002224862575531,0.0007301539299078286,0.003758857725188136,0.004679580684751272,0.002838134765625,True,True,True,True,0.05
42.0,final_sickled,252,253,63.25,0.011927255103364585,0.01675841212272644,0.011719937436282635,0.004487648606300354,0.004763871431350708,0.00421142578125,True,True,True,True,0.05
44.0,final_sickled,190,191,47.75,0.014823558554053306,0.002787157893180847,0.030786149203777313,0.011734172701835632,0.016662925481796265,0.006805419921875,True,True,True,True,0.05
44.0,final_sickled,191,192,48.0,0.018695053760893643,0.022587131708860397,0.022860540077090263,0.006636048201471567,0.009152223356068134,0.004119873046875,True,True,True,True,0.05
44.0,final_sickled,192,193,48.25,0.0017277263759751804,0.002191968262195587,0.0002796438930090517,0.00301225483417511,0.0026370584964752197,0.003387451171875,True,True,True,True,0.05
44.0,final_sickled,193,194,48.5,0.013749072980135679,0.01185290515422821,0.02005886472761631,0.007949233055114746,0.011168241500854492,0.004730224609375,True,True,True,True,0.05
44.0,final_sickled,194,195,48.75,0.013652473594993353,0.012797977775335312,0.019693689420819283,0.006561964750289917,0.009583890438079834,0.0035400390625,True,True,True,True,0.05
44.0,final_sickled,195,196,49.0,0.018012938858009878,0.023849371820688248,0.018843188881874084,0.007512296084314585,0.00989763904362917,0.005126953125,True,True,True,True,0.05
45.0,final_sickled,287,288,72.0,0.015169541200157255,0.021412033587694168,0.014996458776295185,0.005423868773505092,0.007521321531385183,0.003326416015625,True,True,True,True,0.05
45.0,final_sickled,288,289,72.25,0.012560102064162491,0.013107312843203545,0.017631737515330315,0.004584275186061859,0.004682466387748718,0.004486083984375,True,True,True,True,0.05
45.0,final_sickled,289,290,72.5,0.013669220928568393,0.01626737043261528,0.016877306625247,0.005020861746743321,0.004853735212236643,0.00518798828125,True,True,True,True,0.05
45.0,final_sickled,290,291,72.75,0.010333054285729303,0.008697258308529854,0.017189601436257362,0.0033511618385091424,0.002643485786393285,0.004058837890625,True,True,True,True,0.05
45.0,final_sickled,291,292,73.0,0.008233785961056127,0.0017881914973258972,0.018202250823378563,0.004590886295773089,0.003474985482171178,0.005706787109375,True,True,True,True,0.05
45.0,final_sickled,292,293,73.25,0.004199894767953083,0.005722597241401672,0.003232804825529456,0.0031174967298284173,0.0030001301784068346,0.00323486328125,True,True,True,True,0.05
48.0,semi_sickled,183,184,46.0,0.01404179894598201,0.012163057923316956,0.02096063829958439,0.0073614094872027636,0.005598063115030527,0.009124755859375,True,True,True,True,0.05
48.0,semi_sickled,184,185,46.25,0.014341287803836169,0.02822732925415039,0.0057151406072080135,0.0042002275586128235,0.003273501992225647,0.005126953125,True,True,True,True,0.05
48.0,semi_sickled,185,186,46.5,0.007670694775879383,0.004874363541603088,0.013675909489393234,0.003737524151802063,0.003690868616104126,0.0037841796875,True,True,True,True,0.05
48.0,semi_sickled,186,187,46.75,0.019589639117475598,0.03589878976345062,0.011308287270367146,0.005088890669867396,0.006179978605359793,0.003997802734375,True,True,True,True,0.05
48.0,semi_sickled,187,188,47.0,0.013028919164207764,0.006278514862060547,0.02786247991025448,0.003062581003177911,0.001578042865730822,0.004547119140625,True,True,True,True,0.05
48.0,semi_sickled,188,189,47.25,0.020451033225981522,0.045811474323272705,0.003926780540496111,0.003008281229995191,0.003300498006865382,0.002716064453125,True,True,True,True,0.05
51.0,final_sickled,94,95,23.75,0.012985627993475647,0.02857806533575058,0.0012360609835013747,0.004487122059799731,0.0038472909945994616,0.005126953125,True,True,True,True,0.05
51.0,final_sickled,95,96,24.0,0.02250318699516356,0.04073936492204666,0.01490995567291975,0.003955826163291931,0.003974884748458862,0.003936767578125,True,True,True,True,0.05
51.0,final_sickled,96,97,24.25,0.011144593893550336,0.009770270437002182,0.01607947051525116,0.006434684153646231,0.009390364401042461,0.00347900390625,True,True,True,True,0.05
51.0,final_sickled,97,98,24.5,0.014376345922937617,0.022438960149884224,0.01313668955117464,0.0032116820802912116,0.003615746973082423,0.0028076171875,True,True,True,True,0.05
51.0,final_sickled,98,99,24.75,0.015698424458969386,0.012015724554657936,0.027618959546089172,0.004901995183899999,0.006080845836549997,0.00372314453125,True,True,True,True,0.05
51.0,final_sickled,99,100,25.0,0.012972108181566001,0.011867417022585869,0.020200179889798164,0.00462031364440918,0.005700588226318359,0.0035400390625,True,True,True,True,0.05
52.0,final_sickled,199,200,50.0,0.006283644726499915,0.0013714693486690521,0.014106755144894123,0.003190770745277405,0.0022006332874298096,0.004180908203125,True,True,True,True,0.05
52.0,final_sickled,200,201,50.25,0.005179944486008026,0.008129935711622238,0.0028309037443250418,0.0037486155633814633,0.0018514791736379266,0.005645751953125,True,True,True,True,0.05
52.0,final_sickled,201,202,50.5,0.010820338260964492,0.022513244301080704,0.0033265554811805487,0.0026029844884760678,0.0015438596019521356,0.003662109375,True,True,True,True,0.05
52.0,final_sickled,202,203,50.75,0.0073347822879441076,0.005150582641363144,0.01186729222536087,0.004483987810090184,0.004146198276430368,0.00482177734375,True,True,True,True,0.05
52.0,final_sickled,203,204,51.0,0.1384371556341648,0.16461119055747986,0.1978776603937149,0.0133419930934906,0.0174981951713562,0.009185791015625,False,False,False,True,0.05
52.0,final_sickled,204,205,51.25,0.0118315395899117,0.0019110515713691711,0.027581220492720604,0.005654767155647278,0.005358606576919556,0.005950927734375,True,True,True,True,0.05
52.0,final_sickled,205,206,51.5,0.02451221791561693,0.04375185817480087,0.014596965163946152,0.007610147353261709,0.009757648222148418,0.005462646484375,True,True,True,True,0.05
52.0,final_sickled,206,207,51.75,0.011503567796899006,0.02006981521844864,0.007286520209163427,0.0037014385452494025,0.003374556777998805,0.0040283203125,True,True,True,True,0.05
52.0,final_sickled,207,208,52.0,0.009190415038028732,0.016546115279197693,0.0048814499750733376,0.0034538457402959466,0.003520240308716893,0.003387451171875,True,True,True,True,0.05
52.0,final_sickled,208,209,52.25,0.018398671585600823,0.040772825479507446,0.003658568486571312,0.003236169693991542,0.004580249544233084,0.00189208984375,True,True,True,True,0.05
52.0,final_sickled,209,210,52.5,0.012207744974875822,0.00284721702337265,0.027956103906035423,0.005136887193657458,0.0036819775123149157,0.006591796875,True,True,True,True,0.05
53.0,final_sickled,100,101,25.25,0.004282850859453902,0.008412186056375504,0.0009467427153140306,0.002346465946175158,0.002861877204850316,0.0018310546875,True,True,True,True,0.05
53.0,final_sickled,101,102,25.5,0.002464631060138345,0.0004962906241416931,0.0039011193439364433,0.0036028921604156494,0.005405247211456299,0.001800537109375,True,True,True,True,0.05
53.0,final_sickled,102,103,25.75,0.007413958857068793,0.01344924047589302,0.0035788852255791426,0.0031266113510355353,0.0034150879364460707,0.002838134765625,True,True,True,True,0.05
53.0,final_sickled,103,104,26.0,0.009921986039262264,0.005935210734605789,0.01871904917061329,0.003984938142821193,0.0059251985512673855,0.002044677734375,True,True,True,True,0.05
53.0,final_sickled,104,105,26.25,0.005580291495425627,0.011285819113254547,0.001568650477565825,0.002067744731903076,0.0014194250106811523,0.002716064453125,True,True,True,True,0.05
53.0,final_sickled,105,106,26.5,0.002568076428724453,0.00386250764131546,0.0011276897275820374,0.0025135278701782227,0.0031654834747314453,0.001861572265625,True,True,True,True,0.05
54.0,semi_sickled,306,307,76.75,0.006022162176668644,0.010270550847053528,0.00226911180652678,0.004479010822251439,0.006180922035127878,0.002777099609375,True,True,True,True,0.05
54.0,semi_sickled,307,308,77.0,0.02867240256164223,0.060508549213409424,0.007779709529131651,0.006984338164329529,0.010062426328659058,0.00390625,True,False,True,True,0.05
54.0,semi_sickled,308,309,77.25,0.012949577695690096,0.015317723155021667,0.013278436847031116,0.00870014214888215,0.010625381954014301,0.00677490234375,True,True,True,True,0.05
54.0,semi_sickled,309,310,77.5,0.012911366391927004,0.008144959807395935,0.021045943722128868,0.009149208664894104,0.013049393892288208,0.0052490234375,True,True,True,True,0.05
54.0,semi_sickled,310,311,77.75,0.017835222906433044,0.03368581831455231,0.007504891604185104,0.006936734076589346,0.009539972059428692,0.00433349609375,True,True,True,True,0.05
54.0,semi_sickled,311,312,78.0,0.01633974286960438,0.02063983678817749,0.01899854838848114,0.005737264873459935,0.00686637545004487,0.004608154296875,True,True,True,True,0.05
54.0,semi_sickled,312,313,78.25,0.006614949498907664,0.013122916221618652,0.002068603178486228,0.0025670875911600888,0.0015636185416951776,0.003570556640625,True,True,True,True,0.05
54.0,semi_sickled,313,314,78.5,0.013933395183994435,0.030296653509140015,0.003465458983555436,0.002407292544376105,0.0015797218075022101,0.00323486328125,True,True,True,True,0.05
55.0,semi_sickled,225,226,56.5,0.029678968526422978,0.06232963502407074,0.008882511407136917,0.006552942097187042,0.008863940834999084,0.004241943359375,True,False,True,True,0.05
55.0,semi_sickled,226,227,56.75,0.013348886516178026,0.012247562408447266,0.021336475387215614,0.003928380669094622,0.0037063707131892443,0.004150390625,True,True,True,True,0.05
55.0,semi_sickled,227,228,57.0,0.012102530483389273,0.023224011063575745,0.005560649558901787,0.0034667948493734,0.0033019979018718004,0.003631591796875,True,True,True,True,0.05
55.0,semi_sickled,228,229,57.25,0.013594192126765848,0.01824551820755005,0.014623920433223248,0.004710450768470764,0.006033450365066528,0.003387451171875,True,True,True,True,0.05
55.0,semi_sickled,229,230,57.5,0.009658875421155243,0.0023710429668426514,0.021464861929416656,0.004791026236489415,0.00457716966047883,0.0050048828125,True,True,True,True,0.05
55.0,semi_sickled,230,231,57.75,0.013933235284639524,0.031524717807769775,0.001042466494254768,0.003833939554169774,0.003944734577089548,0.00372314453125,True,True,True,True,0.05
55.0,semi_sickled,231,232,58.0,0.023178002517670392,0.024638354778289795,0.03104250319302082,0.009831137955188751,0.012795820832252502,0.006866455078125,True,True,True,True,0.05
57.0,final_sickled,104,105,26.25,0.013821360375732183,0.010980003513395786,0.022437075152993202,0.006305530667304993,0.008613258600234985,0.003997802734375,True,True,True,True,0.05
57.0,final_sickled,105,106,26.5,0.002862978703342378,0.0014238618314266205,0.004349414724856615,0.0030845552682876587,0.0022628605365753174,0.00390625,True,True,True,True,0.05
57.0,final_sickled,106,107,26.75,0.01028424382675439,0.0033295927569270134,0.021207457408308983,0.006119186524301767,0.008362640626728535,0.003875732421875,True,True,True,True,0.05
57.0,final_sickled,107,108,27.0,0.0017982547971769236,0.002926018089056015,0.0002529104531276971,0.0021573156118392944,0.0015375316143035889,0.002777099609375,True,True,True,True,0.05
57.0,final_sickled,108,109,27.25,0.0025097380595980215,0.0032327473163604736,0.0014053258346393704,0.0028991003637202084,0.0016783276805654168,0.004119873046875,True,True,True,True,0.05
57.0,final_sickled,109,110,27.5,0.00956581435748376,0.0030636973679065704,0.021661946550011635,0.0030346164712682366,0.0033226509112864733,0.00274658203125,True,True,True,True,0.05
59.0,semi_sickled,223,224,56.0,0.016399477410595865,0.021818086504936218,0.018322503194212914,0.005037466762587428,0.004551251884549856,0.005523681640625,True,True,True,True,0.05
59.0,semi_sickled,224,225,56.25,0.013830715283984319,0.03032708913087845,0.002964615821838379,0.0026490563759580255,0.002154802205041051,0.003143310546875,True,True,True,True,0.05
59.0,semi_sickled,225,226,56.5,0.01634342489996925,0.025106295943260193,0.014349178411066532,0.005114776315167546,0.0040955194272100925,0.006134033203125,True,True,True,True,0.05
59.0,semi_sickled,226,227,56.75,0.006533562659751624,0.011865198612213135,0.0018256232142448425,0.0045940603595227,0.005068247672170401,0.004119873046875,True,True,True,True,0.05
59.0,semi_sickled,227,228,57.0,0.007047887548105791,0.011809207499027252,0.003447916591539979,0.004469734965823591,0.0028969894628971815,0.00604248046875,True,True,True,True,0.05
59.0,semi_sickled,228,229,57.25,0.02509289513109252,0.04337320476770401,0.018317515030503273,0.005329931853339076,0.004769971128553152,0.005889892578125,True,True,True,True,0.05
62.0,final_sickled,194,195,48.75,0.005034622375387698,0.0022425949573516846,0.007102048024535179,0.0066074703354388475,0.007599706295877695,0.005615234375,True,True,True,True,0.05
62.0,final_sickled,195,196,49.0,0.03442208722699434,0.05911737680435181,0.02481982670724392,0.008352788630872965,0.01063257921487093,0.006072998046875,True,False,True,True,0.05
62.0,final_sickled,196,197,49.25,0.014852129836799578,0.03138887882232666,0.001348129822872579,0.0072989314794540405,0.008921593427658081,0.00567626953125,True,True,True,True,0.05
62.0,final_sickled,197,198,49.5,0.008525127114262433,0.016275674104690552,0.003202128456905484,0.0035764500498771667,0.0027583688497543335,0.00439453125,True,True,True,True,0.05
62.0,final_sickled,198,199,49.75,0.00848001503618434,0.0031624287366867065,0.017831401899456978,0.0038962115067988634,0.004923770669847727,0.00286865234375,True,True,True,True,0.05
62.0,final_sickled,199,200,50.0,0.02808845954714343,0.04494583606719971,0.025153616443276405,0.005225437460467219,0.004927193280309439,0.005523681640625,True,True,True,True,0.05
62.0,final_sickled,200,201,50.25,0.024328922081622295,0.05441713333129883,0.005917234346270561,0.0019641469116322696,0.0011511942138895392,0.002777099609375,True,False,True,True,0.05
62.0,final_sickled,201,202,50.5,0.01885871777776629,0.028516188263893127,0.016313035041093826,0.006970720831304789,0.009241734631359577,0.00469970703125,True,True,True,True,0.05
62.0,final_sickled,202,203,50.75,0.025189464539289476,0.04438629746437073,0.018052533268928528,0.004466235637664795,0.00633847713470459,0.002593994140625,True,True,True,True,0.05
62.0,final_sickled,203,204,51.0,0.021950237813871357,0.03487502038478851,0.01919514499604702,0.005127715645357966,0.004518126603215933,0.0057373046875,True,True,True,True,0.05
62.0,final_sickled,204,205,51.25,0.01619909776491113,0.033819183707237244,0.005993293132632971,0.0022950867423787713,0.0020572145003825426,0.002532958984375,True,True,True,True,0.05
62.0,final_sickled,205,206,51.5,0.03172323535545729,0.07566085457801819,0.0019146865233778954,0.003155012964271009,0.002434293506667018,0.003875732421875,True,False,True,True,0.05
62.0,final_sickled,206,207,51.75,0.03999153430340812,0.0798947811126709,0.019283542409539223,0.005137528060004115,0.00533120846375823,0.00494384765625,True,False,True,True,0.05
62.0,final_sickled,207,208,52.0,0.016959967196453363,0.0264730304479599,0.01492244005203247,0.004591603996232152,0.006253520492464304,0.0029296875,True,True,True,True,0.05
62.0,final_sickled,208,209,52.25,0.013408668525516986,0.026029571890830994,0.006665822118520737,0.002655208110809326,0.0032962560653686523,0.00201416015625,True,True,True,True,0.05
62.0,final_sickled,209,210,52.5,0.014002408739179371,0.014704883098602295,0.020484628155827522,0.003803342580795288,0.004127681255340576,0.00347900390625,True,True,True,True,0.05
62.0,final_sickled,210,211,52.75,0.01211726064211689,0.022266536951065063,0.007180873304605484,0.0027893608203157783,0.0031067978125065565,0.002471923828125,True,True,True,True,0.05
62.0,final_sickled,211,212,53.0,0.0369342241785489,0.0767102837562561,0.014895622618496418,0.004146571038290858,0.0042343041859567165,0.004058837890625,True,False,True,True,0.05
62.0,final_sickled,212,213,53.25,0.05018812789348885,0.10331428050994873,0.022298341616988182,0.004231984494253993,0.004862894769757986,0.00360107421875,False,False,True,True,0.05
62.0,final_sickled,213,214,53.5,0.008721562713617459,0.006951048970222473,0.014471665024757385,0.0035042414674535394,0.0029801626224070787,0.0040283203125,True,True,True,True,0.05
62.0,final_sickled,214,215,53.75,0.012968738842755557,0.016957566142082214,0.016373401507735252,0.0018200874328613281,0.0014123916625976562,0.002227783203125,True,True,True,True,0.05
62.0,final_sickled,215,216,54.0,0.022883074823766947,0.031622812151908875,0.026403186842799187,0.0039713382720947266,0.004921436309814453,0.003021240234375,True,True,True,True,0.05
62.0,final_sickled,216,217,54.25,0.015293007936270442,0.020800098776817322,0.01871335320174694,0.0016931792197283357,0.0009144346113316715,0.002471923828125,True,True,True,True,0.05
62.0,final_sickled,217,218,54.5,0.01189454747363925,0.002233758568763733,0.02839370258152485,0.004252992570400238,0.004660770297050476,0.00384521484375,True,True,True,True,0.05
62.0,final_sickled,218,219,54.75,0.02064647935330868,0.03316095471382141,0.01914900541305542,0.002719782292842865,0.00080089271068573,0.004638671875,True,True,True,True,0.05
64.0,final_sickled,156,157,39.25,0.011040724779013545,0.021793313324451447,0.003701499430462718,0.004111498594284058,0.0038284659385681152,0.00439453125,True,True,True,True,0.05
64.0,final_sickled,157,158,39.5,0.015234664944000543,0.031707316637039185,0.00457970192655921,0.0037953704595565796,0.003104656934738159,0.004486083984375,True,True,True,True,0.05
64.0,final_sickled,158,159,39.75,0.011057167814578862,0.013395577669143677,0.011913425289094448,0.006116951582953334,0.006771256681531668,0.005462646484375,True,True,True,True,0.05
64.0,final_sickled,159,160,40.0,0.024629889614880086,0.05250436067581177,0.008137714117765427,0.0031197816133499146,0.002730041742324829,0.003509521484375,True,False,True,True,0.05
64.0,final_sickled,160,161,40.25,0.030321524443570527,0.06899775564670563,0.004862269852310419,0.004082510946318507,0.004136701580137014,0.0040283203125,True,False,True,True,0.05
64.0,final_sickled,161,162,40.5,0.024043245194479826,0.05434860289096832,0.00414437148720026,0.003413096070289612,0.0020959675312042236,0.004730224609375,True,False,True,True,0.05
64.0,final_sickled,162,163,40.75,0.01558346831589006,0.034422263503074646,0.0029673997778445482,0.0031038919696584344,0.0019658405799418688,0.004241943359375,True,True,True,True,0.05
64.0,final_sickled,163,164,41.0,0.014239255338907242,0.014965862035751343,0.019817233085632324,0.005267515778541565,0.00458410382270813,0.005950927734375,True,True,True,True,0.05
64.0,final_sickled,164,165,41.25,0.013471074309200049,0.013068720698356628,0.018718527629971504,0.006768405437469482,0.008592963218688965,0.00494384765625,True,True,True,True,0.05
64.0,final_sickled,165,166,41.5,0.0065973332966677845,0.000806465744972229,0.014220602810382843,0.005190144060179591,0.007328530307859182,0.0030517578125,True,True,True,True,0.05
64.0,final_sickled,166,167,41.75,0.021652348665520547,0.045605942606925964,0.007823006249964237,0.00268767774105072,0.0025067031383514404,0.00286865234375,True,True,True,True,0.05
64.0,final_sickled,167,168,42.0,0.004137117172649596,0.0031155794858932495,0.006491078529506922,0.002476031571859494,0.0006796022062189877,0.0042724609375,True,True,True,True,0.05
66.0,final_sickled,131,132,33.0,0.007487961217702833,0.009283546358346939,0.0092250294983387,0.0021831293997820467,0.0006431142683140934,0.00372314453125,True,True,True,True,0.05
66.0,final_sickled,132,133,33.25,0.005505351215833798,0.007875949144363403,0.004759997129440308,0.0027558902511373162,0.0025820930022746325,0.0029296875,True,True,True,True,0.05
66.0,final_sickled,133,134,33.5,0.013987482408992946,0.028153449296951294,0.005629452411085367,0.0030231773853302,0.0027504563331604004,0.0032958984375,True,True,True,True,0.05
66.0,final_sickled,134,135,33.75,0.002142462105257437,0.00014203786849975586,0.004077694844454527,0.0026338150491937995,0.002032766817137599,0.00323486328125,True,True,True,True,0.05
66.0,final_sickled,135,136,34.0,0.015952971880324185,0.03439682722091675,0.004145120736211538,0.002973794937133789,0.002987384796142578,0.002960205078125,True,True,True,True,0.05
66.0,final_sickled,136,137,34.25,0.003026188613148406,0.0037426576018333435,0.0028089985717087984,0.002183904289267957,0.0019874374847859144,0.00238037109375,True,True,True,True,0.05
67.0,final_sickled,211,212,53.0,0.006941610341891646,0.011385425925254822,0.003782239742577076,0.004254624247550964,0.005213350057601929,0.0032958984375,True,True,True,True,0.05
67.0,final_sickled,212,213,53.25,0.004958333092508838,0.006743907928466797,0.004050566349178553,0.0033722867956385016,0.0023195247631520033,0.004425048828125,True,True,True,True,0.05
67.0,final_sickled,213,214,53.5,0.04128259876742959,0.08321141451597214,0.0206050556153059,0.00314505398273468,0.0024143755435943604,0.003875732421875,True,False,True,True,0.05
67.0,final_sickled,214,215,53.75,0.012066534429322928,0.0069466233253479,0.022967904806137085,0.004996473668143153,0.007337918039411306,0.002655029296875,True,True,True,True,0.05
67.0,final_sickled,215,216,54.0,0.035992415115470064,0.06616616249084473,0.024372287094593048,0.003982598544098437,0.0035706658381968737,0.00439453125,True,False,True,True,0.05
67.0,final_sickled,216,217,54.25,0.009666204190580174,0.019617781043052673,0.0033898658584803343,0.002530554891563952,0.003352125408127904,0.001708984375,True,True,True,True,0.05
67.0,final_sickled,217,218,54.5,0.02997032785206102,0.07044301927089691,0.0028565386310219765,0.0031733264913782477,0.0034474830608814955,0.002899169921875,True,False,True,True,0.05
67.0,final_sickled,218,219,54.75,0.10700493305921555,0.18764351308345795,0.08266393840312958,0.012060597538948059,0.013745218515396118,0.0103759765625,False,False,False,True,0.05
67.0,final_sickled,219,220,55.0,0.010535131674259901,0.005256056785583496,0.020437220111489296,0.005118727684020996,0.004927396774291992,0.00531005859375,True,True,True,True,0.05
67.0,final_sickled,220,221,55.25,0.08163069246802479,0.137939453125,0.06869446486234665,0.009647394064813852,0.008155872114002705,0.011138916015625,False,False,False,True,0.05
67.0,final_sickled,221,222,55.5,0.009855779743520542,0.017803654074668884,0.005836982745677233,0.0027654966106638312,0.0037609736900776625,0.00177001953125,True,True,True,True,0.05
67.0,final_sickled,222,223,55.75,0.010566934291273356,0.006417199969291687,0.01890086941421032,0.005539000034332275,0.007171750068664551,0.00390625,True,True,True,True,0.05
67.0,final_sickled,223,224,56.0,0.0084465773019474,0.01556997001171112,0.004288774449378252,0.002870072959922254,0.003115634201094508,0.00262451171875,True,True,True,True,0.05
67.0,final_sickled,224,225,56.25,0.006502148380968719,0.005551323294639587,0.00925390888005495,0.004171003820374608,0.004679898265749216,0.003662109375,True,True,True,True,0.05
67.0,final_sickled,225,226,56.5,0.08674266375601292,0.14734907448291779,0.0686405822634697,0.015115320682525635,0.01924431324005127,0.010986328125,False,False,False,True,0.05
67.0,final_sickled,226,227,56.75,0.10212039931211621,0.18785737454891205,0.06745151430368423,0.013477677945047617,0.014687289483845234,0.01226806640625,False,False,False,True,0.05
67.0,final_sickled,227,228,57.0,0.015092799102421851,0.03174540400505066,0.0039552501402795315,0.004041199805215001,0.005396852735430002,0.002685546875,True,True,True,True,0.05
67.0,final_sickled,228,229,57.25,0.08478406311478466,0.14554648101329803,0.06725003570318222,0.012111832853406668,0.011833528988063335,0.01239013671875,False,False,False,True,0.05
67.0,final_sickled,229,230,57.5,0.10523597614374013,0.1995885670185089,0.06423712521791458,0.011670222040265799,0.010828237049281597,0.01251220703125,False,False,False,True,0.05
67.0,final_sickled,230,231,57.75,0.12264412883669137,0.2447904348373413,0.05945805832743645,0.0156705379486084,0.016295909881591797,0.015045166015625,False,False,False,True,0.05
67.0,final_sickled,231,232,58.0,0.1336129116360098,0.2744632363319397,0.05657314136624336,0.016108070500195026,0.018605301156640053,0.01361083984375,False,False,False,True,0.05
67.0,final_sickled,232,233,58.25,0.12451048400253058,0.256190687417984,0.051191288977861404,0.01646903157234192,0.020242750644683838,0.0126953125,False,False,False,True,0.05
67.0,final_sickled,233,234,58.5,0.09988275135401636,0.19170784950256348,0.05645639821887016,0.013759488705545664,0.015586604364216328,0.011932373046875,False,False,False,True,0.05
67.0,final_sickled,234,235,58.75,0.0021360652130169907,0.0007784813642501831,0.004528436344116926,0.0009588797875039745,0.00011722246563294902,0.001800537109375,True,True,True,True,0.05
67.0,final_sickled,235,236,59.0,0.013623184466268867,0.028027907013893127,0.0039972770027816296,0.004051898838952184,0.0047773816622793674,0.003326416015625,True,True,True,True,0.05
67.0,final_sickled,236,237,59.25,0.11077361437492073,0.20883408188819885,0.06723892688751221,0.01482542883604765,0.0162841584533453,0.01336669921875,False,False,False,True,0.05
67.0,final_sickled,237,238,59.5,0.11775155439972879,0.22300845384597778,0.07031384110450745,0.015753313899040222,0.017346471548080444,0.01416015625,False,False,False,True,0.05
67.0,final_sickled,238,239,59.75,0.10977320186793804,0.2062886357307434,0.06732133775949478,0.01478111743927002,0.01744675636291504,0.012115478515625,False,False,False,True,0.05
67.0,final_sickled,239,240,60.0,0.01304871810716577,0.02316412329673767,0.007759259548038244,0.00426931178662926,0.003350635292008519,0.00518798828125,True,True,True,True,0.05
67.0,final_sickled,240,241,60.25,0.0958330110181123,0.17390412092208862,0.06305744498968124,0.01680502761155367,0.019816109910607338,0.0137939453125,False,False,False,True,0.05
67.0,final_sickled,241,242,60.5,0.0897856040392071,0.16221430897712708,0.05886952206492424,0.017182190902531147,0.022187868133187294,0.012176513671875,False,False,False,True,0.05
67.0,final_sickled,242,243,60.75,0.08961183633655309,0.1601884812116623,0.05957214906811714,0.01874476671218872,0.02369558811187744,0.0137939453125,False,False,False,True,0.05
67.0,final_sickled,243,244,61.0,0.11414696015417576,0.21353812515735626,0.07146381586790085,0.014877498149871826,0.017547965049743652,0.01220703125,False,False,False,True,0.05
67.0,final_sickled,244,245,61.25,0.09454319290816784,0.15333957970142365,0.08511195331811905,0.013672709465026855,0.01587080955505371,0.011474609375,False,False,False,True,0.05
67.0,final_sickled,245,246,61.5,0.010742754090460948,0.02197377383708954,0.004101825878024101,0.002070421993266791,0.0013332267990335822,0.0028076171875,True,True,True,True,0.05
67.0,final_sickled,246,247,61.75,0.028541322931414467,0.046507611870765686,0.026510633528232574,0.0026382257929071784,0.002407799242064357,0.00286865234375,True,True,True,True,0.05
67.0,final_sickled,247,248,62.0,0.07431886771228165,0.09915059804916382,0.0898156464099884,0.012892608996480703,0.013913880102336407,0.011871337890625,False,False,False,True,0.05
67.0,final_sickled,248,249,62.25,0.07537840399891138,0.14755797386169434,0.043647464364767075,0.004314407706260681,0.003959625959396362,0.004669189453125,False,False,True,True,0.05
67.0,final_sickled,249,250,62.5,0.1217280350625515,0.25081825256347656,0.05035120248794556,0.015111252665519714,0.01606234908103943,0.01416015625,False,False,False,True,0.05
67.0,final_sickled,250,251,62.75,0.01363163799396716,0.012644723057746887,0.021773649379611015,0.0038118859520182014,0.0034733812790364027,0.004150390625,True,True,True,True,0.05
67.0,final_sickled,251,252,63.0,0.020147864241153002,0.021230801939964294,0.03005034290254116,0.004551693797111511,0.0049835145473480225,0.004119873046875,True,True,True,True,0.05
67.0,final_sickled,252,253,63.25,0.024181193008553238,0.029765576124191284,0.032382942736148834,0.0037637304048985243,0.004048456903547049,0.00347900390625,True,True,True,True,0.05
67.0,final_sickled,253,254,63.5,0.028749261170742103,0.06952300667762756,0.0005224634078331292,0.0030287852277979255,0.003402541158720851,0.002655029296875,True,False,True,True,0.05
67.0,final_sickled,254,255,63.75,0.009153119231632445,0.019659921526908875,0.0024060592986643314,0.0017881194653455168,0.0006770690088160336,0.002899169921875,True,True,True,True,0.05
67.0,final_sickled,255,256,64.0,0.002496276726014912,0.0023187249898910522,0.0019382719183340669,0.0035615662345662713,0.0021182496566325426,0.0050048828125,True,True,True,True,0.05
67.0,final_sickled,256,257,64.25,0.006723059338401071,0.008541032671928406,0.007735708262771368,0.0023965935106389225,0.001405735849402845,0.003387451171875,True,True,True,True,0.05
67.0,final_sickled,257,258,64.5,0.006434306810842828,0.012405306100845337,0.0017343335784971714,0.003460670472122729,0.0030150909442454576,0.00390625,True,True,True,True,0.05
67.0,final_sickled,258,259,64.75,0.003533399139996618,0.002002701163291931,0.004136358853429556,0.005138372303918004,0.007286021951586008,0.00299072265625,True,True,True,True,0.05
67.0,final_sickled,259,260,65.0,0.009245547134196386,0.00476527214050293,0.018455376848578453,0.003520225523971021,0.0033783416729420424,0.003662109375,True,True,True,True,0.05
76.0,semi_sickled,175,176,44.0,0.01948534819530323,0.0312904417514801,0.01580902934074402,0.005744044901803136,0.004804740194231272,0.006683349609375,True,True,True,True,0.05
76.0,semi_sickled,176,177,44.25,0.025807436730246994,0.05786770582199097,0.003598542883992195,0.005603457568213344,0.006202032323926687,0.0050048828125,True,False,True,True,0.05
76.0,semi_sickled,177,178,44.5,0.04565797520335764,0.10066264867782593,0.010569419711828232,0.006774475332349539,0.008605103008449078,0.00494384765625,True,False,True,True,0.05
76.0,semi_sickled,178,179,44.75,0.05973589360364713,0.1323821246623993,0.016727061942219734,0.003714288235642016,0.003003527643159032,0.004425048828125,False,False,True,True,0.05
76.0,semi_sickled,179,180,45.0,0.02442059516906738,0.029185310006141663,0.030569911003112793,0.008188009262084961,0.009692668914794922,0.006683349609375,True,True,True,True,0.05
76.0,semi_sickled,180,181,45.25,0.021039804117754104,0.03604269027709961,0.015454835258424282,0.004854142665863037,0.005741000175476074,0.00396728515625,True,True,True,True,0.05
76.0,semi_sickled,181,182,45.5,0.009016204200452193,0.007338389754295349,0.014645595103502274,0.003819560050033033,0.003153036115691066,0.004486083984375,True,True,True,True,0.05
76.0,semi_sickled,182,183,45.75,0.003655571985291317,0.003907293081283569,0.003997689578682184,0.0027738536009564996,0.003686134936287999,0.001861572265625,True,True,True,True,0.05
76.0,semi_sickled,183,184,46.0,0.010647210892057045,0.0036091357469558716,0.02326248027384281,0.004246753989718854,0.003152931807562709,0.005340576171875,True,True,True,True,0.05
76.0,semi_sickled,184,185,46.25,0.01796199280070141,0.026945948600769043,0.01755707710981369,0.004154545487836003,0.005318368319422007,0.00299072265625,True,True,True,True,0.05
78.0,final_sickled,125,126,31.5,0.023259015183430164,0.03642699867486954,0.02112000621855259,0.005184854147955775,0.0052427551709115505,0.005126953125,True,True,True,True,0.05
78.0,final_sickled,126,127,31.75,0.030353385070338846,0.062134984880685806,0.012279446236789227,0.004806339740753174,0.003997445106506348,0.005615234375,True,False,True,True,0.05
78.0,final_sickled,127,128,32.0,0.017532980465330184,0.034837231040000916,0.007717709522694349,0.00358755886554718,0.0032993853092193604,0.003875732421875,True,True,True,True,0.05
78.0,final_sickled,128,129,32.25,0.014698333613341674,0.02752532809972763,0.008256051689386368,0.003194337128661573,0.003245363710448146,0.003143310546875,True,True,True,True,0.05
78.0,final_sickled,129,130,32.5,0.004005235095974058,0.0031399130821228027,0.00459299748763442,0.004566882969811559,0.0039457776583731174,0.00518798828125,True,True,True,True,0.05
78.0,final_sickled,130,131,32.75,0.019259301559941377,0.03881155699491501,0.008822369389235973,0.0025873979029711336,0.0006581942434422672,0.0045166015625,True,True,True,True,0.05
78.0,final_sickled,131,132,33.0,0.008271585672628135,0.0034689344465732574,0.015835583209991455,0.005366231082007289,0.004689981695264578,0.00604248046875,True,True,True,True,0.05
78.0,final_sickled,132,133,33.25,0.005075235920958221,0.004904668778181076,0.005487597081810236,0.004770837724208832,0.005635425448417664,0.00390625,True,True,True,True,0.05
80.0,semi_sickled,302,303,75.75,0.007931298488983884,0.006907373666763306,0.012076209299266338,0.003766703070141375,0.00274214637465775,0.004791259765625,True,True,True,True,0.05
80.0,semi_sickled,303,304,76.0,0.011520793469389902,0.023763038218021393,0.0032851577270776033,0.003463091910816729,0.002775793196633458,0.004150390625,True,True,True,True,0.05
80.0,semi_sickled,304,305,76.25,0.014394915394950657,0.015447333455085754,0.019338253885507584,0.005790372611954808,0.0070641436614096165,0.0045166015625,True,True,True,True,0.05
80.0,semi_sickled,305,306,76.5,0.0020103796734474598,0.0003543049097061157,0.003246153937652707,0.0029300153255462646,0.0030524134635925293,0.0028076171875,True,True,True,True,0.05
80.0,semi_sickled,306,307,76.75,0.01091979292104952,0.01914999634027481,0.007204137276858091,0.0029533853521570563,0.0036179523449391127,0.002288818359375,True,True,True,True,0.05
80.0,semi_sickled,307,308,77.0,0.008200408256379889,0.01590115576982498,0.0027671463321894407,0.003485778928734362,0.0030042727012187243,0.00396728515625,True,True,True,True,0.05
82.0,final_sickled,135,136,34.0,0.03526767396833748,0.0723462700843811,0.013346679508686066,0.0066313124261796474,0.008898611180484295,0.004364013671875,True,False,True,True,0.05
82.0,final_sickled,136,137,34.25,0.028440279539790937,0.05151459574699402,0.020813116803765297,0.002199401438701898,0.0017742911586537957,0.00262451171875,True,False,True,True,0.05
82.0,final_sickled,137,138,34.5,0.010468592867255211,0.0032328516244888306,0.022587411105632782,0.00507943332195282,0.00542864203453064,0.004730224609375,True,True,True,True,0.05
82.0,final_sickled,138,139,34.75,0.01323402466950938,0.015402331948280334,0.017410771921277046,0.003917286871001124,0.004691263195127249,0.003143310546875,True,True,True,True,0.05
82.0,final_sickled,139,140,35.0,0.029913763515651226,0.0637534111738205,0.006745268125087023,0.00820622080937028,0.012933437712490559,0.00347900390625,True,False,True,True,0.05
82.0,final_sickled,140,141,35.25,0.005887732974952087,0.010216988623142242,0.00341284298337996,0.0024257699260488153,0.0032341082114726305,0.001617431640625,True,True,True,True,0.05
82.0,final_sickled,141,142,35.5,0.002163963858038187,1.5944242477416992e-06,0.0030540914740413427,0.0043775762896984816,0.006405299063771963,0.002349853515625,True,True,True,True,0.05
82.0,final_sickled,142,143,35.75,0.008811529236845672,0.017143618315458298,0.00390939274802804,0.0023431777954101562,0.0029773712158203125,0.001708984375,True,True,True,True,0.05
82.0,final_sickled,143,144,36.0,0.01234436483355239,0.00937671959400177,0.020413348451256752,0.0057960201520472765,0.007075438741594553,0.0045166015625,True,True,True,True,0.05
82.0,final_sickled,144,145,36.25,0.007900864537805318,0.002807099372148514,0.017349833622574806,0.0028223320841789246,0.002531871199607849,0.00311279296875,True,True,True,True,0.05
82.0,final_sickled,145,146,36.5,0.0023598757688887417,0.00018208473920822144,0.004163861274719238,0.003318761708214879,0.004409740213304758,0.002227783203125,True,True,True,True,0.05
84.0,semi_sickled,183,184,46.0,0.00829600981087424,0.015370495617389679,0.0015907479682937264,0.006364199100062251,0.004885380621999502,0.007843017578125,True,True,True,True,0.05
84.0,semi_sickled,184,185,46.25,0.0073343180469237265,0.008094199001789093,0.009195786900818348,0.0035124521236866713,0.0048886737786233425,0.00213623046875,True,True,True,True,0.05
84.0,semi_sickled,185,186,46.5,0.00979137551621534,0.020665228366851807,0.002077617682516575,0.003192471922375262,0.0019598950166255236,0.004425048828125,True,True,True,True,0.05
84.0,semi_sickled,186,187,46.75,0.020440699253231286,0.031702473759651184,0.017176693305373192,0.006991468369960785,0.00888650119304657,0.005096435546875,True,True,True,True,0.05
84.0,semi_sickled,187,188,47.0,0.027488740978878923,0.0629899799823761,0.004293293692171574,0.00316038477467373,0.0015905449399724603,0.004730224609375,True,False,True,True,0.05
84.0,semi_sickled,188,189,47.25,0.004565904184710234,0.006059244275093079,0.003496222198009491,0.0036741148214787245,0.003960778471082449,0.003387451171875,True,True,True,True,0.05
84.0,semi_sickled,189,190,47.5,0.01088963431539014,0.0063902586698532104,0.020671186968684196,0.0043944616336375475,0.004089216236025095,0.00469970703125,True,True,True,True,0.05
84.0,semi_sickled,190,191,47.75,0.011896103993058205,0.022194936871528625,0.0055512189865112305,0.004300810396671295,0.00423760712146759,0.004364013671875,True,True,True,True,0.05
84.0,semi_sickled,191,192,48.0,0.04620484607294202,0.08987735211849213,0.023830099031329155,0.007653482258319855,0.01036311686038971,0.00494384765625,True,False,True,True,0.05
84.0,semi_sickled,192,193,48.25,0.012573271078872494,0.02534748613834381,0.005035490728914738,0.002687419473659247,0.0019263526191934943,0.003448486328125,True,True,True,True,0.05
84.0,semi_sickled,193,194,48.5,0.006773327285191044,0.012389644980430603,0.0034322806168347597,0.0024646843085065484,0.002060716273263097,0.00286865234375,True,True,True,True,0.05
84.0,semi_sickled,194,195,48.75,0.06657031822251155,0.14282648265361786,0.024058952927589417,0.004076366545632482,0.004582176450639963,0.003570556640625,False,False,True,True,0.05
84.0,semi_sickled,195,196,49.0,0.014890122856013476,0.005056992173194885,0.03092639334499836,0.008172353263944387,0.012468974106013775,0.003875732421875,True,True,True,True,0.05
84.0,semi_sickled,196,197,49.25,0.011539519019424916,0.022305071353912354,0.004422720521688461,0.00427815318107605,0.0041922926902771,0.004364013671875,True,True,True,True,0.05
84.0,semi_sickled,197,198,49.5,0.02713217977434397,0.052988067269325256,0.014075074344873428,0.00404270738363266,0.00433175265789032,0.003753662109375,True,False,True,True,0.05
84.0,semi_sickled,198,199,49.75,0.020116654090816158,0.03798452019691467,0.011620577424764633,0.0034225756535306573,0.0028168309945613146,0.0040283203125,True,True,True,True,0.05
84.0,semi_sickled,199,200,50.0,0.03927822542609647,0.0794699639081955,0.017893938347697258,0.0049094457644969225,0.005088666919618845,0.004730224609375,True,False,True,True,0.05
84.0,semi_sickled,200,201,50.25,0.024500002252170815,0.04850323498249054,0.012243314646184444,0.0032541925320401788,0.0025410999078303576,0.00396728515625,True,True,True,True,0.05
84.0,semi_sickled,201,202,50.5,0.013056374789448455,0.026111170649528503,0.0057088653557002544,0.0024552146205678582,0.0021028120536357164,0.0028076171875,True,True,True,True,0.05
84.0,semi_sickled,202,203,50.75,0.008012255653738976,0.005448400974273682,0.013192422688007355,0.004862189292907715,0.00496363639831543,0.0047607421875,True,True,True,True,0.05
84.0,semi_sickled,203,204,51.0,0.006542747560888529,0.011042028665542603,0.004544584080576897,0.002141326665878296,0.0010172724723815918,0.003265380859375,True,True,True,True,0.05
84.0,semi_sickled,204,205,51.25,0.01143934598658234,0.021228522062301636,0.005324869882315397,0.004336930811405182,0.004187777638435364,0.004486083984375,True,True,True,True,0.05
84.0,semi_sickled,205,206,51.5,0.011151060022530147,0.02342689037322998,0.0036733634769916534,0.0019785066251643,0.0019428530940786004,0.00201416015625,True,True,True,True,0.05
85.0,semi_sickled,215,216,54.0,0.021769455121830105,0.017632752656936646,0.029322287067770958,0.01781421434134245,0.0224448349326849,0.01318359375,True,True,True,True,0.05
85.0,semi_sickled,216,217,54.25,0.049146226188167934,0.11326754093170166,0.005172115284949541,0.008115877863019705,0.00948737096041441,0.006744384765625,True,False,True,True,0.05
85.0,semi_sickled,217,218,54.5,0.018825374729931354,0.012472659349441528,0.0339820496737957,0.007770374417304993,0.007545143365859985,0.00799560546875,True,True,True,True,0.05
85.0,semi_sickled,218,219,54.75,0.024817848298698663,0.038052767515182495,0.02219962887465954,0.007307484745979309,0.007504373788833618,0.007110595703125,True,True,True,True,0.05
85.0,semi_sickled,219,220,55.0,0.016491918428801003,0.03500951826572418,0.004838526714593172,0.003178507089614868,0.0031831860542297363,0.003173828125,True,True,True,True,0.05
85.0,semi_sickled,220,221,55.25,0.04442171939881519,0.09205324947834015,0.017980696633458138,0.0052287031430751085,0.005238900426775217,0.005218505859375,True,False,True,True,0.05
85.0,semi_sickled,221,222,55.5,0.019695633760420606,0.04329173266887665,0.004867461044341326,0.0027013173094019294,0.0029612283688038588,0.00244140625,True,True,True,True,0.05
85.0,semi_sickled,222,223,55.75,0.033355589327402416,0.056892797350883484,0.025721507146954536,0.006383771542459726,0.008067836053669453,0.00469970703125,True,False,True,True,0.05
85.0,semi_sickled,223,224,56.0,0.029136193706654014,0.06695394963026047,0.004651055205613375,0.002906978130340576,0.0026401281356811523,0.003173828125,True,False,True,True,0.05
85.0,semi_sickled,224,225,56.25,0.003100939333671704,0.004839301109313965,0.0012126393849030137,0.002963180420920253,0.004278411623090506,0.00164794921875,True,True,True,True,0.05
85.0,semi_sickled,225,226,56.5,0.005283342598704621,0.009908176958560944,0.001471008057706058,0.0032208759803324938,0.0045191445387899876,0.001922607421875,True,True,True,True,0.05
85.0,semi_sickled,226,227,56.75,0.011597919442283455,0.025708749890327454,0.0025936549063771963,0.0016265610756818205,0.000598092854488641,0.002655029296875,True,True,True,True,0.05
85.0,semi_sickled,227,228,57.0,0.019960372836794704,0.04295308142900467,0.004218786023557186,0.0052102606277912855,0.007307728286832571,0.00311279296875,True,True,True,True,0.05
85.0,semi_sickled,228,229,57.25,0.003931674751220271,0.00410056859254837,0.004738754127174616,0.002531533478759229,0.0031709771137684584,0.00189208984375,True,True,True,True,0.05
85.0,semi_sickled,229,230,57.5,0.008096036268398166,0.010956913232803345,0.009260290302336216,0.0018886774778366089,0.0010612905025482178,0.002716064453125,True,True,True,True,0.05
87.0,semi_sickled,218,219,54.75,0.025113279256038366,0.03511768579483032,0.02468014322221279,0.009712619241327047,0.009384955279529095,0.010040283203125,True,True,True,True,0.05
87.0,semi_sickled,219,220,55.0,0.02325095215346664,0.03088662028312683,0.023778118193149567,0.010295850690454245,0.01488491427153349,0.005706787109375,True,True,True,True,0.05
87.0,semi_sickled,220,221,55.25,0.024124119791667908,0.03929142653942108,0.019849715754389763,0.005840594647452235,0.0052724978886544704,0.00640869140625,True,True,True,True,0.05
87.0,semi_sickled,221,222,55.5,0.01195119863259606,0.021465778350830078,0.006662348750978708,0.004132260917685926,0.003839473007246852,0.004425048828125,True,True,True,True,0.05
87.0,semi_sickled,222,223,55.75,0.020452186395414174,0.042315736413002014,0.0071074641309678555,0.004153117537498474,0.0034844577312469482,0.00482177734375,True,True,True,True,0.05
87.0,semi_sickled,223,224,56.0,0.041509391978615896,0.08728407323360443,0.01598702371120453,0.0040012175450101495,0.002112542511895299,0.005889892578125,True,False,True,True,0.05
87.0,semi_sickled,224,225,56.25,0.03687080653035082,0.0773964375257492,0.014375090599060059,0.0035237992415204644,0.002958243014290929,0.00408935546875,True,False,True,True,0.05
87.0,semi_sickled,225,226,56.5,0.020110700087388977,0.03597773611545563,0.013498335145413876,0.00398075336124748,0.00320076453499496,0.0047607421875,True,True,True,True,0.05
87.0,semi_sickled,226,227,56.75,0.030763960327021778,0.049148380756378174,0.02648506499826908,0.007339341100305319,0.008697236888110638,0.0059814453125,True,True,True,True,0.05
87.0,semi_sickled,227,228,57.0,0.03439370606793091,0.06346157193183899,0.021945185959339142,0.005313048837706447,0.006597777362912893,0.0040283203125,True,False,True,True,0.05
87.0,semi_sickled,228,229,57.25,0.026075112883700062,0.06051909923553467,0.0012243612436577678,0.005755787016823888,0.007178077939897776,0.00433349609375,True,False,True,True,0.05
87.0,semi_sickled,229,230,57.5,0.0066581118036992855,0.008227318525314331,0.007089827209711075,0.0035429794806987047,0.0042173066176474094,0.00286865234375,True,True,True,True,0.05
87.0,semi_sickled,230,231,57.75,0.019384495611302555,0.04295484721660614,0.00427218759432435,0.0028291642665863037,0.0020572543144226074,0.00360107421875,True,True,True,True,0.05
87.0,semi_sickled,231,232,58.0,0.004228281218092888,0.0016059130430221558,0.006558259949088097,0.00516210007481277,0.00629587983712554,0.0040283203125,True,True,True,True,0.05
87.0,semi_sickled,232,233,58.25,0.008840963011607528,0.00740070641040802,0.014445384033024311,0.0032991841435432434,0.004126444458961487,0.002471923828125,True,True,True,True,0.05
87.0,semi_sickled,233,234,58.5,0.009801764448639005,0.012167394161224365,0.010386374779045582,0.005198302445933223,0.0063682845793664455,0.0040283203125,True,True,True,True,0.05
87.0,semi_sickled,234,235,58.75,0.005525590066099539,0.006142601370811462,0.0065882857888937,0.0030505979666486382,0.0031104732770472765,0.00299072265625,True,True,True,True,0.05
88.0,final_sickled,145,146,36.5,0.011939757392974572,0.02466200292110443,0.003375980304554105,0.003573452471755445,0.00272185611538589,0.004425048828125,True,True,True,True,0.05
88.0,final_sickled,146,147,36.75,0.006143039521703031,0.009916245937347412,0.004465510603040457,0.002454449742799625,0.0009110967512242496,0.003997802734375,True,True,True,True,0.05
88.0,final_sickled,147,148,37.0,0.03867880572797731,0.07373113930225372,0.021541541442275047,0.006587242009118199,0.007193038705736399,0.0059814453125,True,False,True,True,0.05
88.0,final_sickled,148,149,37.25,0.012149257187653955,,0.017572231590747833,0.004557093023322523,0.0035599868278950453,0.00555419921875,True,,True,True,0.05
88.0,final_sickled,149,150,37.5,0.002859407929160322,,0.0013710226630792022,0.004943147301673889,0.004545718431472778,0.005340576171875,True,,True,True,0.05
88.0,final_sickled,150,151,37.75,0.021451636718120427,0.047102466225624084,0.0024482866283506155,0.007014999631792307,0.008689423091709614,0.005340576171875,True,True,True,True,0.05
88.0,final_sickled,151,152,38.0,0.045355809619650245,0.10989387333393097,0.001634557731449604,0.0033046603202819824,0.002245306968688965,0.004364013671875,True,False,True,True,0.05
88.0,final_sickled,152,153,38.25,0.029649510919989554,0.06358733028173447,0.010133843868970871,0.0026709338126238436,0.0007642309064976871,0.00457763671875,True,False,True,True,0.05
88.0,final_sickled,153,154,38.5,0.024114565539639442,0.03468286991119385,0.026417097076773643,0.0039817343931645155,0.004392912145704031,0.003570556640625,True,True,True,True,0.05
88.0,final_sickled,154,155,38.75,0.02869961513206363,0.044621214270591736,0.026034647598862648,0.006956011056900024,0.007991611957550049,0.00592041015625,True,True,True,True,0.05
88.0,final_sickled,155,156,39.0,0.012302333209663629,0.011604435741901398,0.01726190559566021,0.006475567817687988,0.0070612430572509766,0.005889892578125,True,True,True,True,0.05
88.0,final_sickled,156,157,39.25,0.016963925072923304,0.026768982410430908,0.013580049388110638,0.006013259291648865,0.0070521533489227295,0.004974365234375,True,True,True,True,0.05
88.0,final_sickled,157,158,39.5,0.023064681381219997,0.034969352185726166,0.023551806807518005,0.0033352324971929193,0.0021233458537608385,0.004547119140625,True,True,True,True,0.05
88.0,final_sickled,158,159,39.75,0.016185288032284008,0.024977155029773712,0.015585456974804401,0.0029580643167719245,0.002742300508543849,0.003173828125,True,True,True,True,0.05
91.0,semi_sickled,335,336,84.0,0.018453458364820107,0.04055500775575638,0.0023119617253541946,0.005689074634574354,0.0036572020035237074,0.007720947265625,True,True,True,True,0.05
91.0,semi_sickled,336,337,84.25,0.0015151855448493734,0.0002375394105911255,0.0025795463006943464,0.002069314301479608,0.0010258356342092156,0.00311279296875,True,True,True,True,0.05
91.0,semi_sickled,337,338,84.5,0.012555428792256861,0.013331808149814606,0.01786852441728115,0.0038748879451304674,0.004392842296510935,0.00335693359375,True,True,True,True,0.05
91.0,semi_sickled,338,339,84.75,0.009606310472008772,0.008702181279659271,0.0153227299451828,0.0030499299173243344,0.0015222231158986688,0.00457763671875,True,True,True,True,0.05
91.0,semi_sickled,339,340,85.0,0.013538789376616477,0.015392303466796875,0.015046022832393646,0.008463039994239807,0.012378960847854614,0.004547119140625,True,True,True,True,0.05
91.0,semi_sickled,340,341,85.25,0.01936885343166068,0.025340169668197632,0.021903032436966896,0.0062668968457728624,0.007559428457170725,0.004974365234375,True,True,True,True,0.05
92.0,semi_sickled,174,175,43.75,0.05258648352464661,0.11548373848199844,0.013292043469846249,0.006963091669604182,0.0074564567767083645,0.0064697265625,False,False,True,True,0.05
92.0,semi_sickled,175,176,44.0,0.009709865064360201,0.004388533532619476,0.016046956181526184,0.009352067951112986,0.011288364417850971,0.007415771484375,True,True,True,True,0.05
92.0,semi_sickled,176,177,44.25,0.037715949199628084,0.055663421750068665,0.039165157824754715,0.006971101043745875,0.006312807556241751,0.00762939453125,True,False,True,True,0.05
92.0,semi_sickled,177,178,44.5,0.023193133156746627,0.03665991127490997,0.020698482170701027,0.005138799548149109,0.0031364858150482178,0.00714111328125,True,True,True,True,0.05
92.0,semi_sickled,178,179,44.75,0.008177645012619906,0.012634404003620148,0.007142402231693268,0.0024961705203168094,0.0011166086187586188,0.003875732421875,True,True,True,True,0.05
92.0,semi_sickled,179,180,45.0,0.012689004850108175,0.007684625685214996,0.02357771433889866,0.0054518182296305895,0.005959788803011179,0.00494384765625,True,True,True,True,0.05
92.0,semi_sickled,180,181,45.25,0.01991171883419156,0.022942282259464264,0.026803692802786827,0.005414053797721863,0.007043927907943726,0.0037841796875,True,True,True,True,0.05
92.0,semi_sickled,181,182,45.5,0.00350411954568699,0.0003119334578514099,0.006303198169916868,0.004692907212302089,0.0053574941121041775,0.0040283203125,True,True,True,True,0.05
92.0,semi_sickled,182,183,45.75,0.023850390512961894,0.032724976539611816,0.028162119910120964,0.003614631714299321,0.004146988037973642,0.003082275390625,True,True,True,True,0.05
93.0,final_sickled,81,82,20.5,0.017906734929420055,0.027200600132346153,0.014763793908059597,0.007436668034642935,0.00834257435053587,0.00653076171875,True,True,True,True,0.05
93.0,final_sickled,82,83,20.75,0.009610344795510173,0.01799633726477623,0.003673327388241887,0.004504581214860082,0.004889289382845163,0.004119873046875,True,True,True,True,0.05
93.0,final_sickled,83,84,21.0,0.00544311799458228,0.011456233449280262,0.0009255802724510431,0.0021466860780492425,0.002492835046723485,0.001800537109375,True,True,True,True,0.05
93.0,final_sickled,84,85,21.25,0.0029175510397180912,0.0016344580799341202,0.004287101794034243,0.003053128719329834,0.003359675407409668,0.00274658203125,True,True,True,True,0.05
93.0,final_sickled,85,86,21.5,0.001810340490192175,0.0019157379865646362,0.0015286225825548172,0.0020361095666885376,0.0016918480396270752,0.00238037109375,True,True,True,True,0.05
93.0,final_sickled,86,87,21.75,0.001984646891651209,0.0009150728583335876,0.0035969812888652086,0.0014386971888598055,0.0007106463308446109,0.002166748046875,True,True,True,True,0.05
98.0,final_sickled,172,173,43.25,0.02267744934652001,0.03675878793001175,0.01686185598373413,0.008289138320833445,0.00952871609479189,0.007049560546875,True,True,True,True,0.05
98.0,final_sickled,173,174,43.5,0.023392635548952965,0.042235784232616425,0.015397722832858562,0.004436475457623601,0.005027736071497202,0.00384521484375,True,True,True,True,0.05
98.0,final_sickled,174,175,43.75,0.009672629775013776,0.0172833651304245,0.003947048913687468,0.005511266412213445,0.005987132433801889,0.005035400390625,True,True,True,True,0.05
98.0,final_sickled,175,176,44.0,0.02741470237961039,0.051487356424331665,0.0148473484441638,0.006492751417681575,0.00730923330411315,0.00567626953125,True,False,True,True,0.05
98.0,final_sickled,176,177,44.25,0.008453397487755865,0.005290329456329346,0.014012244530022144,0.005731920478865504,0.0073744854889810085,0.00408935546875,True,True,True,True,0.05
98.0,final_sickled,177,178,44.5,0.03148568960605189,0.054025813937187195,0.023665355518460274,0.006369958398863673,0.007796069141477346,0.00494384765625,True,False,True,True,0.05
98.0,final_sickled,178,179,44.75,0.02270292472676374,0.04483143985271454,0.01088660303503275,0.00384015089366585,0.0038961220998317003,0.0037841796875,True,True,True,True,0.05
98.0,final_sickled,179,180,45.0,0.017687565379310398,0.012339368462562561,0.03353169187903404,0.00406290334649384,0.0042805918492376804,0.00384521484375,True,True,True,True,0.05
98.0,final_sickled,180,181,45.25,0.023221556922362656,0.04898258298635483,0.008854084648191929,0.0021183764038141817,0.0008798192138783634,0.00335693359375,True,True,True,True,0.05
98.0,final_sickled,181,182,45.5,0.010854721080977469,0.004174858331680298,0.02207201160490513,0.005838294746354222,0.005695144180208445,0.0059814453125,True,True,True,True,0.05
98.0,final_sickled,182,183,45.75,0.017036322224885228,0.02334565669298172,0.01953105442225933,0.003448761999607086,0.004334047436714172,0.0025634765625,True,True,True,True,0.05
98.0,final_sickled,183,184,46.0,0.0148306701797992,0.031010888516902924,0.0034921944607049227,0.004816186847165227,0.005176807288080454,0.00445556640625,True,True,True,True,0.05
99.0,semi_sickled,301,302,75.5,0.017017830698750916,0.0378008633852005,0.0,0.007589941378682852,0.008038769476115704,0.00714111328125,True,True,True,True,0.05
99.0,semi_sickled,302,303,75.75,0.03427726291120053,0.08242230117321014,0.0,0.005233369767665863,0.005919620394706726,0.004547119140625,True,False,True,True,0.05
99.0,semi_sickled,303,304,76.0,0.013417753722751514,0.02809901535511017,0.002685943618416786,0.004952269257046282,0.0034042943734675646,0.006500244140625,True,True,True,True,0.05
99.0,semi_sickled,304,305,76.25,0.012438221846241503,0.023360610008239746,0.0030821349937468767,0.008060922380536795,0.00992677640169859,0.006195068359375,True,True,True,True,0.05
99.0,semi_sickled,305,306,76.5,0.020200038561597466,0.03311322629451752,0.01556647103279829,0.006025932729244232,0.005582138895988464,0.0064697265625,True,True,True,True,0.05
99.0,semi_sickled,306,307,76.75,0.005759223201312125,0.002546936273574829,0.00794176384806633,0.00784332538023591,0.00958313513547182,0.006103515625,True,True,True,True,0.05
99.0,semi_sickled,307,308,77.0,0.006697700172662735,0.0007024556398391724,0.013807885348796844,0.006335832178592682,0.005835726857185364,0.0068359375,True,True,True,True,0.05
99.0,semi_sickled,308,309,77.25,0.015761662647128104,0.024569138884544373,0.011764183640480042,0.0072661712765693665,0.009802117943763733,0.004730224609375,True,True,True,True,0.05
100.0,semi_sickled,186,187,46.75,0.028978062374517326,0.04788045585155487,0.018933439627289772,0.012796704657375813,0.018971094861626625,0.006622314453125,True,True,True,True,0.05
100.0,semi_sickled,187,188,47.0,0.019244316418189557,0.03031007945537567,0.01641702465713024,0.0054973040241748095,0.004463846329599619,0.00653076171875,True,True,True,True,0.05
100.0,semi_sickled,188,189,47.25,0.01563606390263885,0.01666302978992462,0.019720695912837982,0.00827443366870284,0.009743447415530682,0.006805419921875,True,True,True,True,0.05
100.0,semi_sickled,189,190,47.5,0.009973251284100116,0.011336848139762878,0.010340257547795773,0.007277687545865774,0.009458939544856548,0.005096435546875,True,True,True,True,0.05
100.0,semi_sickled,190,191,47.75,0.0074620044848416,0.01393425464630127,0.002774181542918086,0.0036693563451990485,0.003157804487273097,0.004180908203125,True,True,True,True,0.05
100.0,semi_sickled,191,192,48.0,0.02470241041155532,0.034593433141708374,0.02654501236975193,0.006297131301835179,0.007772485259920359,0.00482177734375,True,True,True,True,0.05
102.0,semi_sickled,300,301,75.25,0.003024194936733693,0.0018266886472702026,0.0037182702217251062,0.003968499600887299,0.002565905451774597,0.00537109375,True,True,True,True,0.05
102.0,semi_sickled,301,302,75.5,0.01631176812807098,0.034024663269519806,0.0033526390325278044,0.006113916635513306,0.008352100849151611,0.003875732421875,True,True,True,True,0.05
102.0,semi_sickled,302,303,75.75,0.009188075218116864,0.005661904811859131,0.017247891053557396,0.0035462056985124946,0.003704960225149989,0.003387451171875,True,True,True,True,0.05
102.0,semi_sickled,303,304,76.0,0.016890229342971,0.037543851882219315,0.002762962831184268,0.00362260639667511,0.0022098124027252197,0.005035400390625,True,True,True,True,0.05
102.0,semi_sickled,304,305,76.25,0.018279818634619006,0.04262625798583031,0.0008632386452518404,0.0037087276577949524,0.002931371331214905,0.004486083984375,True,True,True,True,0.05
102.0,semi_sickled,305,306,76.5,0.009410076407948508,0.008920088410377502,0.014468365348875523,0.0031124526867643,0.0023491729516535997,0.003875732421875,True,True,True,True,0.05
104.0,semi_sickled,185,186,46.5,0.012719355936860665,0.022641360759735107,0.008505882695317268,0.002743010758422315,0.0024037461262196302,0.003082275390625,True,True,True,True,0.05
104.0,semi_sickled,186,187,46.75,0.02526277017313987,0.04723997414112091,0.013467938639223576,0.006612007971853018,0.008097062818706036,0.005126953125,True,True,True,True,0.05
104.0,semi_sickled,187,188,47.0,0.019262530782725662,0.032062828540802,0.014519724063575268,0.00542198377661407,0.00507614528760314,0.005767822265625,True,True,True,True,0.05
104.0,semi_sickled,188,189,47.25,0.01669512467342429,0.036762550473213196,0.0032562490087002516,0.003401669324375689,0.003080194117501378,0.00372314453125,True,True,True,True,0.05
104.0,semi_sickled,189,190,47.5,0.010191181302070619,0.02128760516643524,0.0021798948291689157,0.003652704181149602,0.004070545081049204,0.00323486328125,True,True,True,True,0.05
104.0,semi_sickled,190,191,47.75,0.020273942867061124,0.03705090284347534,0.013090359978377819,0.0034878229489549994,0.003588194726034999,0.003387451171875,True,True,True,True,0.05
107.0,final_sickled,149,150,37.5,0.11477879921440036,0.24795448780059814,0.037174951285123825,0.010343084577471018,0.013514538295567036,0.007171630859375,False,False,True,True,0.05
107.0,final_sickled,150,151,37.75,0.029415683721890674,0.06980693340301514,0.0019211649196222425,0.003282010555267334,0.002962946891784668,0.00360107421875,True,False,True,True,0.05
107.0,final_sickled,151,152,38.0,0.009176075423602013,0.008530430495738983,0.01291347574442625,0.004976746859028935,0.004277224186807871,0.00567626953125,True,True,True,True,0.05
107.0,final_sickled,152,153,38.25,0.007434042834211141,0.0040680766105651855,0.013686630874872208,0.004065965535119176,0.005080173257738352,0.0030517578125,True,True,True,True,0.05
107.0,final_sickled,153,154,38.5,0.008190498303156346,0.015289530158042908,0.0034315495286136866,0.003494575619697571,0.0036932528018951416,0.0032958984375,True,True,True,True,0.05
107.0,final_sickled,154,155,38.75,0.008494449034333228,0.000299990177154541,0.02219824492931366,0.002420268952846527,0.0013920515775680542,0.003448486328125,True,True,True,True,0.05
107.0,final_sickled,155,156,39.0,0.010788988345302642,0.019753463566303253,0.003987263422459364,0.005968242883682251,0.008365929126739502,0.003570556640625,True,True,True,True,0.05
107.0,final_sickled,156,157,39.25,0.007506384344742401,0.008662164211273193,0.01056592632085085,0.001373777791741304,0.0004282196459826082,0.0023193359375,True,True,True,True,0.05
109.0,semi_sickled,216,217,54.25,0.009361906431149692,0.008164100348949432,0.013827238231897354,0.005026931641623378,0.005506744142621756,0.004547119140625,True,True,True,True,0.05
109.0,semi_sickled,217,218,54.5,0.0047470290097408,0.006767638027667999,0.0036855286452919245,0.0030001550912857056,0.0017888844013214111,0.00421142578125,True,True,True,True,0.05
109.0,semi_sickled,218,219,54.75,0.021373794798273595,0.03566816449165344,0.0163212101906538,0.005576421739533544,0.004500011447817087,0.00665283203125,True,True,True,True,0.05
109.0,semi_sickled,219,220,55.0,0.0039266951382160185,0.004453778266906738,0.003376692533493042,0.0038533657789230347,0.0033732354640960693,0.00433349609375,True,True,True,True,0.05
109.0,semi_sickled,220,221,55.25,0.004720542213181034,0.008524492383003235,0.0017309029353782535,0.0028197169303894043,0.0003904104232788086,0.0052490234375,True,True,True,True,0.05
109.0,semi_sickled,221,222,55.5,0.008767392439767718,0.005077794194221497,0.015546509064733982,0.005179986357688904,0.005904406309127808,0.00445556640625,True,True,True,True,0.05
110.0,semi_sickled,382,383,95.75,0.022937197785358875,0.03624852001667023,0.020272085443139076,0.005370239494368434,0.007291992660611868,0.003448486328125,True,True,True,True,0.05
110.0,semi_sickled,383,384,96.0,0.006416060082847253,0.011260069906711578,0.002526167780160904,0.004111493588425219,0.003675868036225438,0.004547119140625,True,True,True,True,0.05
110.0,semi_sickled,384,385,96.25,0.011158040518057532,0.013733826577663422,0.014142031781375408,0.0028591950540430844,0.0016290346393361688,0.00408935546875,True,True,True,True,0.05
110.0,semi_sickled,385,386,96.5,0.004510713764466346,0.007910706102848053,0.001714292448014021,0.002985715866088867,0.0026144981384277344,0.00335693359375,True,True,True,True,0.05
110.0,semi_sickled,386,387,96.75,0.015637805685400963,0.021067287772893906,0.017024509608745575,0.005009248852729797,0.004555851221084595,0.005462646484375,True,True,True,True,0.05
110.0,semi_sickled,387,388,97.0,0.023689635962364265,0.04528374597430229,0.014063797891139984,0.0026152332429774106,0.0018735328922048211,0.00335693359375,True,True,True,True,0.05
113.0,semi_sickled,203,204,51.0,0.008421158569399267,0.013775907456874847,0.004178589675575495,0.005793156800791621,0.006367807742208242,0.005218505859375,True,True,True,True,0.05
113.0,semi_sickled,204,205,51.25,0.01634737226413563,0.017924576997756958,0.022325001657009125,0.005455163540318608,0.005783373955637217,0.005126953125,True,True,True,True,0.05
113.0,semi_sickled,205,206,51.5,0.036253837682306764,0.06874169409275055,0.02034807577729225,0.006541334092617035,0.00679604709148407,0.00628662109375,True,False,True,True,0.05
113.0,semi_sickled,206,207,51.75,0.010892339015845208,0.02154088020324707,0.0030491191428154707,0.004835180938243866,0.006160840392112732,0.003509521484375,True,True,True,True,0.05
113.0,semi_sickled,207,208,52.0,0.00738675826578401,0.003627792000770569,0.014582247473299503,0.0033274193992838264,0.0020466845016926527,0.004608154296875,True,True,True,True,0.05
113.0,semi_sickled,208,209,52.25,0.014054280996788293,0.014011994004249573,0.020326435565948486,0.005340923788025975,0.0065619745291769505,0.004119873046875,True,True,True,True,0.05
113.0,semi_sickled,209,210,52.5,0.008887294633314013,0.009067296981811523,0.013279424048960209,0.002450309693813324,0.001757308840751648,0.003143310546875,True,True,True,True,0.05
113.0,semi_sickled,210,211,52.75,0.014045024942606687,0.019477225840091705,0.01632373221218586,0.002163313329219818,0.0015800446271896362,0.00274658203125,True,True,True,True,0.05
113.0,semi_sickled,211,212,53.0,0.024056134570855647,0.03371574729681015,0.02643253467977047,0.0052737940568476915,0.005298564676195383,0.0052490234375,True,True,True,True,0.05
114.0,final_sickled,143,144,36.0,0.02887338402797468,0.06346942484378815,0.00596501724794507,0.005591432214714587,0.0020886261481791735,0.00909423828125,True,False,True,True,0.05
114.0,final_sickled,144,145,36.25,0.023110184352844954,0.03138674795627594,0.021653244271874428,0.011907398700714111,0.014903664588928223,0.0089111328125,True,True,True,True,0.05
114.0,final_sickled,145,146,36.5,0.0257577815791592,0.037414610385894775,0.023878470063209534,0.009737891610711813,0.012365187518298626,0.007110595703125,True,True,True,True,0.05
114.0,final_sickled,146,147,36.75,0.04770052197854967,0.0982617735862732,0.01891428790986538,0.007103247102349997,0.008286084048449993,0.00592041015625,True,False,True,True,0.05
114.0,final_sickled,147,148,37.0,0.03719057396519929,0.06866742670536041,0.021632065996527672,0.008609520737081766,0.008796189911663532,0.0084228515625,True,False,True,True,0.05
114.0,final_sickled,148,149,37.25,0.06223783544264734,0.13997064530849457,0.014844846911728382,0.004215523600578308,0.003731340169906616,0.00469970703125,False,False,True,True,0.05
114.0,final_sickled,149,150,37.5,0.037185848224908113,0.07457602024078369,0.018760470673441887,0.003157101571559906,0.002438470721244812,0.003875732421875,True,False,True,True,0.05
114.0,final_sickled,150,151,37.75,0.006274813314666972,0.004379719495773315,0.01122258324176073,0.0023800855269655585,0.002532387850806117,0.002227783203125,True,True,True,True,0.05
114.0,final_sickled,151,152,38.0,0.06565551746170968,0.13651426136493683,0.02482832781970501,0.009439592715352774,0.009296665899455547,0.00958251953125,False,False,True,True,0.05
114.0,final_sickled,152,153,38.25,0.05180913684889674,0.09977716952562332,0.028311261907219887,0.007957309484481812,0.006301581859588623,0.009613037109375,False,False,True,True,0.05
114.0,final_sickled,153,154,38.5,0.012383398890960962,0.020693622529506683,0.007940873503684998,0.005306576611474156,0.006035516504198313,0.00457763671875,True,True,True,True,0.05
114.0,final_sickled,154,155,38.75,0.03688575915293768,0.060995206236839294,0.03254004195332527,0.004394647898152471,0.004425282124429941,0.004364013671875,True,False,True,True,0.05
114.0,final_sickled,155,156,39.0,0.026211462682113055,0.06064106523990631,0.0038597481325268745,0.0024164989590644836,0.0016286522150039673,0.003204345703125,True,False,True,True,0.05
114.0,final_sickled,156,157,39.25,0.04218464206205681,0.04333065450191498,0.06602943688631058,0.0069683094043284655,0.007649997714906931,0.00628662109375,True,True,False,True,0.05
114.0,final_sickled,157,158,39.5,0.01649849853711203,0.009680762887001038,0.03248191997408867,0.005030085565522313,0.005268911365419626,0.004791259765625,True,True,True,True,0.05
114.0,final_sickled,158,159,39.75,0.019464241273817608,0.01635986566543579,0.03420567885041237,0.003793229639995843,0.0015439788112416863,0.00604248046875,True,True,True,True,0.05
114.0,final_sickled,159,160,40.0,0.019236021384131163,0.02458852529525757,0.022324852645397186,0.006347651360556483,0.0060119531117379665,0.006683349609375,True,True,True,True,0.05
114.0,final_sickled,160,161,40.25,0.01592464288696647,0.013182029128074646,0.025151150301098824,0.007395714521408081,0.008504807949066162,0.00628662109375,True,True,True,True,0.05
114.0,final_sickled,161,162,40.5,0.025034932605922225,0.02674993872642517,0.03337668254971504,0.010612472891807556,0.011978119611740112,0.009246826171875,True,True,True,True,0.05
116.0,final_sickled,172,173,43.25,0.03538429649270256,0.08193585276603699,0.005215802695602179,0.0031376977713080123,0.0002634326519910246,0.006011962890625,True,False,True,True,0.05
116.0,final_sickled,173,174,43.5,0.017465060204267503,0.01942506432533264,0.022145472466945648,0.007776476442813873,0.009937718510627747,0.005615234375,True,True,True,True,0.05
116.0,final_sickled,174,175,43.75,0.022919662634376437,0.044972747564315796,0.009800422005355358,0.006001663627102971,0.006632233504205942,0.00537109375,True,True,True,True,0.05
116.0,final_sickled,175,176,44.0,0.012373729387763887,0.025901049375534058,0.0031410071533173323,0.003655828535556793,0.0037105828523635864,0.00360107421875,True,True,True,True,0.05
116.0,final_sickled,176,177,44.25,0.04347383155254647,0.08206197619438171,0.02613224647939205,0.006011019228026271,0.006834050174802542,0.00518798828125,True,False,True,True,0.05
116.0,final_sickled,177,178,44.5,0.013232993928249927,0.016139283776283264,0.015367739833891392,0.00559428590349853,0.006488864775747061,0.00469970703125,True,True,True,True,0.05
116.0,final_sickled,178,179,44.75,0.029703066602814944,0.059013500809669495,0.01432608813047409,0.004334141733124852,0.005036691669374704,0.003631591796875,True,False,True,True,0.05
116.0,final_sickled,179,180,45.0,0.012116540118586271,0.005660519003868103,0.02419990301132202,0.005529465852305293,0.006847505923360586,0.00421142578125,True,True,True,True,0.05
116.0,final_sickled,180,181,45.25,0.039065039239358154,0.05675274133682251,0.043887700885534286,0.004012989578768611,0.005218361970037222,0.0028076171875,True,False,True,True,0.05
116.0,final_sickled,181,182,45.5,0.020699781220173463,0.04240347445011139,0.008822822943329811,0.0026016136398538947,0.0036773483734577894,0.00152587890625,True,True,True,True,0.05
116.0,final_sickled,182,183,45.75,0.011900285049341618,0.011702224612236023,0.016439996659755707,0.00586158549413085,0.0082746846601367,0.003448486328125,True,True,True,True,0.05
116.0,final_sickled,183,184,46.0,0.05988098997622729,0.12990307807922363,0.016934920102357864,0.007970146834850311,0.012217149138450623,0.00372314453125,False,False,True,True,0.05
116.0,final_sickled,184,185,46.25,0.025608497473876925,0.037656620144844055,0.026166638359427452,0.005550103960558772,0.007041370030492544,0.004058837890625,True,True,True,True,0.05
116.0,final_sickled,185,186,46.5,0.03260915881255642,0.075408935546875,0.004132442642003298,0.003996918676421046,0.0058270893059670925,0.002166748046875,True,False,True,True,0.05
116.0,final_sickled,186,187,46.75,0.006096898106625304,0.011240079998970032,0.0015243467641994357,0.004269378958269954,0.0066466680727899075,0.00189208984375,True,True,True,True,0.05
116.0,final_sickled,187,188,47.0,0.02208141339942813,0.030912145972251892,0.025309408083558083,0.003433048725128174,0.003966927528381348,0.002899169921875,True,True,True,True,0.05
116.0,final_sickled,188,189,47.25,0.010297448572237045,0.017863735556602478,0.005436056759208441,0.004997337935492396,0.006912400480359793,0.003082275390625,True,True,True,True,0.05
116.0,final_sickled,189,190,47.5,0.016365610423963516,0.021808817982673645,0.018739311024546623,0.004333297489210963,0.0062557063065469265,0.002410888671875,True,True,True,True,0.05
116.0,final_sickled,190,191,47.75,0.03041817516786978,0.04303893446922302,0.033234838396310806,0.006281631765887141,0.0066733709536492825,0.005889892578125,True,True,True,True,0.05
116.0,final_sickled,191,192,48.0,0.007596541434759274,0.007908374071121216,0.010462634265422821,0.0030850792536512017,0.0036677171010524035,0.00250244140625,True,True,True,True,0.05
118.0,final_sickled,121,122,30.5,0.04012285366188735,0.07226835936307907,0.025816338136792183,0.008719166275113821,0.012677590362727642,0.0047607421875,True,False,True,True,0.05
118.0,final_sickled,122,123,30.75,0.014637802215293049,0.030468419194221497,0.004103689454495907,0.004056572914123535,0.00509190559387207,0.003021240234375,True,True,True,True,0.05
118.0,final_sickled,123,124,31.0,0.026094421392190273,0.056357547640800476,0.008324210532009602,0.0025517145986668766,0.0015023549785837531,0.00360107421875,True,False,True,True,0.05
118.0,final_sickled,124,125,31.25,0.03603912889957428,0.06307032704353333,0.023295775055885315,0.010629907250404358,0.015339404344558716,0.00592041015625,True,False,True,True,0.05
118.0,final_sickled,125,126,31.5,0.02910026637837291,0.06639944016933441,0.004340449348092079,0.004085332155227661,0.0034099221229553223,0.0047607421875,True,False,True,True,0.05
118.0,final_sickled,126,127,31.75,0.03619972148444504,0.06297743320465088,0.025554373860359192,0.008258869405835867,0.011604408733546734,0.004913330078125,True,False,True,True,0.05
118.0,final_sickled,127,128,32.0,0.028310499712824823,0.049504801630973816,0.020520493388175964,0.00530562549829483,0.006613448262214661,0.003997802734375,True,True,True,True,0.05
118.0,final_sickled,128,129,32.25,0.036792741250246765,0.06713390350341797,0.025304319337010384,0.004330672323703766,0.005670621991157532,0.00299072265625,True,False,True,True,0.05
118.0,final_sickled,129,130,32.5,0.017464116803603248,0.03561539947986603,0.006593328434973955,0.0036411682376638055,0.003315051319077611,0.00396728515625,True,True,True,True,0.05
118.0,final_sickled,130,131,32.75,0.005065587352146395,0.006336987018585205,0.00558366859331727,0.0023060341482050717,0.0012551347026601434,0.00335693359375,True,True,True,True,0.05
118.0,final_sickled,131,132,33.0,0.0023058952749124726,0.0017132461071014404,0.0002908616152126342,0.006075181066989899,0.005436494946479797,0.0067138671875,True,True,True,True,0.05
118.0,final_sickled,132,133,33.25,0.013014061602007134,0.030443936586380005,0.00029137011733837426,0.0029380297055467963,0.0033431004267185926,0.002532958984375,True,True,True,True,0.05
118.0,final_sickled,133,134,33.5,0.018359346117358656,0.02750439941883087,0.017467858269810677,0.004975343821570277,0.004915287252515554,0.005035400390625,True,True,True,True,0.05
118.0,final_sickled,134,135,33.75,0.022777627188770567,0.04820305109024048,0.008495273068547249,0.0020922447147313505,0.0007054855232127011,0.00347900390625,True,True,True,True,0.05
120.0,final_sickled,280,281,70.25,0.002562405960634351,0.0020470693707466125,0.0029677068814635277,0.0028195232152938843,0.0035638511180877686,0.0020751953125,True,True,True,True,0.05
120.0,final_sickled,281,282,70.5,0.009953647485235705,0.02042112499475479,0.003199850209057331,0.0026609996566548944,0.0030331809539347887,0.002288818359375,True,True,True,True,0.05
120.0,final_sickled,282,283,70.75,0.002243820624426007,0.0024297162890434265,0.0018263151869177818,0.002530895173549652,0.002742454409599304,0.0023193359375,True,True,True,True,0.05
120.0,final_sickled,283,284,71.0,0.006253300711978227,0.00889752060174942,0.004681117832660675,0.00422360491938889,0.0044799246825277805,0.00396728515625,True,True,True,True,0.05
120.0,final_sickled,284,285,71.25,0.006574693939182907,0.008358322083950043,0.006030556280165911,0.004482681630179286,0.005181183572858572,0.0037841796875,True,True,True,True,0.05
120.0,final_sickled,285,286,71.5,0.011800723070336971,0.018484704196453094,0.011083758436143398,0.002110103756422177,0.0008632739190943539,0.00335693359375,True,True,True,True,0.05
121.0,final_sickled,193,194,48.5,0.028471480892039835,0.042022690176963806,0.02525448054075241,0.011293346527963877,0.014621605165302753,0.007965087890625,True,True,True,True,0.05
121.0,final_sickled,194,195,48.75,0.010782759077847004,0.020620495080947876,0.003507521003484726,0.005227714776992798,0.004962265491485596,0.0054931640625,True,True,True,True,0.05
121.0,final_sickled,195,196,49.0,0.00609874987276271,0.006944790482521057,0.005816975142806768,0.005139569519087672,0.0049995980225503445,0.005279541015625,True,True,True,True,0.05
121.0,final_sickled,196,197,49.25,0.03193151308223605,0.059992000460624695,0.018692301586270332,0.005569629371166229,0.0068057626485824585,0.00433349609375,True,False,True,True,0.05
121.0,final_sickled,197,198,49.5,0.01319517469382845,0.03144225478172302,0.0,0.0024730911245569587,0.0019859771709889174,0.002960205078125,True,True,True,True,0.05
121.0,final_sickled,198,199,49.75,0.039735600375570355,0.04541461169719696,0.05627435818314552,0.007494921330362558,0.009466161020100117,0.005523681640625,True,True,False,True,0.05
121.0,final_sickled,199,200,50.0,0.03566976812435314,0.03608196973800659,0.05681651830673218,0.005404795287176967,0.006292989011853933,0.0045166015625,True,True,False,True,0.05
121.0,final_sickled,200,201,50.25,0.029753451998112725,0.07067030668258667,0.001914393506012857,0.0032611663918942213,0.005026971455663443,0.001495361328125,True,False,True,True,0.05
121.0,final_sickled,201,202,50.5,0.011697622336214408,0.013863489031791687,0.015701714903116226,0.0026265060296282172,0.0030252288561314344,0.002227783203125,True,True,True,True,0.05
121.0,final_sickled,202,203,50.75,0.03122632447630167,0.06456403434276581,0.01321723684668541,0.003098711371421814,0.003511875867843628,0.002685546875,True,False,True,True,0.05
121.0,final_sickled,203,204,51.0,0.029629510187078267,0.03441685438156128,0.042388882488012314,0.004106638254597783,0.004062885884195566,0.004150390625,True,True,True,True,0.05
121.0,final_sickled,204,205,51.25,0.039743740617996084,0.06770521402359009,0.03380908817052841,0.0033138965955004096,0.003057236550375819,0.003570556640625,True,False,True,True,0.05
121.0,final_sickled,205,206,51.5,0.006838580657495185,0.009289145469665527,0.006956194993108511,0.002753016888163984,0.0035834263544529676,0.001922607421875,True,True,True,True,0.05
121.0,final_sickled,206,207,51.75,0.02654850967228413,0.04755234718322754,0.019356027245521545,0.003011845052242279,0.002849861979484558,0.003173828125,True,True,True,True,0.05
121.0,final_sickled,207,208,52.0,0.005090128758456558,0.003267839550971985,0.006127539556473494,0.006553416373208165,0.00569106126204133,0.007415771484375,True,True,True,True,0.05
121.0,final_sickled,208,209,52.25,0.03075456862570718,0.047365233302116394,0.02901899628341198,0.006607306422665715,0.0072331675328314304,0.0059814453125,True,True,True,True,0.05
121.0,final_sickled,209,210,52.5,0.013322215067455546,0.020001038908958435,0.012643321417272091,0.003586548031307757,0.003877197625115514,0.0032958984375,True,True,True,True,0.05
121.0,final_sickled,210,211,52.75,0.017220921989064664,0.023205235600471497,0.019334817305207253,0.0046865667682141066,0.006290858145803213,0.003082275390625,True,True,True,True,0.05
122.0,final_sickled,222,223,55.75,0.011212359688943253,0.02012421190738678,0.0056696124374866486,0.004713242291472852,0.0030788283329457045,0.00634765625,True,True,True,True,0.05
122.0,final_sickled,223,224,56.0,0.028894760459661484,0.05608581006526947,0.014401085674762726,0.0056802257895469666,0.006172463297843933,0.00518798828125,True,False,True,True,0.05
122.0,final_sickled,224,225,56.25,0.05157622238039039,0.12434028089046478,0.0031745817977935076,0.002916025579907,0.003054951550439,0.002777099609375,False,False,True,True,0.05
122.0,final_sickled,225,226,56.5,0.011891580279916525,0.009533166885375977,0.02003631182014942,0.004262417554855347,0.003947198390960693,0.00457763671875,True,True,True,True,0.05
122.0,final_sickled,226,227,56.75,0.008504738425835967,0.004617944359779358,0.01518616545945406,0.005369611084461212,0.005398645997047424,0.005340576171875,True,True,True,True,0.05
122.0,final_sickled,227,228,57.0,0.02869634529342875,0.05640594661235809,0.014365660957992077,0.0044239412527531385,0.004056622739881277,0.004791259765625,True,False,True,True,0.05
122.0,final_sickled,228,229,57.25,0.01287862379103899,0.014971032738685608,0.017359968274831772,0.003256887197494507,0.0020276904106140137,0.004486083984375,True,True,True,True,0.05
122.0,final_sickled,229,230,57.5,0.03703922528075054,0.00863821804523468,0.09297547489404678,0.004170087398961186,0.004281336907297373,0.004058837890625,True,True,False,True,0.05
122.0,final_sickled,230,231,57.75,0.019230871606850997,0.045006006956100464,0.0016164256958290935,0.0026508793234825134,0.0017922371625900269,0.003509521484375,True,True,True,True,0.05
122.0,final_sickled,231,232,58.0,0.017953733087051657,0.00858113169670105,0.035360127687454224,0.008580942871049047,0.007457295898348093,0.00970458984375,True,True,True,True,0.05
122.0,final_sickled,232,233,58.25,0.013974843278992921,0.013410329818725586,0.021018698811531067,0.005016667069867253,0.006462777499109507,0.003570556640625,True,True,True,True,0.05
122.0,final_sickled,233,234,58.5,0.012432434502989054,0.005126848816871643,0.02619594894349575,0.004852451384067535,0.005615547299385071,0.00408935546875,True,True,True,True,0.05
124.0,final_sickled,180,181,45.25,0.02107737079495564,0.048444122076034546,0.001817098818719387,0.004254949511960149,0.004267955664545298,0.004241943359375,True,True,True,True,0.05
124.0,final_sickled,181,182,45.5,0.023765500250738116,0.040739089250564575,0.016790403053164482,0.006372893927618861,0.007039000745862722,0.005706787109375,True,True,True,True,0.05
124.0,final_sickled,182,183,45.75,0.007896025688387454,0.013405170291662216,0.004786982666701078,0.0034340545535087585,0.004304632544517517,0.0025634765625,True,True,True,True,0.05
124.0,final_sickled,183,184,46.0,0.018865195382386447,0.028660032898187637,0.016860229894518852,0.006000407040119171,0.005805745720863342,0.006195068359375,True,True,True,True,0.05
124.0,final_sickled,184,185,46.25,0.011582928268762772,0.02480924129486084,0.003162377281114459,0.0022095988097134978,0.0006350179319269955,0.0037841796875,True,True,True,True,0.05
124.0,final_sickled,185,186,46.5,0.010250260238535702,0.007039390504360199,0.015429978258907795,0.008136046584695578,0.011786009185016155,0.004486083984375,True,True,True,True,0.05
125.0,semi_sickled,324,325,81.25,0.008613760623848065,0.017793498933315277,0.0008017963264137506,0.004862929345108569,0.0021269817370921373,0.007598876953125,True,True,True,True,0.05
125.0,semi_sickled,325,326,81.5,0.004821605727192946,0.007352277636528015,0.0030055567622184753,0.0033149992232210934,0.0016861507901921868,0.00494384765625,True,True,True,True,0.05
125.0,semi_sickled,326,327,81.75,0.008585816621780394,0.004339858889579773,0.016437537968158722,0.004386939108371735,0.0021820813417434692,0.006591796875,True,True,True,True,0.05
125.0,semi_sickled,327,328,82.0,0.0019367682660231366,0.00029600411653518677,0.0034401591401547194,0.0024572436814196408,0.0013744483003392816,0.0035400390625,True,True,True,True,0.05
125.0,semi_sickled,328,329,82.25,0.02830114624230191,0.04506290704011917,0.026064207777380943,0.00461404281668365,0.0041011325083673,0.005126953125,True,True,True,True,0.05
125.0,semi_sickled,329,330,82.5,0.028932374715805054,0.050333790481090546,0.021264687180519104,0.005424872040748596,0.005265027284622192,0.005584716796875,True,False,True,True,0.05
125.0,semi_sickled,330,331,82.75,0.002013490136596374,0.0006583556532859802,0.00268673337996006,0.0032391647691838443,0.0019006928196176887,0.00457763671875,True,True,True,True,0.05
125.0,semi_sickled,331,332,83.0,0.032766882050782445,0.0743434727191925,0.005794165655970573,0.004006139934062958,0.0034651607275009155,0.004547119140625,True,False,True,True,0.05
125.0,semi_sickled,332,333,83.25,0.01404073745943606,0.029979854822158813,0.002462028758600354,0.0047483418602496386,0.006841654423624277,0.002655029296875,True,True,True,True,0.05
125.0,semi_sickled,333,334,83.5,0.007348225626628846,0.0011508315801620483,0.01684614084661007,0.003966974793002009,0.004454945679754019,0.00347900390625,True,True,True,True,0.05
125.0,semi_sickled,334,335,83.75,0.008819662546738983,0.012236639857292175,0.008966927416622639,0.003146328032016754,0.004492118954658508,0.001800537109375,True,True,True,True,0.05
125.0,semi_sickled,335,336,84.0,0.03815231928601861,0.07483696192502975,0.02098257653415203,0.0034945309162139893,0.0029912590980529785,0.003997802734375,True,False,True,True,0.05
125.0,semi_sickled,336,337,84.25,0.008411834415164778,0.016272470355033875,0.003494860604405403,0.002718580246437341,0.001500392914749682,0.003936767578125,True,True,True,True,0.05
125.0,semi_sickled,337,338,84.5,0.019946135580539703,0.024845898151397705,0.02618536353111267,0.003371596336364746,0.002928495407104492,0.003814697265625,True,True,True,True,0.05
125.0,semi_sickled,338,339,84.75,0.018844500655541194,0.04298795759677887,0.002848188392817974,0.0026098067173734307,0.0020152677316218615,0.003204345703125,True,True,True,True,0.05
125.0,semi_sickled,339,340,85.0,0.01290403155144304,0.025775015354156494,0.005415719468146563,0.0027940943837165833,0.0029941946268081665,0.002593994140625,True,True,True,True,0.05
125.0,semi_sickled,340,341,85.25,0.005816530669108033,0.011762619018554688,0.0013396991416811943,0.0025703534483909607,0.0023330897092819214,0.0028076171875,True,True,True,True,0.05
125.0,semi_sickled,341,342,85.5,0.05288553884602152,0.10844208300113678,0.024925410747528076,0.003139247535727918,0.0025553505402058363,0.00372314453125,False,False,True,True,0.05
125.0,semi_sickled,342,343,85.75,0.02759656442067353,0.06667444109916687,0.0011394111206755042,0.002111976355081424,0.0008975366945378482,0.003326416015625,True,False,True,True,0.05
125.0,semi_sickled,343,344,86.0,0.0407393342233263,0.08625786006450653,0.015130073763430119,0.0037626575212925673,0.0041988990269601345,0.003326416015625,True,False,True,True,0.05
125.0,semi_sickled,344,345,86.25,0.02675084839866031,0.06512998044490814,0.0009572128765285015,0.001455326855648309,0.000988046289421618,0.001922607421875,True,False,True,True,0.05
125.0,semi_sickled,345,346,86.5,0.011974060653301422,0.02634333074092865,0.0030985332559794188,0.0014089668693486601,0.0007122208480723202,0.002105712890625,True,True,True,True,0.05
125.0,semi_sickled,346,347,86.75,0.005849475198192522,0.009109914302825928,0.003675140207633376,0.0036768416175618768,0.0039051969069987535,0.003448486328125,True,True,True,True,0.05
125.0,semi_sickled,347,348,87.0,0.01813082065200433,0.03850248456001282,0.0031221441458910704,0.006548305507749319,0.009739677421748638,0.00335693359375,True,True,True,True,0.05
125.0,semi_sickled,348,349,87.25,0.020660073641920462,0.046864256262779236,0.0034858491271734238,0.0027772957691922784,0.0029911149758845568,0.0025634765625,True,True,True,True,0.05
125.0,semi_sickled,349,350,87.5,0.015217394579667599,0.034054115414619446,0.0022024603094905615,0.0032995492219924927,0.0036083757877349854,0.00299072265625,True,True,True,True,0.05
125.0,semi_sickled,350,351,87.75,0.004871712252497672,0.00481821596622467,0.0069150254130363464,0.0020966678857803345,0.001263648271560669,0.0029296875,True,True,True,True,0.05
126.0,semi_sickled,423,424,106.0,0.02242068997584283,0.04067887365818024,0.012014900334179401,0.007775701582431793,0.009203746914863586,0.00634765625,True,True,True,True,0.05
126.0,semi_sickled,424,425,106.25,0.027495235268725084,0.06335298717021942,0.004080501850694418,0.0029034590115770698,0.0025720547419041395,0.00323486328125,True,False,True,True,0.05
126.0,semi_sickled,425,426,106.5,0.018473580584395678,0.02245965600013733,0.022687315940856934,0.006196630420163274,0.004641795996576548,0.00775146484375,True,True,True,True,0.05
126.0,semi_sickled,426,427,106.75,0.0325505452346988,0.06102268397808075,0.019848642870783806,0.0047777865547686815,0.005466217640787363,0.00408935546875,True,False,True,True,0.05
126.0,semi_sickled,427,428,107.0,0.02671285063988762,0.06420806050300598,0.0004793817934114486,0.0034473712439648807,0.0017677893629297614,0.005126953125,True,False,True,True,0.05
126.0,semi_sickled,428,429,107.25,0.016605172742856666,0.036012113094329834,0.004011010285466909,0.0031858956208452582,0.0021603654604405165,0.00421142578125,True,True,True,True,0.05
126.0,semi_sickled,429,430,107.5,0.03142120576230809,0.06996731460094452,0.006363606546074152,0.0048280705232173204,0.006329725030809641,0.003326416015625,True,False,True,True,0.05
126.0,semi_sickled,430,431,107.75,0.00451380354934372,0.006459981203079224,0.0034975744783878326,0.002822640002705157,0.0020442057866603136,0.00360107421875,True,True,True,True,0.05
126.0,semi_sickled,431,432,108.0,0.05505274273455143,0.09702257812023163,0.04410049319267273,0.0032341554760932922,0.0019211918115615845,0.004547119140625,False,False,True,True,0.05
126.0,semi_sickled,432,433,108.25,0.011560613941401243,0.00764697790145874,0.02178039588034153,0.0035147368907928467,0.0037946105003356934,0.00323486328125,True,True,True,True,0.05
126.0,semi_sickled,433,434,108.5,0.013371992111206054,0.010799750685691833,0.023546233773231506,0.0032436400651931763,0.0021843016147613525,0.004302978515625,True,True,True,True,0.05
126.0,semi_sickled,434,435,108.75,0.016892402619123458,0.03456026315689087,0.007241658866405487,0.002134867012500763,0.0014010816812515259,0.00286865234375,True,True,True,True,0.05
126.0,semi_sickled,435,436,109.0,0.010369756049476564,0.019073307514190674,0.004401062149554491,0.00480024516582489,0.00685390830039978,0.00274658203125,True,True,True,True,0.05
126.0,semi_sickled,436,437,109.25,0.02961270575178787,0.04733573645353317,0.02571776509284973,0.006708773551508784,0.007741277571767569,0.00567626953125,True,True,True,True,0.05
126.0,semi_sickled,437,438,109.5,0.010323010745923965,0.005172945559024811,0.02021375112235546,0.004716078517958522,0.006227811332792044,0.003204345703125,True,True,True,True,0.05
127.0,final_sickled,272,273,68.25,0.004129439941607416,0.004711650311946869,0.004192505497485399,0.0031096115708351135,0.001519516110420227,0.00469970703125,True,True,True,True,0.05
127.0,final_sickled,273,274,68.5,0.03792145559564233,0.07288603484630585,0.020096300169825554,0.006933346390724182,0.008617669343948364,0.0052490234375,True,False,True,True,0.05
127.0,final_sickled,274,275,68.75,0.017298415990080685,0.03659184277057648,0.0036595866549760103,0.00552329421043396,0.00616377592086792,0.0048828125,True,True,True,True,0.05
127.0,final_sickled,275,276,69.0,0.02029741330188699,0.043363526463508606,0.005147547926753759,0.00460144376847893,0.00361817074008286,0.005584716796875,True,True,True,True,0.05
127.0,final_sickled,276,277,69.25,0.012046291143633425,0.0028096437454223633,0.025981955230236053,0.007314997259527445,0.00806871522217989,0.006561279296875,True,True,True,True,0.05
127.0,final_sickled,277,278,69.5,0.014531026082113385,0.022570937871932983,0.011153004132211208,0.006396397948265076,0.004461497068405151,0.008331298828125,True,True,True,True,0.05
127.0,final_sickled,278,279,69.75,0.020745443805935793,0.046250343322753906,0.003918193280696869,0.003495755314361304,0.001650934456847608,0.005340576171875,True,True,True,True,0.05
127.0,final_sickled,279,280,70.0,0.048133380677609236,0.1006125658750534,0.020761525258421898,0.002487281948560849,0.0005800326471216977,0.00439453125,True,False,True,True,0.05
127.0,final_sickled,280,281,70.25,0.018295603326987476,0.035136878490448,0.007335391361266375,0.006693859817460179,0.006643334869295359,0.006744384765625,True,True,True,True,0.05
127.0,final_sickled,281,282,70.5,0.014818991452921183,0.03387218713760376,0.0,0.005080466391518712,0.004087934736162424,0.006072998046875,True,True,True,True,0.05
127.0,final_sickled,282,283,70.75,0.03312220490624895,0.07808387279510498,0.003990486729890108,0.0019679417309816927,0.0007925729150883853,0.003143310546875,True,False,True,True,0.05
127.0,final_sickled,283,284,71.0,0.04318762384355068,0.09229587763547897,0.013297297060489655,0.0064608752727508545,0.007611691951751709,0.00531005859375,True,False,True,True,0.05
127.0,final_sickled,284,285,71.25,0.03258323610934895,0.07468318194150925,0.006145330145955086,0.0022363911266438663,0.0014820595970377326,0.00299072265625,True,False,True,True,0.05
127.0,final_sickled,285,286,71.5,0.02795070908032358,0.06431421637535095,0.0032515835482627153,0.004347873153164983,0.004240179900079966,0.00445556640625,True,False,True,True,0.05
127.0,final_sickled,286,287,71.75,0.00320682192032109,0.006125122308731079,0.00024189591931644827,0.0026884377002716064,0.002447187900543213,0.0029296875,True,True,True,True,0.05
127.0,final_sickled,287,288,72.0,0.010908238461706788,0.01085972785949707,0.015017536468803883,0.005232838215306401,0.0056438990868628025,0.00482177734375,True,True,True,True,0.05
127.0,final_sickled,288,289,72.25,0.021403620950877666,0.03725917637348175,0.0153128020465374,0.004561878740787506,0.004485085606575012,0.004638671875,True,True,True,True,0.05
127.0,final_sickled,289,290,72.5,0.007205775810871273,0.011461049318313599,0.004494831431657076,0.004192660329863429,0.004143377300351858,0.004241943359375,True,True,True,True,0.05
127.0,final_sickled,290,291,72.75,0.01315213229972869,0.005876332521438599,0.026550980284810066,0.006035024765878916,0.008560528047382832,0.003509521484375,True,True,True,True,0.05
127.0,final_sickled,291,292,73.0,0.03850504853180609,0.0791538655757904,0.016122756525874138,0.004802150069735944,0.0038364778738468885,0.005767822265625,True,False,True,True,0.05
127.0,final_sickled,292,293,73.25,0.023881391395116226,0.0336623340845108,0.027326328679919243,0.0034089708933606744,0.0028811742085963488,0.003936767578125,True,True,True,True,0.05
127.0,final_sickled,293,294,73.5,0.022258141660131514,0.014108613133430481,0.04219907149672508,0.007380085531622171,0.009907876141369343,0.004852294921875,True,True,True,True,0.05
127.0,final_sickled,294,295,73.75,0.013120715488912539,0.024245649576187134,0.006960888858884573,0.0039445782313123345,0.003219967009499669,0.004669189453125,True,True,True,True,0.05
127.0,final_sickled,295,296,74.0,0.020821463502943515,0.017431944608688354,0.03712529316544533,0.003419332206249237,0.003298625349998474,0.0035400390625,True,True,True,True,0.05
127.0,final_sickled,296,297,74.25,0.013512541633099317,0.01587727665901184,0.016186537221074104,0.005985371768474579,0.008247599005699158,0.00372314453125,True,True,True,True,0.05
127.0,final_sickled,297,298,74.5,0.02587313186377287,0.025588765740394592,0.0417390801012516,0.004115790128707886,0.0038370490074157715,0.00439453125,True,True,True,True,0.05
128.0,final_sickled,289,290,72.5,0.012604950985405594,0.014038681983947754,0.015361537225544453,0.0064517606515437365,0.007593462709337473,0.00531005859375,True,True,True,True,0.05
128.0,final_sickled,290,291,72.75,0.015845046349568292,0.034973010420799255,0.0010008454555645585,0.0060221850872039795,0.007008969783782959,0.005035400390625,True,True,True,True,0.05
128.0,final_sickled,291,292,73.0,0.02292663515545428,0.04155248403549194,0.014225619845092297,0.005306698381900787,0.004662469029426575,0.005950927734375,True,True,True,True,0.05
128.0,final_sickled,292,293,73.25,0.018907283002045007,0.03172404319047928,0.013225528411567211,0.006354923127219081,0.006636848207563162,0.006072998046875,True,True,True,True,0.05
128.0,final_sickled,293,294,73.5,0.016414909297600387,0.034627363085746765,0.0030934654641896486,0.005925004603341222,0.005838046316057444,0.006011962890625,True,True,True,True,0.05
128.0,final_sickled,294,295,73.75,0.010223358706571163,0.01554756611585617,0.007778957020491362,0.005126789212226868,0.005981117486953735,0.0042724609375,True,True,True,True,0.05
131.0,semi_sickled,405,406,101.5,0.0051813490281347185,0.005964189767837524,0.0018477026605978608,0.00859590875916183,0.00638859486207366,0.01080322265625,True,True,True,True,0.05
131.0,semi_sickled,406,407,101.75,0.03905869300942868,0.07819315791130066,0.017262322828173637,0.006958467420190573,0.008210147731006145,0.005706787109375,True,False,True,True,0.05
131.0,semi_sickled,407,408,102.0,0.05202930578961969,0.12079781293869019,0.0050354874692857265,0.007791039999574423,0.010638232342898846,0.00494384765625,False,False,True,True,0.05
131.0,semi_sickled,408,409,102.25,0.012614598195068539,0.009075269103050232,0.01939244009554386,0.008788546081632376,0.008604924194514751,0.00897216796875,True,True,True,True,0.05
131.0,semi_sickled,409,410,102.5,0.06411831719451584,0.1440330594778061,0.01459275558590889,0.005590515793301165,0.00260559213347733,0.008575439453125,False,False,True,True,0.05
131.0,semi_sickled,410,411,102.75,0.009249510546214878,0.003108993172645569,0.017193404957652092,0.007952886167913675,0.01019898522645235,0.005706787109375,True,True,True,True,0.05
131.0,semi_sickled,411,412,103.0,0.019833962456323205,0.02796463668346405,0.018585383892059326,0.008572893682867289,0.011500035412609577,0.005645751953125,True,True,True,True,0.05
131.0,semi_sickled,412,413,103.25,0.04284937510383316,0.10047589242458344,0.005388361867517233,0.0030923659214749932,0.0038653959054499865,0.0023193359375,True,False,True,True,0.05
131.0,semi_sickled,413,414,103.5,0.008411684824386612,0.017042696475982666,0.0018076138803735375,0.003847765503451228,0.004613255616277456,0.003082275390625,True,True,True,True,0.05
131.0,semi_sickled,414,415,103.75,0.019983614375814796,0.03273795545101166,0.0143783213570714,0.00742407888174057,0.00908033549785614,0.005767822265625,True,True,True,True,0.05
131.0,semi_sickled,415,416,104.0,0.005792548356112093,0.010458439588546753,0.0031015698332339525,0.0020944923162460327,0.0015949904918670654,0.002593994140625,True,True,True,True,0.05
131.0,semi_sickled,416,417,104.25,0.015759669701219538,0.03555336594581604,0.002852855948731303,0.002159294963348657,0.0017551133641973138,0.0025634765625,True,True,True,True,0.05
131.0,semi_sickled,417,418,104.5,0.040031339402776214,0.08296738564968109,0.016268188133835793,0.00460207718424499,0.005664115305989981,0.0035400390625,True,False,True,True,0.05
131.0,semi_sickled,418,419,104.75,0.04594394946470857,0.09648120403289795,0.01753884367644787,0.004851490259170532,0.0045760273933410645,0.005126953125,True,False,True,True,0.05
131.0,semi_sickled,419,420,105.0,0.04178714729496277,0.0843803733587265,0.020471179857850075,0.0034803400048986077,0.0029018421191722155,0.004058837890625,True,False,True,True,0.05
131.0,semi_sickled,420,421,105.25,0.0187671655905433,0.026939302682876587,0.01981986127793789,0.004217972280457616,0.004804352764040232,0.003631591796875,True,True,True,True,0.05
131.0,semi_sickled,421,422,105.5,0.0027463559643365444,0.003987982869148254,0.0019911720883101225,0.0018170103430747986,0.0009179562330245972,0.002716064453125,True,True,True,True,0.05
131.0,semi_sickled,422,423,105.75,0.002280485806113575,0.00035084784030914307,0.004974295850843191,0.001596572488779202,0.0009653617744334042,0.002227783203125,True,True,True,True,0.05
131.0,semi_sickled,423,424,106.0,0.05474569192156196,0.1281358301639557,0.007493892684578896,0.0034739896655082703,0.0022482722997665405,0.00469970703125,False,False,True,True,0.05
131.0,semi_sickled,424,425,106.25,0.027116626128554346,0.05001554638147354,0.018260031938552856,0.0028775855898857117,0.0019099563360214233,0.00384521484375,True,False,True,True,0.05
131.0,semi_sickled,425,426,106.5,0.010968263249378652,0.010562911629676819,0.01596124656498432,0.004626649199053645,0.00525549566373229,0.003997802734375,True,True,True,True,0.05
131.0,semi_sickled,426,427,106.75,0.012875645712483674,0.027882859110832214,0.003471258794888854,0.0020302459597587585,0.001130804419517517,0.0029296875,True,True,True,True,0.05
131.0,semi_sickled,427,428,107.0,0.017307428602362052,0.026810355484485626,0.016548296436667442,0.0031655306229367852,0.0025468815583735704,0.0037841796875,True,True,True,True,0.05
131.0,semi_sickled,428,429,107.25,0.014005421486217529,0.014502294361591339,0.01989630050957203,0.004963194252923131,0.006538937333971262,0.003387451171875,True,True,True,True,0.05
131.0,semi_sickled,429,430,107.5,0.014178110344801098,0.021192438900470734,0.012906522490084171,0.004735407652333379,0.004008168820291758,0.005462646484375,True,True,True,True,0.05
131.0,semi_sickled,430,431,107.75,0.020203279715497048,0.026247180998325348,0.023902544751763344,0.005354066612198949,0.005642215255647898,0.00506591796875,True,True,True,True,0.05
132.0,final_sickled,242,243,60.75,0.013291382952593267,0.027511321008205414,0.002932873321697116,0.0050413955468684435,0.004986355546861887,0.005096435546875,True,True,True,True,0.05
132.0,final_sickled,243,244,61.0,0.004833788413088768,0.00525742769241333,0.0032196249812841415,0.006415794370695949,0.007338424678891897,0.0054931640625,True,True,True,True,0.05
132.0,final_sickled,244,245,61.25,0.019217023614328355,0.02835681289434433,0.019023580476641655,0.004864181159064174,0.005791594740003347,0.003936767578125,True,True,True,True,0.05
132.0,final_sickled,245,246,61.5,0.01640726113691926,0.023099295794963837,0.018167821690440178,0.0032352209091186523,0.0037848949432373047,0.002685546875,True,True,True,True,0.05
132.0,final_sickled,246,247,61.75,0.010399116482585668,0.00582972913980484,0.018793122842907906,0.005958527326583862,0.006912171840667725,0.0050048828125,True,True,True,True,0.05
132.0,final_sickled,247,248,62.0,0.030456152174156162,0.05562466382980347,0.019576726481318474,0.005417729495093226,0.005830576177686453,0.0050048828125,True,False,True,True,0.05
132.0,final_sickled,248,249,62.25,0.009806292597204447,0.007254645228385925,0.017493819817900658,0.003126390278339386,0.002712741494178772,0.0035400390625,True,True,True,True,0.05
132.0,final_sickled,249,250,62.5,0.01010132121737115,0.017759062349796295,0.006661341991275549,0.0026649063220247626,0.0030104767065495253,0.0023193359375,True,True,True,True,0.05
132.0,final_sickled,250,251,62.75,0.012894137160037645,0.02537955343723297,0.005859061609953642,0.0027665768866427243,0.0014743158826604486,0.004058837890625,True,True,True,True,0.05
132.0,final_sickled,251,252,63.0,0.03842439604923129,0.07577930390834808,0.018178144469857216,0.0070012956857681274,0.009180814027786255,0.00482177734375,True,False,True,True,0.05
132.0,final_sickled,252,253,63.25,0.02429652065038681,0.03283873200416565,0.026839956641197205,0.007068172097206116,0.009314566850662231,0.00482177734375,True,True,True,True,0.05
132.0,final_sickled,253,254,63.5,0.015714852744713424,0.0341578871011734,0.0031947074458003044,0.003734201192855835,0.00444716215133667,0.003021240234375,True,True,True,True,0.05
132.0,final_sickled,254,255,63.75,0.00443449309677817,0.006487607955932617,0.003427269635722041,0.002559622167609632,0.002860943553969264,0.00225830078125,True,True,True,True,0.05
132.0,final_sickled,255,256,64.0,0.0374443031847477,0.07126310467720032,0.02345908433198929,0.002913527190685272,0.0016156286001205444,0.00421142578125,True,False,True,True,0.05
132.0,final_sickled,256,257,64.25,0.003041008740547113,0.003128841519355774,0.0034100785851478577,0.0023837785120122135,0.001563211320899427,0.003204345703125,True,True,True,True,0.05
132.0,final_sickled,257,258,64.5,0.01254657116951421,0.026825174689292908,0.0035612003412097692,0.002280324697494507,0.0015088915824890137,0.0030517578125,True,True,True,True,0.05
132.0,final_sickled,258,259,64.75,0.013379031739896165,0.02375885099172592,0.00929659977555275,0.0024867256870493293,0.0026846330147236586,0.002288818359375,True,True,True,True,0.05
132.0,final_sickled,259,260,65.0,0.01397374973166734,0.027443088591098785,0.005861794110387564,0.0037795454263687134,0.0020659267902374268,0.0054931640625,True,True,True,True,0.05
132.0,final_sickled,260,261,65.25,0.021091801184229552,0.025791078805923462,0.025180375203490257,0.007848953362554312,0.011120270006358624,0.00457763671875,True,True,True,True,0.05
132.0,final_sickled,261,262,65.5,0.03168489683885127,0.05385378748178482,0.023702943697571754,0.007389406207948923,0.010689456947147846,0.00408935546875,True,False,True,True,0.05
132.0,final_sickled,262,263,65.75,0.02613754738122225,0.04501638561487198,0.02059914544224739,0.0036851689219474792,0.0041659921407699585,0.003204345703125,True,True,True,True,0.05
132.0,final_sickled,263,264,66.0,0.02840002835728228,0.05457337200641632,0.015407863073050976,0.004711709916591644,0.005150958895683289,0.0042724609375,True,False,True,True,0.05
132.0,final_sickled,264,265,66.25,0.015592338953865694,0.032154008746147156,0.005850327666848898,0.0027324830880388618,0.0029320071917027235,0.002532958984375,True,True,True,True,0.05
132.0,final_sickled,265,266,66.5,0.00923366625793278,0.008656159043312073,0.013706943951547146,0.003895089030265808,0.004341691732406616,0.003448486328125,True,True,True,True,0.05
132.0,final_sickled,266,267,66.75,0.04432906461879611,0.09013620018959045,0.02146565355360508,0.0030464231967926025,0.002583324909210205,0.003509521484375,True,False,True,True,0.05
132.0,final_sickled,267,268,67.0,0.05516267167404294,0.11654037237167358,0.02054424397647381,0.005424149334430695,0.007064118981361389,0.0037841796875,False,False,True,True,0.05
132.0,final_sickled,268,269,67.25,0.01931490008137189,0.04174335300922394,0.004854971542954445,0.0036732753505930305,0.002921501873061061,0.004425048828125,True,True,True,True,0.05
132.0,final_sickled,269,270,67.5,0.015275898203253747,0.01993204653263092,0.017268061637878418,0.005037032067775726,0.004184171557426453,0.005889892578125,True,True,True,True,0.05
132.0,final_sickled,270,271,67.75,0.015277103197877295,0.03273293375968933,0.004368097987025976,0.002620381594169885,0.0017617592820897698,0.00347900390625,True,True,True,True,0.05
132.0,final_sickled,271,272,68.0,0.007632228091824799,0.003827139735221863,0.01409757137298584,0.004668888868764043,0.004668588284403086,0.004669189453125,True,True,True,True,0.05
132.0,final_sickled,272,273,68.25,0.0033787326188758015,0.001259639859199524,0.00609216233715415,0.002970479428768158,0.002431437373161316,0.003509521484375,True,True,True,True,0.05
132.0,final_sickled,273,274,68.5,0.020916021580342205,0.03657659888267517,0.014605964533984661,0.0046931777615100145,0.006365115288645029,0.003021240234375,True,True,True,True,0.05
133.0,final_sickled,152,153,38.25,0.009272848576074466,0.004415556788444519,0.018610738217830658,0.003971469937823713,0.0019920121412724257,0.005950927734375,True,True,True,True,0.05
133.0,final_sickled,153,154,38.5,0.009222441539168357,0.012182891368865967,0.007706761360168457,0.006607674062252045,0.00891236960887909,0.004302978515625,True,True,True,True,0.05
133.0,final_sickled,154,155,38.75,0.024941820127423853,0.054183296859264374,0.005588354077190161,0.005250309826806188,0.006167123559862375,0.00433349609375,True,False,True,True,0.05
133.0,final_sickled,155,156,39.0,0.040421525388956075,0.09339369088411331,0.00535273551940918,0.004762366414070129,0.002597242593765259,0.006927490234375,True,False,True,True,0.05
133.0,final_sickled,156,157,39.25,0.05219990867190063,0.027576804161071777,0.10710793733596802,0.014725635759532452,0.022035500034689903,0.007415771484375,False,True,False,True,0.05
133.0,final_sickled,157,158,39.5,0.06416284601436928,0.1290055811405182,0.03236778825521469,0.004927550675347447,0.006101439241319895,0.003753662109375,False,False,True,True,0.05
133.0,final_sickled,158,159,39.75,0.02038650185568258,0.03493744134902954,0.015203069895505905,0.004361803410574794,0.006526341196149588,0.002197265625,True,True,True,True,0.05
133.0,final_sickled,159,160,40.0,0.011200194177217782,0.02472074329853058,0.00026371818967163563,0.0048783819656819105,0.006094654556363821,0.003662109375,True,True,True,True,0.05
133.0,final_sickled,160,161,40.25,0.02259934589674231,0.05215848982334137,0.0038074792828410864,0.0016133288736455142,0.0015481909504160285,0.001678466796875,True,False,True,True,0.05
133.0,final_sickled,161,162,40.5,0.0023686919652391226,0.0026152431964874268,0.0019831100944429636,0.002514024614356458,0.0032885472755879164,0.001739501953125,True,True,True,True,0.05
133.0,final_sickled,162,163,40.75,0.017197154508903623,0.028279274702072144,0.015432185493409634,0.0019367188215255737,0.0014320313930511475,0.00244140625,True,True,True,True,0.05
133.0,final_sickled,163,164,41.0,0.022979832347482444,0.03961184620857239,0.01816749759018421,0.0031058788299560547,0.0034956932067871094,0.002716064453125,True,True,True,True,0.05
133.0,final_sickled,164,165,41.25,0.037436750694178046,0.08656801283359528,0.004845954943448305,0.004453845322132111,0.004604712128639221,0.004302978515625,True,False,True,True,0.05
133.0,final_sickled,165,166,41.5,0.006785059353569522,0.005101010203361511,0.01104350108653307,0.0035177195677533746,0.003586952807381749,0.003448486328125,True,True,True,True,0.05
133.0,final_sickled,166,167,41.75,0.00979138455586508,0.011429011821746826,0.010699812322854996,0.005899382056668401,0.0076788910664618015,0.004119873046875,True,True,True,True,0.05
133.0,final_sickled,167,168,42.0,0.04124477328878129,0.09889549016952515,0.00026496892678551376,0.006375352386385202,0.009088595397770405,0.003662109375,True,False,True,True,0.05
133.0,final_sickled,168,169,42.25,0.021967644861433655,0.043084293603897095,0.010340225882828236,0.004459393443539739,0.006385827902704477,0.002532958984375,True,True,True,True,0.05
133.0,final_sickled,169,170,42.5,0.01428255275823176,0.02690105140209198,0.007913838140666485,0.0030091553926467896,0.003607422113418579,0.002410888671875,True,True,True,True,0.05
133.0,final_sickled,170,171,42.75,0.012701048841699958,0.016906604170799255,0.014921043999493122,0.002864167094230652,0.0019136369228363037,0.003814697265625,True,True,True,True,0.05
133.0,final_sickled,171,172,43.0,0.009556358202826232,0.02079176902770996,0.0,0.004958602366968989,0.006316130515187979,0.00360107421875,True,True,True,True,0.05
133.0,final_sickled,172,173,43.25,0.02058941872965079,0.03708140552043915,0.015210581012070179,0.0017326126690022647,0.0010848542442545295,0.00238037109375,True,True,True,True,0.05
133.0,final_sickled,173,174,43.5,0.009629499184666202,0.01734040677547455,0.005738502833992243,0.0027394419303163886,0.002884889720007777,0.002593994140625,True,True,True,True,0.05
134.0,final_sickled,195,196,49.0,0.03774616940645501,0.07622402161359787,0.015854207798838615,0.006830352125689387,0.006977354642003775,0.006683349609375,True,False,True,True,0.05
134.0,final_sickled,196,197,49.25,0.16695129349827767,0.29993271827697754,0.11992194503545761,0.02002210170030594,0.029729261994361877,0.01031494140625,False,False,False,True,0.05
134.0,final_sickled,197,198,49.5,0.0269491056795232,0.05198340117931366,0.013545326888561249,0.005659523187205195,0.006436233874410391,0.0048828125,True,False,True,True,0.05
134.0,final_sickled,198,199,49.75,0.04162796997698024,0.08320567011833191,0.01967630721628666,0.005835977615788579,0.007338459137827158,0.00433349609375,True,False,True,True,0.05
134.0,final_sickled,199,200,50.0,0.048624512553215024,0.08767688274383545,0.032122157514095306,0.00924401730298996,0.00991259515285492,0.008575439453125,True,False,True,True,0.05
134.0,final_sickled,200,201,50.25,0.02758574701147154,0.02701282501220703,0.0432107038795948,0.006627482594922185,0.00571712339296937,0.007537841796875,True,True,True,True,0.05
134.0,final_sickled,201,202,50.5,0.062242282368242745,0.12271621823310852,0.03245722874999046,0.007183060050010681,0.008018463850021362,0.00634765625,False,False,True,True,0.05
134.0,final_sickled,202,203,50.75,0.014067693904507905,0.018474027514457703,0.016047894954681396,0.004245278658345342,0.004309649113565683,0.004180908203125,True,True,True,True,0.05
134.0,final_sickled,203,204,51.0,0.034638162702322006,0.0788223147392273,0.004611842799931765,0.005980367306619883,0.008786906488239765,0.003173828125,True,False,True,True,0.05
134.0,final_sickled,204,205,51.25,0.03301133543718606,0.05559484660625458,0.026344886049628258,0.006210746709257364,0.008332137949764729,0.00408935546875,True,False,True,True,0.05
134.0,final_sickled,205,206,51.5,0.02994087804108858,0.04517309367656708,0.03158876672387123,0.0032622888684272766,0.004357829689979553,0.002166748046875,True,True,True,True,0.05
134.0,final_sickled,206,207,51.75,0.014719011209672318,0.028797641396522522,0.006914537400007248,0.0031194662442430854,0.0037364910822361708,0.00250244140625,True,True,True,True,0.05
134.0,final_sickled,207,208,52.0,0.015427663165610284,0.020769953727722168,0.017609259113669395,0.003825763938948512,0.003958900924772024,0.003692626953125,True,True,True,True,0.05
134.0,final_sickled,208,209,52.25,0.011225547030335292,0.0016134977340698242,0.02759799361228943,0.00368340068962425,0.0037352095823735,0.003631591796875,True,True,True,True,0.05
134.0,final_sickled,209,210,52.5,0.04421699437079951,0.08779163658618927,0.0223237294703722,0.005148137686774135,0.006328990217298269,0.00396728515625,True,False,True,True,0.05
134.0,final_sickled,210,211,52.75,0.035657745733624326,0.07102476060390472,0.018701396882534027,0.0028094103327021003,0.0035741429310292006,0.002044677734375,True,False,True,True,0.05
134.0,final_sickled,211,212,53.0,0.04465185588924214,0.09010779857635498,0.021570755168795586,0.004235888598486781,0.004382421728223562,0.00408935546875,True,False,True,True,0.05
134.0,final_sickled,212,213,53.25,0.017812080774456264,0.020349130034446716,0.023105887696146965,0.006341472268104553,0.007952719926834106,0.004730224609375,True,True,True,True,0.05
134.0,final_sickled,213,214,53.5,0.02297456138767302,0.047665417194366455,0.008154678158462048,0.004217028617858887,0.0043447017669677734,0.00408935546875,True,True,True,True,0.05
134.0,final_sickled,214,215,53.75,0.02531243162229657,0.04176333546638489,0.01876293681561947,0.00816027820110321,0.011559814214706421,0.0047607421875,True,True,True,True,0.05
134.0,final_sickled,215,216,54.0,0.05343762825941668,0.1294163018465042,0.002365724416449666,0.0033724159002304077,0.0029911696910858154,0.003753662109375,False,False,True,True,0.05
134.0,final_sickled,216,217,54.25,0.010737332614371554,0.023809030652046204,0.0019311150535941124,0.002151320339180529,0.0020443398971110582,0.00225830078125,True,True,True,True,0.05
134.0,final_sickled,217,218,54.5,0.009602960303891449,0.005632176995277405,0.017756961286067963,0.004540612222626805,0.006517747882753611,0.0025634765625,True,True,True,True,0.05
134.0,final_sickled,218,219,54.75,0.016349701315630228,0.011173680424690247,0.030188873410224915,0.005256493808701634,0.005080858711153269,0.00543212890625,True,True,True,True,0.05
134.0,final_sickled,219,220,55.0,0.022334228956606236,0.039843179285526276,0.014169822447001934,0.005750077543780208,0.006556307431310415,0.00494384765625,True,True,True,True,0.05
134.0,final_sickled,220,221,55.25,0.005381571379257367,0.008225545287132263,0.004497745539993048,0.0020685693016275764,0.0019703905563801527,0.002166748046875,True,True,True,True,0.05
134.0,final_sickled,221,222,55.5,0.009571943432092667,0.0007242634892463684,0.024218887090682983,0.0032225102186203003,0.0032711923122406006,0.003173828125,True,True,True,True,0.05
135.0,final_sickled,104,105,26.25,0.016859282174846158,0.0374680794775486,0.003496210090816021,0.0025935074081644416,0.002074221847578883,0.00311279296875,True,True,True,True,0.05
135.0,final_sickled,105,106,26.5,0.002657140919473022,0.0030062533915042877,0.0011869254522025585,0.004156862618401647,0.004804203752428293,0.003509521484375,True,True,True,True,0.05
135.0,final_sickled,106,107,26.75,0.006855998223181814,0.0017400160431861877,0.014548403210937977,0.004272202728316188,0.006377657409757376,0.002166748046875,True,True,True,True,0.05
135.0,final_sickled,107,108,27.0,0.008459489941014909,0.017210502177476883,0.002212841296568513,0.0032031784649007022,0.0019507905235514045,0.00445556640625,True,True,True,True,0.05
135.0,final_sickled,108,109,27.25,0.005492993131338153,0.009424425661563873,0.003781866282224655,0.0015982786717358977,0.0009382565622217953,0.00225830078125,True,True,True,True,0.05
135.0,final_sickled,109,110,27.5,0.004263554728822783,0.006773084402084351,0.0022115898318588734,0.003121058107353747,0.0031598408240824938,0.003082275390625,True,True,True,True,0.05
138.0,final_sickled,307,308,77.0,0.004297431485611014,0.005436763167381287,0.0033974042162299156,0.003734538971912116,0.0018538435688242316,0.005615234375,True,True,True,True,0.05
138.0,final_sickled,308,309,77.25,0.007706078249611893,0.017460644245147705,0.00021929788636043668,0.0025802651653066278,0.0021698076743632555,0.00299072265625,True,True,True,True,0.05
138.0,final_sickled,309,310,77.5,0.01460743211209774,0.020415887236595154,0.016129054129123688,0.0031836330890655518,0.0025220513343811035,0.00384521484375,True,True,True,True,0.05
138.0,final_sickled,310,311,77.75,0.019679000886389988,0.036399275064468384,0.012506826780736446,0.0029676059493795037,0.0026087958831340075,0.003326416015625,True,True,True,True,0.05
138.0,final_sickled,311,312,78.0,0.007400873271399178,0.014201179146766663,0.003362973453477025,0.0021734436159022152,0.0019359985599294305,0.002410888671875,True,True,True,True,0.05
138.0,final_sickled,312,313,78.25,0.021684905246365814,0.03710564970970154,0.016562260687351227,0.004183416487649083,0.005528698209673166,0.002838134765625,True,True,True,True,0.05
139.0,semi_sickled,256,257,64.25,0.020512843027245254,0.03182430565357208,0.018385328352451324,0.005393023369833827,0.007032384630292654,0.003753662109375,True,True,True,True,0.05
139.0,semi_sickled,257,258,64.5,0.023132766591152175,0.05304060876369476,0.003325599478557706,0.0030102530727162957,0.0020837385673075914,0.003936767578125,True,False,True,True,0.05
139.0,semi_sickled,258,259,64.75,0.035325792559888214,0.08053143322467804,0.006387415807694197,0.003510494949296117,0.004182855132967234,0.002838134765625,True,False,True,True,0.05
139.0,semi_sickled,259,260,65.0,0.008862411312293261,0.002795770764350891,0.01888241246342659,0.004541034577414393,0.004260291811078787,0.00482177734375,True,True,True,True,0.05
139.0,semi_sickled,260,261,65.25,0.03686337958788499,0.07454495131969452,0.015493218787014484,0.006491089938208461,0.007733156438916922,0.0052490234375,True,False,True,True,0.05
139.0,semi_sickled,261,262,65.5,0.03215745822526515,0.06932385265827179,0.011233250610530376,0.001985117793083191,0.0007658898830413818,0.003204345703125,True,False,True,True,0.05
139.0,semi_sickled,262,263,65.75,0.0027565019379835578,0.0031482651829719543,0.0012578190071508288,0.004227836849167943,0.005983749870210886,0.002471923828125,True,True,True,True,0.05
139.0,semi_sickled,263,264,66.0,0.015342538343975321,0.032883960753679276,0.0037325869780033827,0.0035301944008097053,0.0032456915359944105,0.003814697265625,True,True,True,True,0.05
139.0,semi_sickled,264,265,66.25,0.0130059918272309,0.014522623270750046,0.017215395346283913,0.004686216590926051,0.005099972244352102,0.0042724609375,True,True,True,True,0.05
139.0,semi_sickled,265,266,66.5,0.006751232885289938,0.012593898922204971,0.002553917234763503,0.0032792091369628906,0.004055976867675781,0.00250244140625,True,True,True,True,0.05
139.0,semi_sickled,266,267,66.75,0.013609448994975536,0.015512228012084961,0.018503965809941292,0.003712679026648402,0.004739811178296804,0.002685546875,True,True,True,True,0.05
139.0,semi_sickled,267,268,67.0,0.020170666882768272,0.03546670079231262,0.014277751557528973,0.003947094082832336,0.003316551446914673,0.00457763671875,True,True,True,True,0.05
140.0,final_sickled,165,166,41.5,0.008900759334210306,0.016828566789627075,0.0035361710470169783,0.0037266910076141357,0.0022348761558532715,0.005218505859375,True,True,True,True,0.05
140.0,final_sickled,166,167,41.75,0.008202020564931446,0.014581330120563507,0.004300284199416637,0.0034575561876408756,0.0016966065159067512,0.005218505859375,True,True,True,True,0.05
140.0,final_sickled,167,168,42.0,0.01881412621587515,0.026686497032642365,0.018651429563760757,0.0064461082220077515,0.008314579725265503,0.00457763671875,True,True,True,True,0.05
140.0,final_sickled,168,169,42.25,0.011133101058658213,0.01301516592502594,0.012573824264109135,0.006104784784838557,0.0069605461321771145,0.0052490234375,True,True,True,True,0.05
140.0,final_sickled,169,170,42.5,0.011729382793419063,0.01003306359052658,0.015053930692374706,0.009789126459509134,0.013963018544018269,0.005615234375,True,True,True,True,0.05
140.0,final_sickled,170,171,42.75,0.012008727819193155,0.023701272904872894,0.0041991244070231915,0.004234100459143519,0.004165222402662039,0.004302978515625,True,True,True,True,0.05
141.0,final_sickled,99,100,25.0,0.06001129874493927,0.13232848048210144,0.01429891586303711,0.008301144000142813,0.010102043859660625,0.006500244140625,False,False,True,True,0.05
141.0,final_sickled,100,101,25.25,0.007114183634985238,0.011701986193656921,0.003230336820706725,0.005211085081100464,0.005295217037200928,0.005126953125,True,True,True,True,0.05
141.0,final_sickled,101,102,25.5,0.01734038608847186,0.024379640817642212,0.018258752301335335,0.004791865823790431,0.004639883991330862,0.00494384765625,True,True,True,True,0.05
141.0,final_sickled,102,103,25.75,0.02853308825287968,0.06384691596031189,0.003668043063953519,0.006842027185484767,0.005627413745969534,0.008056640625,True,False,True,True,0.05
141.0,final_sickled,103,104,26.0,0.02525406220229343,0.05206840857863426,0.008914114907383919,0.005227034213021398,0.006822476629167795,0.003631591796875,True,False,True,True,0.05
141.0,final_sickled,104,105,26.25,0.0088557222741656,5.1315873861312866e-05,0.021108390763401985,0.005789036629721522,0.007458200212568045,0.004119873046875,True,True,True,True,0.05
141.0,final_sickled,105,106,26.5,0.011011314566712827,0.005752500146627426,0.021615641191601753,0.00457936036400497,0.005374541040509939,0.0037841796875,True,True,True,True,0.05
141.0,final_sickled,106,107,26.75,0.015086159494239838,0.014459457248449326,0.022834734991192818,0.005240877391770482,0.006056705955415964,0.004425048828125,True,True,True,True,0.05
141.0,final_sickled,107,108,27.0,0.012289959844201804,0.0064726583659648895,0.02220371551811695,0.007718384265899658,0.010492920875549316,0.00494384765625,True,True,True,True,0.05
141.0,final_sickled,108,109,27.25,0.0017977661045733837,0.00026739761233329773,0.0030439903493970633,0.002501641749404371,0.0021346311550587416,0.00286865234375,True,True,True,True,0.05
141.0,final_sickled,109,110,27.5,0.010375194158405066,0.0021690726280212402,0.022061781957745552,0.007143765687942505,0.00992351770401001,0.004364013671875,True,True,True,True,0.05
143.0,semi_sickled,219,220,55.0,0.02417077053105459,0.055225275456905365,0.0021403850987553596,0.005326102254912257,0.006227155681699514,0.004425048828125,True,False,True,True,0.05
143.0,semi_sickled,220,221,55.25,0.01587813001824543,0.017016462981700897,0.021923765540122986,0.0055929075460880995,0.007706811185926199,0.00347900390625,True,True,True,True,0.05
143.0,semi_sickled,221,222,55.5,0.03261950911255554,0.06466967612504959,0.015894928947091103,0.004753654124215245,0.0048381187953054905,0.004669189453125,True,False,True,True,0.05
143.0,semi_sickled,222,223,55.75,0.017855830118060113,0.022294268012046814,0.023676104843616486,0.002605944871902466,0.0010614991188049316,0.004150390625,True,True,True,True,0.05
143.0,semi_sickled,223,224,56.0,0.02799293723655865,0.05975869297981262,0.008285433053970337,0.004758233902975917,0.006525745149701834,0.00299072265625,True,False,True,True,0.05
143.0,semi_sickled,224,225,56.25,0.014516059402376415,0.017750293016433716,0.01763284020125866,0.004977792501449585,0.00751417875289917,0.00244140625,True,True,True,True,0.05
143.0,semi_sickled,225,226,56.5,0.04416579323587939,0.08532778918743134,0.025062428787350655,0.0050513099413365126,0.006501545663923025,0.00360107421875,True,False,True,True,0.05
143.0,semi_sickled,226,227,56.75,0.024044382199645043,0.04669460654258728,0.011760033667087555,0.005002111196517944,0.006281077861785889,0.00372314453125,True,True,True,True,0.05
143.0,semi_sickled,227,228,57.0,0.021538900362793358,0.037524208426475525,0.01561345811933279,0.004258026601746678,0.006074646953493357,0.00244140625,True,True,True,True,0.05
143.0,semi_sickled,228,229,57.25,0.008390572748612614,0.016798481345176697,0.0030392410699278116,0.002429783344268799,0.0026623010635375977,0.002197265625,True,True,True,True,0.05
143.0,semi_sickled,229,230,57.5,0.05217101299786009,0.10592132806777954,0.02565734088420868,0.0032896498451009393,0.0034665067214518785,0.00311279296875,False,False,True,True,0.05
143.0,semi_sickled,230,231,57.75,0.027121237199753522,0.04618909955024719,0.02164573408663273,0.004278361797332764,0.006328940391540527,0.002227783203125,True,True,True,True,0.05
143.0,semi_sickled,231,232,58.0,0.05361495530232787,0.11163687705993652,0.02193772979080677,0.005127996206283569,0.007204234600067139,0.0030517578125,False,False,True,True,0.05
143.0,semi_sickled,232,233,58.25,0.011325616703834385,0.02390401065349579,0.002567145274952054,0.0034620463848114014,0.004940450191497803,0.001983642578125,True,True,True,True,0.05
143.0,semi_sickled,233,234,58.5,0.013213652110425756,0.03049914538860321,0.0016544858226552606,0.00173969566822052,0.00231972336769104,0.00115966796875,True,True,True,True,0.05
143.0,semi_sickled,234,235,58.75,0.0017244057380594313,0.0001255124807357788,0.002361598191782832,0.003390565514564514,0.004736453294754028,0.002044677734375,True,True,True,True,0.05
143.0,semi_sickled,235,236,59.0,0.0356337880337378,0.0878320038318634,0.0001885409001260996,0.0017399887437932193,0.0012216767063364387,0.00225830078125,True,False,True,True,0.05
143.0,semi_sickled,236,237,59.25,0.006317139667226002,0.013311371207237244,0.0009036525152623653,0.002705251215957105,0.0037930707912892103,0.001617431640625,True,True,True,True,0.05
143.0,semi_sickled,237,238,59.5,0.006296449965157081,0.013970747590065002,0.0009059531730599701,0.0015642692742403597,0.0006871322984807193,0.00244140625,True,True,True,True,0.05
143.0,semi_sickled,238,239,59.75,0.009368672734126449,0.019992440938949585,0.002720770426094532,0.0016777068376541138,0.0018600523471832275,0.001495361328125,True,True,True,True,0.05
143.0,semi_sickled,239,240,60.0,0.016682612180011346,0.03552527725696564,0.004730515647679567,0.003267283202148974,0.003513326169922948,0.003021240234375,True,True,True,True,0.05
143.0,semi_sickled,240,241,60.25,0.02856290797353722,0.06176440417766571,0.009187589399516582,0.002565960050560534,0.002354820491746068,0.002777099609375,True,False,True,True,0.05
143.0,semi_sickled,241,242,60.5,0.006908450549235567,0.007225394248962402,0.010048863478004932,0.0020047625293955207,0.0027277867775410414,0.00128173828125,True,True,True,True,0.05
143.0,semi_sickled,242,243,60.75,0.007229917595395818,0.00837792456150055,0.009555484168231487,0.0021373132476583123,0.0021689136046916246,0.002105712890625,True,True,True,True,0.05
143.0,semi_sickled,243,244,61.0,0.01576827500248328,0.033590033650398254,0.003159443847835064,0.0049058247823268175,0.007095585111528635,0.002716064453125,True,True,True,True,0.05
143.0,semi_sickled,244,245,61.25,0.03535786461434327,0.06347334384918213,0.026633279398083687,0.002587517141364515,0.0027336280327290297,0.00244140625,True,False,True,True,0.05
143.0,semi_sickled,245,246,61.5,0.022792912455042825,0.054850637912750244,0.0010947930859401822,0.0018779188394546509,0.0020468533039093018,0.001708984375,True,False,True,True,0.05
143.0,semi_sickled,246,247,61.75,0.007811331591801718,0.013161927461624146,0.005362283904105425,0.002679044962860644,0.0025199551600962877,0.002838134765625,True,True,True,True,0.05
143.0,semi_sickled,247,248,62.0,0.02584906667470932,0.041578516364097595,0.022779062390327454,0.004979953169822693,0.006633490324020386,0.003326416015625,True,True,True,True,0.05
143.0,semi_sickled,248,249,62.25,0.016605065151816235,0.018351390957832336,0.0245308056473732,0.0027149071684107184,0.003018925664946437,0.002410888671875,True,True,True,True,0.05
143.0,semi_sickled,249,250,62.5,0.006036152259912342,0.009579181671142578,0.0038530409801751375,0.00342366099357605,0.0037650465965270996,0.003082275390625,True,True,True,True,0.05
143.0,semi_sickled,250,251,62.75,0.0056961891008540984,0.00777009129524231,0.00591211998835206,0.0020756423473358154,0.001954019069671631,0.002197265625,True,True,True,True,0.05
143.0,semi_sickled,251,252,63.0,0.01239266800985206,0.024792775511741638,0.006114959251135588,0.0013412882690317929,0.0010956624755635858,0.0015869140625,True,True,True,True,0.05
145.0,final_sickled,153,154,38.5,0.023937051778193566,0.047331683337688446,0.009498377330601215,0.006719785509631038,0.007488643284887075,0.005950927734375,True,True,True,True,0.05
145.0,final_sickled,154,155,38.75,0.018872262723743916,0.03243965283036232,0.013927724212408066,0.004086792469024658,0.0037180185317993164,0.00445556640625,True,True,True,True,0.05
145.0,final_sickled,155,156,39.0,0.013919135753531008,0.014065995812416077,0.019989145919680595,0.00518614542670548,0.004329810384660959,0.00604248046875,True,True,True,True,0.05
145.0,final_sickled,156,157,39.25,0.004287190455943346,0.006176803261041641,0.0036240871995687485,0.0021921545267105103,0.0017597973346710205,0.00262451171875,True,True,True,True,0.05
145.0,final_sickled,157,158,39.5,0.003350731183309108,0.0017646178603172302,0.003876684233546257,0.005152178229764104,0.004811192397028208,0.0054931640625,True,True,True,True,0.05
145.0,final_sickled,158,159,39.75,0.002573993249097839,0.004384901374578476,0.0004323467146605253,0.002674845396541059,0.002542073605582118,0.0028076171875,True,True,True,True,0.05
148.0,final_sickled,100,101,25.25,0.013157371338456868,0.010726941749453545,0.02108030952513218,0.005953945219516754,0.006841972470283508,0.00506591796875,True,True,True,True,0.05
148.0,final_sickled,101,102,25.5,0.005627681070473045,0.010169812478125095,0.0016249468317255378,0.003964098752476275,0.00301486742682755,0.004913330078125,True,True,True,True,0.05
148.0,final_sickled,102,103,25.75,0.005635733419330791,0.0066957538947463036,0.006380144041031599,0.002897525788284838,0.0020719070453196764,0.00372314453125,True,True,True,True,0.05
148.0,final_sickled,103,104,26.0,0.0103399190120399,0.005320969969034195,0.020411962643265724,0.0042693763971328735,0.003655940294265747,0.0048828125,True,True,True,True,0.05
148.0,final_sickled,104,105,26.25,0.005868379923049361,0.002131303772330284,0.010561718605458736,0.0052770276088267565,0.005243996623903513,0.00531005859375,True,True,True,True,0.05
148.0,final_sickled,105,106,26.5,0.010742693860083818,0.0192356389015913,0.006045272573828697,0.003730371594429016,0.004195362329483032,0.003265380859375,True,True,True,True,0.05
149.0,semi_sickled,156,157,39.25,0.019477563205873592,0.043394267559051514,0.0032356511801481247,0.003949513076804578,0.0026500027161091566,0.0052490234375,True,True,True,True,0.05
149.0,semi_sickled,157,158,39.5,0.03068278207210824,0.06755267083644867,0.0064575509168207645,0.005606283666566014,0.006421307567507029,0.004791259765625,True,False,True,True,0.05
149.0,semi_sickled,158,159,39.75,0.025512200698722155,0.028824597597122192,0.034048326313495636,0.008261789800599217,0.007093647960573435,0.009429931640625,True,True,True,True,0.05
149.0,semi_sickled,159,160,40.0,0.02878476092591882,0.04896825551986694,0.018604552373290062,0.010743461549282074,0.014223739504814148,0.00726318359375,True,True,True,True,0.05
149.0,semi_sickled,160,161,40.25,0.007625614758580923,0.011108428239822388,0.004477949347347021,0.0064598447643220425,0.010173107497394085,0.00274658203125,True,True,True,True,0.05
149.0,semi_sickled,161,162,40.5,0.0024653822751133704,0.0006794780492782593,0.0043508014641702175,0.0026832421717699617,0.0006362597341649234,0.004730224609375,True,True,True,True,0.05
149.0,semi_sickled,162,163,40.75,0.025739180599339308,0.059231385588645935,0.0019618398509919643,0.005439929664134979,0.0066073983907699585,0.0042724609375,True,False,True,True,0.05
149.0,semi_sickled,163,164,41.0,0.021942277665948494,0.0446227490901947,0.00947224535048008,0.003111568628810346,0.0023779224138706923,0.00384521484375,True,True,True,True,0.05
149.0,semi_sickled,164,165,41.25,0.029566258657723665,0.05587129294872284,0.01771663688123226,0.004067674279212952,0.004473239183425903,0.003662109375,True,False,True,True,0.05
149.0,semi_sickled,165,166,41.5,0.004162088606972247,0.00461067259311676,0.004355562850832939,0.0031734902877360582,0.0049736895598471165,0.001373291015625,True,True,True,True,0.05
149.0,semi_sickled,166,167,41.75,0.008115519827697426,0.010595053434371948,0.008581054396927357,0.0034965176600962877,0.0042769708670675755,0.002716064453125,True,True,True,True,0.05
149.0,semi_sickled,167,168,42.0,0.0189040879602544,0.04524920880794525,0.0,0.0032176177483052015,0.004512628074735403,0.001922607421875,True,True,True,True,0.05
149.0,semi_sickled,168,169,42.25,0.013771250378340484,0.03009936213493347,0.004013994708657265,0.0013064295053482056,0.0009954273700714111,0.001617431640625,True,True,True,True,0.05
149.0,semi_sickled,169,170,42.5,0.0014387474329851102,0.0011860430240631104,0.0019618417136371136,0.0011107424943475053,0.00026835998869501054,0.001953125,True,True,True,True,0.05
149.0,semi_sickled,170,171,42.75,0.002274568285793066,0.00271393358707428,0.001368122175335884,0.0028406083583831787,0.0038501620292663574,0.0018310546875,True,True,True,True,0.05
151.0,semi_sickled,180,181,45.25,0.019827643618918957,0.019515477120876312,0.0287739560008049,0.00780227268114686,0.00821929145604372,0.00738525390625,True,True,True,True,0.05
151.0,semi_sickled,181,182,45.5,0.014493590663187207,0.016133546829223633,0.01551478635519743,0.01043998682871461,0.008367766626179218,0.01251220703125,True,True,True,True,0.05
151.0,semi_sickled,182,183,45.75,0.006707626767456532,0.0050322264432907104,0.009005177766084671,0.00617169588804245,0.0044088214635849,0.0079345703125,True,True,True,True,0.05
151.0,semi_sickled,183,184,46.0,0.04285373317543417,0.10236792266368866,0.0010866217780858278,0.006104985950514674,0.004794200416654348,0.007415771484375,True,False,True,True,0.05
151.0,semi_sickled,184,185,46.25,0.02571244303835556,0.046176522970199585,0.016597576439380646,0.0057307283859699965,0.005785187240689993,0.00567626953125,True,True,True,True,0.05
151.0,semi_sickled,185,186,46.5,0.026660929655190558,0.05917239189147949,0.004591678734868765,0.005539541365578771,0.006592998746782541,0.004486083984375,True,False,True,True,0.05
151.0,semi_sickled,186,187,46.75,0.0144575102487579,0.013282209634780884,0.02025867998600006,0.008216353598982096,0.010756437666714191,0.00567626953125,True,True,True,True,0.05
151.0,semi_sickled,187,188,47.0,0.01714346961816773,0.03283698856830597,0.007547437679022551,0.005468284012749791,0.004039595369249582,0.00689697265625,True,True,True,True,0.05
151.0,semi_sickled,188,189,47.25,0.01742832901654765,0.040459394454956055,0.0010777678107842803,0.0034694100031629205,0.003337745787575841,0.00360107421875,True,True,True,True,0.05
151.0,semi_sickled,189,190,47.5,0.044394593918696046,0.09673430025577545,0.012828054837882519,0.004844218492507935,0.006453573703765869,0.00323486328125,True,False,True,True,0.05
151.0,semi_sickled,190,191,47.75,0.01702261605314561,0.04007634520530701,0.00023408739070873708,0.003640589537099004,0.004504079464823008,0.002777099609375,True,True,True,True,0.05
151.0,semi_sickled,191,192,48.0,0.04385225276928395,0.10422137379646301,0.003720777342095971,0.0034457247238606215,0.004083832260221243,0.0028076171875,True,False,True,True,0.05
151.0,semi_sickled,192,193,48.25,0.014947114477399737,0.021885424852371216,0.014538015238940716,0.004418556811287999,0.004503617528825998,0.00433349609375,True,True,True,True,0.05
151.0,semi_sickled,193,194,48.5,0.03153305327869021,0.05684496462345123,0.02235463261604309,0.0038837840547785163,0.0032814841251820326,0.004486083984375,True,False,True,True,0.05
151.0,semi_sickled,194,195,48.75,0.015417173970490694,0.01480633020401001,0.024309387430548668,0.0039454251527786255,0.002824932336807251,0.00506591796875,True,True,True,True,0.05
151.0,semi_sickled,195,196,49.0,0.045995115768164396,0.09274281561374664,0.02200649119913578,0.004782870411872864,0.0052017271518707275,0.004364013671875,True,False,True,True,0.05
151.0,semi_sickled,196,197,49.25,0.007650474511319771,0.009279295802116394,0.009189393371343613,0.0028898740420117974,0.003155236365273595,0.00262451171875,True,True,True,True,0.05
151.0,semi_sickled,197,198,49.5,0.004775391373550519,0.008878469467163086,0.001051306608133018,0.0034241850953549147,0.004529034253209829,0.0023193359375,True,True,True,True,0.05
151.0,semi_sickled,198,199,49.75,0.003208662290126085,0.0022320449352264404,0.0036069508641958237,0.004213646054267883,0.006443649530410767,0.001983642578125,True,True,True,True,0.05
151.0,semi_sickled,199,200,50.0,0.011643987149000168,0.02448032796382904,0.0010381191968917847,0.005954056978225708,0.007879793643951416,0.0040283203125,True,True,True,True,0.05
151.0,semi_sickled,200,201,50.25,0.012865277961827817,0.030178114771842957,0.00023180199787020683,0.0028516054153442383,0.0025904178619384766,0.00311279296875,True,True,True,True,0.05
151.0,semi_sickled,201,202,50.5,0.017368390993215146,0.03790435194969177,0.0034924258943647146,0.003937204601243138,0.005371967796236277,0.00250244140625,True,True,True,True,0.05
152.0,semi_sickled,327,328,82.0,0.010402036510640755,0.010494120419025421,0.014548968523740768,0.0044489974388852715,0.003893112065270543,0.0050048828125,True,True,True,True,0.05
152.0,semi_sickled,328,329,82.25,0.0052228003682103005,0.00011771917343139648,0.012675794772803783,0.002956738113425672,0.002403954742476344,0.003509521484375,True,True,True,True,0.05
152.0,semi_sickled,329,330,82.5,0.019956186157651247,0.02878236025571823,0.018685730174183846,0.007612945977598429,0.008237366564571857,0.006988525390625,True,True,True,True,0.05
152.0,semi_sickled,330,331,82.75,0.011686579219531267,0.024880915880203247,0.002874702448025346,0.002912268042564392,0.0013689696788787842,0.00445556640625,True,True,True,True,0.05
152.0,semi_sickled,331,332,83.0,0.030756323860259727,0.06917192786931992,0.005858428310602903,0.004148411215282977,0.0035971153993159533,0.00469970703125,True,False,True,True,0.05
152.0,semi_sickled,332,333,83.25,0.025316620830562898,0.04747167229652405,0.015839671716094017,0.0031362672452814877,0.0012676516780629754,0.0050048828125,True,True,True,True,0.05
152.0,semi_sickled,333,334,83.5,0.012720824923599139,0.012271448969841003,0.01927926577627659,0.004258009255863726,0.0037552763242274523,0.0047607421875,True,True,True,True,0.05
152.0,semi_sickled,334,335,83.75,0.024941031314665452,0.049855396151542664,0.0119517482817173,0.0032630438217893243,0.0020094860810786486,0.0045166015625,True,True,True,True,0.05
152.0,semi_sickled,335,336,84.0,0.009625469881575553,0.00206553190946579,0.020190609619021416,0.006930175004526973,0.0070854476653039455,0.00677490234375,True,True,True,True,0.05
152.0,semi_sickled,336,337,84.25,0.01412266263505444,0.01948177069425583,0.013692772947251797,0.006149935303255916,0.007386540528386831,0.004913330078125,True,True,True,True,0.05
152.0,semi_sickled,337,338,84.5,0.0063897364372678565,0.013445839285850525,0.0017775273881852627,0.001557064548251219,0.0004285822215024382,0.002685546875,True,True,True,True,0.05
153.0,semi_sickled,188,189,47.25,0.005424968857550994,0.00630544126033783,0.0034985076636075974,0.006713258684612811,0.0034472693223506212,0.009979248046875,True,True,True,True,0.05
153.0,semi_sickled,189,190,47.5,0.02255903067998588,0.04122145473957062,0.012533352710306644,0.006735101342201233,0.004711657762527466,0.008758544921875,True,True,True,True,0.05
153.0,semi_sickled,190,191,47.75,0.01617706943070516,0.02763257920742035,0.00950708705931902,0.007186229107901454,0.007292380090802908,0.007080078125,True,True,True,True,0.05
153.0,semi_sickled,191,192,48.0,0.026445705915102737,0.05004072189331055,0.015348109416663647,0.00423031544778496,0.0020214219111949205,0.006439208984375,True,False,True,True,0.05
153.0,semi_sickled,192,193,48.25,0.040351996623212476,0.08498731255531311,0.01547122374176979,0.003768573165871203,0.002532263519242406,0.0050048828125,True,False,True,True,0.05
153.0,semi_sickled,193,194,48.5,0.005530467699281871,0.005378216505050659,0.007347720209509134,0.0032299160957336426,0.002706170082092285,0.003753662109375,True,True,True,True,0.05
153.0,semi_sickled,194,195,48.75,0.01007346530095674,0.020257696509361267,0.0031850680243223906,0.0034224515547975898,0.0027860652189701796,0.004058837890625,True,True,True,True,0.05
153.0,semi_sickled,195,196,49.0,0.012860010424628854,0.027875572443008423,0.00199251901358366,0.0040495991706848145,0.002911210060119629,0.00518798828125,True,True,True,True,0.05
153.0,semi_sickled,196,197,49.25,0.024396453658118846,0.04616142809391022,0.014504636637866497,0.0034210383892059326,0.0027527213096618652,0.00408935546875,True,True,True,True,0.05
153.0,semi_sickled,197,198,49.5,0.023635209363419563,0.035728320479393005,0.023138338699936867,0.004981850506737828,0.0039822557009756565,0.0059814453125,True,True,True,True,0.05
153.0,semi_sickled,198,199,49.75,0.007127286493778228,0.0028125643730163574,0.013821929693222046,0.004658341407775879,0.005013704299926758,0.004302978515625,True,True,True,True,0.05
155.0,final_sickled,133,134,33.5,0.015124772116541863,0.016329504549503326,0.02142397314310074,0.004378318786621094,0.0033550262451171875,0.005401611328125,True,True,True,True,0.05
155.0,final_sickled,134,135,33.75,0.02238096246146597,0.04299893230199814,0.011636093258857727,0.004435027600266039,0.0031937856692820787,0.00567626953125,True,True,True,True,0.05
155.0,final_sickled,135,136,34.0,0.011179639387410133,0.007724292576313019,0.019318347796797752,0.005314002512022853,0.005714674945920706,0.004913330078125,True,True,True,True,0.05
155.0,final_sickled,136,137,34.25,0.01249301483310883,0.02996022254228592,1.1383186837576886e-08,0.0020356873283162713,0.0023318727035075426,0.001739501953125,True,True,True,True,0.05
155.0,final_sickled,137,138,34.5,0.009172100032446905,0.017167001962661743,0.004177580121904612,0.0033725848188623786,0.003113577840849757,0.003631591796875,True,True,True,True,0.05
155.0,final_sickled,138,139,34.75,0.01874700724729337,0.030013322830200195,0.017158525064587593,0.002944777370430529,0.0021664102096110582,0.00372314453125,True,True,True,True,0.05
156.0,final_sickled,136,137,34.25,0.032488389429636305,0.05586887151002884,0.02009948529303074,0.012424083892256021,0.010352318175137043,0.014495849609375,True,False,True,True,0.05
156.0,final_sickled,137,138,34.5,0.013519632373936476,0.025784842669963837,0.00419500982388854,0.006949767470359802,0.0071856677532196045,0.0067138671875,True,True,True,True,0.05
156.0,final_sickled,138,139,34.75,0.004045073670567945,0.002711936831474304,0.005298496689647436,0.004423300386406481,0.0022853214759379625,0.006561279296875,True,True,True,True,0.05
156.0,final_sickled,139,140,35.0,0.010157039086334408,0.0028662756085395813,0.018903890624642372,0.009576668497174978,0.010394792072474957,0.008758544921875,True,True,True,True,0.05
156.0,final_sickled,140,141,35.25,0.015695506543852388,0.016000915318727493,0.02119651436805725,0.007505441550165415,0.00979237724095583,0.005218505859375,True,True,True,True,0.05
156.0,final_sickled,141,142,35.5,0.02009847558219917,0.042603377252817154,0.006568495649844408,0.003032604814507067,0.0020674068946391344,0.003997802734375,True,True,True,True,0.05
156.0,final_sickled,142,143,35.75,0.00456868780311197,0.004309117794036865,0.005271416623145342,0.004000179469585419,0.0035447925329208374,0.00445556640625,True,True,True,True,0.05
159.0,final_sickled,269,270,67.5,0.009417823705007322,0.016802258789539337,0.006312756333500147,0.0019498218898661435,0.001275132060982287,0.00262451171875,True,True,True,True,0.05
159.0,final_sickled,270,271,67.75,0.01333909859531559,0.02079571783542633,0.012151781469583511,0.003070751787163317,0.0019605953712016344,0.004180908203125,True,True,True,True,0.05
159.0,final_sickled,271,272,68.0,0.008989535726141185,0.0028684139251708984,0.018501099199056625,0.005467141745612025,0.0057462952099740505,0.00518798828125,True,True,True,True,0.05
159.0,final_sickled,272,273,68.25,0.031082690629409628,0.07171018421649933,0.004580831620842218,0.003181303502060473,0.002700497629120946,0.003662109375,True,False,True,True,0.05
159.0,final_sickled,273,274,68.5,0.1639113021781668,0.29286912083625793,0.12809821963310242,0.007717107888311148,0.010642956010997295,0.004791259765625,False,False,False,True,0.05
159.0,final_sickled,274,275,68.75,0.018866176158189772,0.013974905014038086,0.03220556676387787,0.00801706314086914,0.009991645812988281,0.00604248046875,True,True,True,True,0.05
159.0,final_sickled,275,276,69.0,0.06277954889810644,0.1363396793603897,0.020590029656887054,0.004148667096160352,0.0032314162235707045,0.00506591796875,False,False,True,True,0.05
159.0,final_sickled,276,277,69.25,0.03789124498725869,0.08387294411659241,0.009600500576198101,0.0039275685558095574,0.002270420314744115,0.005584716796875,True,False,True,True,0.05
159.0,final_sickled,277,278,69.5,0.012823827099055052,0.012774139642715454,0.017377490177750587,0.006528198719024658,0.008631348609924316,0.004425048828125,True,True,True,True,0.05
159.0,final_sickled,278,279,69.75,0.04678583883214742,0.0900275856256485,0.025402626022696495,0.007535541895776987,0.012019325979053974,0.0030517578125,True,False,True,True,0.05
159.0,final_sickled,279,280,70.0,0.016825731215067207,0.021564990282058716,0.018204817548394203,0.0073121958412230015,0.008826051838696003,0.00579833984375,True,True,True,True,0.05
159.0,final_sickled,280,281,70.25,0.11904268562793731,0.17146463692188263,0.1305500566959381,0.019057244062423706,0.025815904140472412,0.012298583984375,False,False,False,True,0.05
159.0,final_sickled,281,282,70.5,0.0039004418737022205,0.005713164806365967,0.0008333970909006894,0.0052939478773623705,0.007322514895349741,0.003265380859375,True,True,True,True,0.05
159.0,final_sickled,282,283,70.75,0.008650086174020544,0.016905561089515686,0.003307304112240672,0.002921221195720136,0.0035231064539402723,0.0023193359375,True,True,True,True,0.05
159.0,final_sickled,283,284,71.0,0.0441142158349976,0.10549329221248627,0.0028899877797812223,0.003621612908318639,0.004130432847887278,0.00311279296875,True,False,True,True,0.05
159.0,final_sickled,284,285,71.25,0.018675336154410617,0.03264153003692627,0.013828619383275509,0.0031148294219747186,0.002842207672074437,0.003387451171875,True,True,True,True,0.05
159.0,final_sickled,285,286,71.5,0.050941037258598956,0.1111314445734024,0.01542713213711977,0.004355852724984288,0.004561314824968576,0.004150390625,False,False,True,True,0.05
159.0,final_sickled,286,287,71.75,0.008673167903907597,0.013782992959022522,0.004443911369889975,0.006418406963348389,0.009327292442321777,0.003509521484375,True,True,True,True,0.05
159.0,final_sickled,287,288,72.0,0.020159760967362675,0.03695061802864075,0.011859290301799774,0.004915048601105809,0.004855731967836618,0.004974365234375,True,True,True,True,0.05
159.0,final_sickled,288,289,72.25,0.002320188903831877,0.003996461629867554,0.0006892869132570922,0.0019214153289794922,0.0008215904235839844,0.003021240234375,True,True,True,True,0.05
159.0,final_sickled,289,290,72.5,0.05144188152626157,0.10923109948635101,0.019722750410437584,0.0033859163522720337,0.0037200748920440674,0.0030517578125,False,False,True,True,0.05
159.0,final_sickled,290,291,72.75,0.013890469551552088,0.02930086851119995,0.0032267123460769653,0.004163091303780675,0.00518287206068635,0.003143310546875,True,True,True,True,0.05
159.0,final_sickled,291,292,73.0,0.005346322747936938,0.010207772254943848,0.0003126943192910403,0.004615083336830139,0.004988223314285278,0.004241943359375,True,True,True,True,0.05
159.0,final_sickled,292,293,73.25,0.013974438892910257,0.01947978138923645,0.015448822639882565,0.0031017536530271173,0.0026024330873042345,0.00360107421875,True,True,True,True,0.05
159.0,final_sickled,293,294,73.5,0.0044407382607460025,0.006104648113250732,0.003308538580313325,0.003363562049344182,0.004407788161188364,0.0023193359375,True,True,True,True,0.05
159.0,final_sickled,294,295,73.75,0.014506713685113937,0.01933389902114868,0.01644846983253956,0.004064758541062474,0.0044368901289999485,0.003692626953125,True,True,True,True,0.05
159.0,final_sickled,295,296,74.0,0.007667936757206916,0.004537105560302734,0.013335630297660828,0.0047424957156181335,0.002984747290611267,0.006500244140625,True,True,True,True,0.05
161.0,semi_sickled,209,210,52.5,0.007337726524565369,0.003996334969997406,0.012508598156273365,0.005444732727482915,0.00414508068934083,0.006744384765625,True,True,True,True,0.05
161.0,semi_sickled,210,211,52.75,0.009840987710049376,0.010165534913539886,0.013171420432627201,0.004659106372855604,0.0038555662613362074,0.005462646484375,True,True,True,True,0.05
161.0,semi_sickled,211,212,53.0,0.0036218812863808123,0.00030368566513061523,0.007530743721872568,0.0034585868706926703,0.0033160995226353407,0.00360107421875,True,True,True,True,0.05
161.0,semi_sickled,212,213,53.25,0.04620591490529478,0.1040884479880333,0.008891393430531025,0.0058341920375823975,0.006968677043914795,0.00469970703125,True,False,True,True,0.05
161.0,semi_sickled,213,214,53.5,0.11700041049625726,0.23055283725261688,0.06292320042848587,0.011024621780961752,0.013840015046298504,0.008209228515625,False,False,False,True,0.05
161.0,semi_sickled,214,215,53.75,0.050021602376364174,0.07831941545009613,0.04840543866157532,0.007007730659097433,0.009712482802569866,0.004302978515625,False,False,True,True,0.05
161.0,semi_sickled,215,216,54.0,0.025727198272943497,0.0525764524936676,0.007622778881341219,0.008114578668028116,0.009149079211056232,0.007080078125,True,False,True,True,0.05
161.0,semi_sickled,216,217,54.25,0.006035645341034979,0.01101471483707428,0.0026841696817427874,0.0027612000703811646,0.001707702875137329,0.003814697265625,True,True,True,True,0.05
161.0,semi_sickled,217,218,54.5,0.031284472346305846,0.030852317810058594,0.04852388799190521,0.007840737700462341,0.012110918760299683,0.003570556640625,True,True,True,True,0.05
161.0,semi_sickled,218,219,54.75,0.05565165600273758,0.0898347944021225,0.04892998933792114,0.010368967894464731,0.008836080320179462,0.01190185546875,False,False,True,True,0.05
161.0,semi_sickled,219,220,55.0,0.021356742491479966,0.04777994751930237,0.0015883566811680794,0.006755354581400752,0.006125455256551504,0.00738525390625,True,True,True,True,0.05
161.0,semi_sickled,220,221,55.25,0.0277373630029615,0.03336402773857117,0.037217844277620316,0.005462025641463697,0.003477762220427394,0.0074462890625,True,True,True,True,0.05
161.0,semi_sickled,221,222,55.5,0.0028352899811579847,0.00400996208190918,0.00036429919418878853,0.004415201721712947,0.006694172974675894,0.00213623046875,True,True,True,True,0.05
161.0,semi_sickled,222,223,55.75,0.00635590631281957,0.012025728821754456,0.002050780924037099,0.003311365842819214,0.0036930441856384277,0.0029296875,True,True,True,True,0.05
161.0,semi_sickled,223,224,56.0,0.019980328355450185,0.0449746698141098,0.001972874626517296,0.005199817242100835,0.00557785714045167,0.00482177734375,True,True,True,True,0.05
161.0,semi_sickled,224,225,56.25,0.01358516049804166,0.02712807059288025,0.0053842863999307156,0.003397728083655238,0.004964401479810476,0.0018310546875,True,True,True,True,0.05
162.0,final_sickled,93,94,23.5,0.01188781136297621,0.027554895728826523,0.0,0.003463412285782397,0.0031121273059397936,0.003814697265625,True,True,True,True,0.05
162.0,final_sickled,94,95,23.75,0.011955228541046381,0.025409884750843048,0.0031315069645643234,0.0027809888124465942,0.0029069483280181885,0.002655029296875,True,True,True,True,0.05
162.0,final_sickled,95,96,24.0,0.023190020793117584,0.022746341302990913,0.03423795476555824,0.00843280041590333,0.01155554223805666,0.00531005859375,True,True,True,True,0.05
162.0,final_sickled,96,97,24.25,0.010125121171586215,0.001632222905755043,0.021700577810406685,0.007508119102567434,0.011750857345759869,0.003265380859375,True,True,True,True,0.05
162.0,final_sickled,97,98,24.5,0.011968302458990365,0.00978859607130289,0.019622348248958588,0.004740168573334813,0.005299428943544626,0.004180908203125,True,True,True,True,0.05
162.0,final_sickled,98,99,24.75,0.00344965155236423,0.0027211932465434074,0.0033729865681380033,0.004722515819594264,0.007125695701688528,0.0023193359375,True,True,True,True,0.05
163.0,semi_sickled,170,171,42.75,0.027472225564997642,0.041899651288986206,0.02640852890908718,0.00587751972489059,0.004766514059156179,0.006988525390625,True,True,True,True,0.05
163.0,semi_sickled,171,172,43.0,0.01786257642088458,0.032268211245536804,0.010132426396012306,0.005635770736262202,0.0043440512381494045,0.006927490234375,True,True,True,True,0.05
163.0,semi_sickled,172,173,43.25,0.028375918569508943,0.057422712445259094,0.01150286104530096,0.005523328902199864,0.004363308195024729,0.006683349609375,True,False,True,True,0.05
163.0,semi_sickled,173,174,43.5,0.04122433270094916,0.07896880805492401,0.02440527267754078,0.00437985616736114,0.0048839799128472805,0.003875732421875,True,False,True,True,0.05
163.0,semi_sickled,174,175,43.75,0.064692118804669,0.1428336501121521,0.018689671531319618,0.004069094895385206,0.0022482972126454115,0.005889892578125,False,False,True,True,0.05
163.0,semi_sickled,175,176,44.0,0.04189237247919664,0.08756749331951141,0.01439147163182497,0.007313440321013331,0.006814380642026663,0.0078125,True,False,True,True,0.05
163.0,semi_sickled,176,177,44.25,0.03447453687549569,0.06938000023365021,0.0153782544657588,0.005360590876080096,0.0037021387834101915,0.00701904296875,True,False,True,True,0.05
163.0,semi_sickled,177,178,44.5,0.0232144565845374,0.04114587604999542,0.016939105466008186,0.0033096770057454705,0.002743621589615941,0.003875732421875,True,True,True,True,0.05
163.0,semi_sickled,178,179,44.75,0.032035423896741126,0.07724800705909729,0.002349727088585496,0.0012552663683891296,0.0005879253149032593,0.001922607421875,True,False,True,True,0.05
163.0,semi_sickled,179,180,45.0,0.029117329511791468,0.04619349539279938,0.02734936587512493,0.004270613193511963,0.003994107246398926,0.004547119140625,True,True,True,True,0.05
163.0,semi_sickled,180,181,45.25,0.009313272446161137,0.018648207187652588,0.0025166983250528574,0.003892580629326403,0.0038789112586528063,0.00390625,True,True,True,True,0.05
163.0,semi_sickled,181,182,45.5,0.02481234622828197,0.05343067646026611,0.007803249638527632,0.0028357530827634037,0.0013685276499018073,0.004302978515625,True,False,True,True,0.05
163.0,semi_sickled,182,183,45.75,0.02058599968440831,0.04523947834968567,0.0031791578512638807,0.005510012386366725,0.00671704625710845,0.004302978515625,True,True,True,True,0.05
163.0,semi_sickled,183,184,46.0,0.01887685141991824,0.029693633317947388,0.015226687304675579,0.0066802301444113255,0.009393175132572651,0.00396728515625,True,True,True,True,0.05
163.0,semi_sickled,184,185,46.25,0.020238597213756294,0.038374900817871094,0.010319754481315613,0.005106891272589564,0.007436682935804129,0.002777099609375,True,True,True,True,0.05
163.0,semi_sickled,185,186,46.5,0.022155304212355988,0.034763917326927185,0.02088889293372631,0.003754499019123614,0.0020768691319972277,0.00543212890625,True,True,True,True,0.05
163.0,semi_sickled,186,187,46.75,0.010403906874125823,0.010504812002182007,0.015114817768335342,0.003647183417342603,0.0024420719128102064,0.004852294921875,True,True,True,True,0.05
163.0,semi_sickled,187,188,47.0,0.020115019276272506,0.032037198543548584,0.016306348145008087,0.006371672032400966,0.005174984689801931,0.007568359375,True,True,True,True,0.05
164.0,final_sickled,256,257,64.25,0.013039830315392464,0.011875778436660767,0.020493371412158012,0.004467355785891414,0.004753803368657827,0.004180908203125,True,True,True,True,0.05
164.0,final_sickled,257,258,64.5,0.031187154608778654,0.05460764467716217,0.021107761189341545,0.007825521286576986,0.010859782807528973,0.004791259765625,True,False,True,True,0.05
164.0,final_sickled,258,259,64.75,0.013064550992567092,0.012653067708015442,0.017870718613266945,0.006994289578869939,0.007732475642114878,0.006256103515625,True,True,True,True,0.05
164.0,final_sickled,259,260,65.0,0.019937317655421793,0.04400263726711273,0.0030704170931130648,0.005046467063948512,0.005667885299772024,0.004425048828125,True,True,True,True,0.05
164.0,final_sickled,260,261,65.25,0.022613269760040567,0.049915164709091187,0.004600957501679659,0.004147475003264844,0.002801785944029689,0.0054931640625,True,True,True,True,0.05
164.0,final_sickled,261,262,65.5,0.024605374166276305,0.04681043326854706,0.01254232507199049,0.005965548334643245,0.0075976005755364895,0.00433349609375,True,True,True,True,0.05
164.0,final_sickled,262,263,65.75,0.02729448425816372,0.03438490629196167,0.0354326069355011,0.0045564372558146715,0.004352132324129343,0.0047607421875,True,True,True,True,0.05
164.0,final_sickled,263,264,66.0,0.0491709501715377,0.11430613696575165,0.005556376185268164,0.006015054881572723,0.0026917308568954468,0.00933837890625,True,False,True,True,0.05
164.0,final_sickled,264,265,66.25,0.009873751940904184,0.01777850091457367,0.0055574760772287846,0.0032689397921785712,0.0023569713812321424,0.004180908203125,True,True,True,True,0.05
164.0,final_sickled,265,266,66.5,0.012987454511368502,0.018244504928588867,,0.004576173843815923,0.0043916055001318455,0.0047607421875,True,True,,True,0.05
164.0,final_sickled,266,267,66.75,0.007086819754197046,0.009079188108444214,,0.003899030387401581,0.0023354142904281616,0.005462646484375,True,True,,True,0.05
164.0,final_sickled,267,268,67.0,0.016016990680677384,0.02332352101802826,,0.00432654214091599,0.00557080889120698,0.003082275390625,True,True,,True,0.05
164.0,final_sickled,268,269,67.25,0.031744623207487166,0.04951505362987518,,0.0033119345316663384,0.003236417891457677,0.003387451171875,True,True,,True,0.05
164.0,final_sickled,269,270,67.5,0.02628523512528493,0.03908051550388336,,0.005812786519527435,0.007475182414054871,0.004150390625,True,True,,True,0.05
165.0,final_sickled,112,113,28.25,0.03364080898463726,0.07101763784885406,0.0126003697514534,0.0032944977283477783,0.0023165345191955566,0.0042724609375,True,False,True,True,0.05
165.0,final_sickled,113,114,28.5,0.012684436701238156,0.027575485408306122,0.003096316009759903,0.0022821277379989624,0.0009021461009979248,0.003662109375,True,True,True,True,0.05
165.0,final_sickled,114,115,28.75,0.009526646422455088,0.01962645724415779,0.002788672922179103,0.0028001120081171393,0.0021822552662342787,0.00341796875,True,True,True,True,0.05
165.0,final_sickled,115,116,29.0,0.003384750732220709,0.00257217139005661,0.004334453027695417,0.0033552944660186768,0.0041776299476623535,0.002532958984375,True,True,True,True,0.05
165.0,final_sickled,116,117,29.25,0.005073922476731241,0.007684808224439621,0.0033083490561693907,0.0033683080691844225,0.004264692310243845,0.002471923828125,True,True,True,True,0.05
165.0,final_sickled,117,118,29.5,0.002134013397153467,0.0002964921295642853,0.0032738978043198586,0.0034782092552632093,0.005186398979276419,0.00177001953125,True,True,True,True,0.05
165.0,final_sickled,118,119,29.75,0.005325572635047138,0.007229160517454147,0.004858548287302256,0.0029336661100387573,0.004371970891952515,0.001495361328125,True,True,True,True,0.05
166.0,final_sickled,151,152,38.0,0.028267733240500092,0.060254596173763275,0.008781316690146923,0.0043697357177734375,0.001354217529296875,0.00738525390625,True,False,True,True,0.05
166.0,final_sickled,152,153,38.25,0.04270236330921762,0.09871397167444229,0.006361843552440405,0.003960517584346235,0.0023668359499424696,0.00555419921875,True,False,True,True,0.05
166.0,final_sickled,153,154,38.5,0.024614943726919594,0.04410894215106964,0.014792762696743011,0.007175599690526724,0.007911990396678448,0.006439208984375,True,True,True,True,0.05
166.0,final_sickled,154,155,38.75,0.024892828665906565,0.04541154205799103,0.016921784728765488,0.0032223487505689263,0.0020806838292628527,0.004364013671875,True,True,True,True,0.05
166.0,final_sickled,155,156,39.0,0.04435471615288407,0.039620429277420044,0.07510604709386826,0.008877711836248636,0.012842093594372272,0.004913330078125,True,True,False,True,0.05
166.0,final_sickled,156,157,39.25,0.010799654957372694,0.006464317440986633,0.01987111009657383,0.005036157788708806,0.005433643702417612,0.004638671875,True,True,True,True,0.05
166.0,final_sickled,157,158,39.5,0.02046630411641672,0.010184377431869507,0.04162180796265602,0.00729968142695725,0.007732907775789499,0.006866455078125,True,True,True,True,0.05
166.0,final_sickled,158,159,39.75,0.030326950177550317,0.0327945202589035,0.04439280927181244,0.006686635315418243,0.007422342896461487,0.005950927734375,True,True,True,True,0.05
168.0,semi_sickled,184,185,46.25,0.01912535990122706,0.029856659471988678,0.015267218463122845,0.007356678601354361,0.008884499780833721,0.005828857421875,True,True,True,True,0.05
168.0,semi_sickled,185,186,46.5,0.008844628505175933,0.004252344369888306,0.017161119729280472,0.004549195407889783,0.0024455587845295668,0.00665283203125,True,True,True,True,0.05
168.0,semi_sickled,186,187,46.75,0.017469736735802145,0.023337744176387787,0.02020173706114292,0.004256124375388026,0.0039956471882760525,0.0045166015625,True,True,True,True,0.05
168.0,semi_sickled,187,188,47.0,0.011053719720803202,0.02277316525578499,0.002292305463925004,0.004568586824461818,0.0055055818520486355,0.003631591796875,True,True,True,True,0.05
168.0,semi_sickled,188,189,47.25,0.0056772456940962,0.010917671024799347,0.002074240241199732,0.002336772799026221,0.001469199894927442,0.003204345703125,True,True,True,True,0.05
168.0,semi_sickled,189,190,47.5,0.008929695791448467,0.01727878674864769,0.003988776821643114,0.0024884368176572025,0.001711492775939405,0.003265380859375,True,True,True,True,0.05
169.0,semi_sickled,318,319,79.75,0.018808684637770058,0.031500495970249176,0.014043320901691914,0.005173295736312866,0.006623446941375732,0.00372314453125,True,True,True,True,0.05
169.0,semi_sickled,319,320,80.0,0.0019966352556366473,0.0005477666854858398,0.0020986958406865597,0.004171940148808062,0.002759163500741124,0.005584716796875,True,True,True,True,0.05
169.0,semi_sickled,320,321,80.25,0.00232821625249926,0.0013878419995307922,0.0032232601661235094,0.0025797535781748593,0.0013448098907247186,0.003814697265625,True,True,True,True,0.05
169.0,semi_sickled,321,322,80.5,0.013140986740472727,0.030961163341999054,0.0,0.0030260856146924198,0.0019017806043848395,0.004150390625,True,True,True,True,0.05
169.0,semi_sickled,322,323,80.75,0.002935209311544895,0.0006320998072624207,0.00449848547577858,0.004431597888469696,0.005536779761314392,0.003326416015625,True,True,True,True,0.05
169.0,semi_sickled,323,324,81.0,0.008241570822428912,0.01414046436548233,0.004520375747233629,0.004013014258816838,0.0041808136738836765,0.00384521484375,True,True,True,True,0.05
170.0,final_sickled,387,388,97.0,0.0284142603399232,0.039068058133125305,0.030434275045990944,0.008540163282305002,0.008382816798985004,0.008697509765625,True,True,True,True,0.05
170.0,final_sickled,388,389,97.25,0.03287067434284836,0.07174435257911682,0.004056542180478573,0.011012574192136526,0.013999025337398052,0.008026123046875,True,False,True,True,0.05
170.0,final_sickled,389,390,97.5,0.024393152445554733,0.047482043504714966,0.011591404676437378,0.005373373627662659,0.006779462099075317,0.00396728515625,True,True,True,True,0.05
170.0,final_sickled,390,391,97.75,0.008761055115610362,0.01509605348110199,0.004300309345126152,0.004870101809501648,0.006444305181503296,0.0032958984375,True,True,True,True,0.05
170.0,final_sickled,391,392,98.0,0.0353519314492587,0.06469845771789551,0.023936929181218147,0.004378492594696581,0.0022872586268931627,0.0064697265625,True,False,True,True,0.05
170.0,final_sickled,392,393,98.25,0.01711086857249029,0.03733779489994049,0.004337184596806765,0.0026309440145269036,0.0030341048259288073,0.002227783203125,True,True,True,True,0.05
170.0,final_sickled,393,394,98.5,0.01192685718415305,0.0030252784490585327,0.02671719528734684,0.0054629098158329725,0.006012489553540945,0.004913330078125,True,True,True,True,0.05
170.0,final_sickled,394,395,98.75,0.04281060493085533,0.08208677172660828,0.02376435697078705,0.006633485201746225,0.00920813251286745,0.004058837890625,True,False,True,True,0.05
170.0,final_sickled,395,396,99.0,0.0027827835874632,0.00201454758644104,0.002289173658937216,0.004703015089035034,0.005621850490570068,0.0037841796875,True,True,True,True,0.05
170.0,final_sickled,396,397,99.25,0.031102180999005212,0.059893205761909485,0.018308306112885475,0.0029479662189260125,0.002447446109727025,0.003448486328125,True,False,True,True,0.05
170.0,final_sickled,397,398,99.5,0.016675684868823735,0.009894177317619324,0.033380210399627686,0.00413976120762527,0.00437327241525054,0.00390625,True,True,True,True,0.05
170.0,final_sickled,398,399,99.75,0.01232270422624424,0.007757529616355896,0.022724568843841553,0.005064373137429357,0.004482994321733713,0.005645751953125,True,True,True,True,0.05
170.0,final_sickled,399,400,100.0,0.03203739110031165,0.05645616352558136,0.0238905381411314,0.00437294936273247,0.00313066435046494,0.005615234375,True,False,True,True,0.05
170.0,final_sickled,400,401,100.25,0.02281226860359311,0.032351210713386536,0.01947062276303768,0.012228265404701233,0.016247302293777466,0.008209228515625,True,True,True,True,0.05
170.0,final_sickled,401,402,100.5,0.019085107534192503,0.030575528740882874,0.014103233814239502,0.00767505681142211,0.01055885385721922,0.004791259765625,True,True,True,True,0.05
170.0,final_sickled,402,403,100.75,0.020273232617182658,0.04408562183380127,0.005277815740555525,0.0031669934978708625,0.003556887386366725,0.002777099609375,True,True,True,True,0.05
170.0,final_sickled,403,404,101.0,0.04081291810143739,0.07385620474815369,0.02555188350379467,0.009309107903391123,0.008547415025532246,0.01007080078125,True,False,True,True,0.05
170.0,final_sickled,404,405,101.25,0.05176040048245341,0.06935016810894012,0.0595075897872448,0.012770707253366709,0.014433016069233418,0.0111083984375,False,False,False,True,0.05
170.0,final_sickled,405,406,101.5,0.04467006964259781,0.06806711852550507,0.045312490314245224,0.006335402489639819,0.0035460491199046373,0.009124755859375,True,False,True,True,0.05
170.0,final_sickled,406,407,101.75,0.01497922562994063,0.022866815328598022,0.011368858627974987,0.007413595914840698,0.0063127875328063965,0.008514404296875,True,True,True,True,0.05
170.0,final_sickled,407,408,102.0,0.016115567123051733,0.023851439356803894,0.015393582172691822,0.00474895047955215,0.0062935552559792995,0.003204345703125,True,True,True,True,0.05
170.0,final_sickled,408,409,102.25,0.014443714590743183,0.02294386923313141,0.013043656013906002,0.0028035491704940796,0.0010904967784881592,0.0045166015625,True,True,True,True,0.05
170.0,final_sickled,409,410,102.5,0.03471903948811814,0.06700721383094788,0.018979882821440697,0.005092779872938991,0.005546887870877981,0.004638671875,True,False,True,True,0.05
170.0,final_sickled,410,411,102.75,0.022406986757414416,0.050881609320640564,0.004166543949395418,0.002384210587479174,0.0023270149249583483,0.00244140625,True,False,True,True,0.05
170.0,final_sickled,411,412,103.0,0.06076383128529415,0.14846645295619965,0.0016721702413633466,0.0031679620733484626,0.003497789381071925,0.002838134765625,False,False,True,True,0.05
170.0,final_sickled,412,413,103.25,0.026799020217731596,0.06142476201057434,0.00426099356263876,0.0029510706663131714,0.0036743581295013428,0.002227783203125,True,False,True,True,0.05
170.0,final_sickled,413,414,103.5,0.016992732670041734,0.0318073034286499,0.010401437059044838,0.002517233311664313,0.0010671814670786262,0.00396728515625,True,True,True,True,0.05
170.0,final_sickled,414,415,103.75,0.006053756736218929,0.0037107616662979126,0.011529911309480667,0.002135932445526123,0.0008233785629272461,0.003448486328125,True,True,True,True,0.05
170.0,final_sickled,415,416,104.0,0.025765504589071498,0.050372496247291565,0.013085593469440937,0.0041461935034021735,0.003073881147429347,0.005218505859375,True,False,True,True,0.05
170.0,final_sickled,416,417,104.25,0.0388059809076367,0.0886523574590683,0.00790309812873602,0.0023158143158070743,0.0010305544128641486,0.00360107421875,True,False,True,True,0.05
170.0,final_sickled,417,418,104.5,0.015540327969938516,0.02331787347793579,0.016124455258250237,0.0022784769535064697,0.0016577839851379395,0.002899169921875,True,True,True,True,0.05
170.0,final_sickled,418,419,104.75,0.014421580161433667,0.014417365193367004,0.02148623950779438,0.0045378010254353285,0.004497965332120657,0.00457763671875,True,True,True,True,0.05
170.0,final_sickled,419,420,105.0,0.019871371382032522,0.04359014332294464,0.005304146092385054,0.0023154516820795834,0.0014875928172841668,0.003143310546875,True,True,True,True,0.05
170.0,final_sickled,420,421,105.25,0.01195469421800226,0.02649940550327301,0.00159604346845299,0.0031852672109380364,0.003440846921876073,0.0029296875,True,True,True,True,0.05
170.0,final_sickled,421,422,105.5,0.009865120274480433,0.020092695951461792,0.0027306759729981422,0.0034892212133854628,0.0045065185986459255,0.002471923828125,True,True,True,True,0.05
170.0,final_sickled,422,423,105.75,0.013929157724487596,0.02571207284927368,0.008935538120567799,0.0020675609703175724,0.0018463035812601447,0.002288818359375,True,True,True,True,0.05
171.0,semi_sickled,252,253,63.25,0.010497576411580667,0.022013694047927856,0.002599498489871621,0.0031290972838178277,0.0034505773801356554,0.0028076171875,True,True,True,True,0.05
171.0,semi_sickled,253,254,63.5,0.003986409294884652,0.00046384334564208984,0.005918024107813835,0.006918254075571895,0.006268148776143789,0.007568359375,True,True,True,True,0.05
171.0,semi_sickled,254,255,63.75,0.014508624601876362,0.019687414169311523,0.016689656302332878,0.0031691169133409858,0.0031033705454319715,0.00323486328125,True,True,True,True,0.05
171.0,semi_sickled,255,256,64.0,0.017086836416274308,0.025137901306152344,0.015820851549506187,0.005977511405944824,0.008292913436889648,0.003662109375,True,True,True,True,0.05
171.0,semi_sickled,256,257,64.25,0.01881082314066589,0.03370051085948944,0.011037998832762241,0.005869276821613312,0.0064284950494766235,0.00531005859375,True,True,True,True,0.05
171.0,semi_sickled,257,258,64.5,0.009386274311691522,0.0010340511798858643,0.021013787016272545,0.006471313536167145,0.00836499035358429,0.00457763671875,True,True,True,True,0.05
173.0,semi_sickled,259,260,65.0,0.013811631419230253,0.01822725683450699,0.014385942369699478,0.005942595424130559,0.004866147879511118,0.00701904296875,True,True,True,True,0.05
173.0,semi_sickled,260,261,65.25,0.007911432714900002,0.0046576038002967834,0.015226728282868862,0.002876145183108747,0.002792085288092494,0.002960205078125,True,True,True,True,0.05
173.0,semi_sickled,261,262,65.5,0.03415656391298399,0.07810203731060028,0.0044496632181108,0.005433467449620366,0.004427725914865732,0.006439208984375,True,False,True,True,0.05
173.0,semi_sickled,262,263,65.75,0.017604898323770612,0.03963001072406769,0.0030540984589606524,0.002735838294029236,0.0026030242443084717,0.00286865234375,True,True,True,True,0.05
173.0,semi_sickled,263,264,66.0,0.02312353629677091,0.05344083905220032,0.002743407851085067,0.0031480317120440304,0.0015353212365880609,0.0047607421875,True,False,True,True,0.05
173.0,semi_sickled,264,265,66.25,0.004124324425356462,0.0029925256967544556,0.005975150037556887,0.00334404653403908,0.0029954661149531603,0.003692626953125,True,True,True,True,0.05
173.0,semi_sickled,265,266,66.5,0.004392362904036417,0.00475388765335083,0.005576828494668007,0.0021556714782491326,0.0020530421752482653,0.00225830078125,True,True,True,True,0.05
173.0,semi_sickled,266,267,66.75,0.007133712869836018,0.014061391353607178,0.0016547959530726075,0.003719910979270935,0.00490686297416687,0.002532958984375,True,True,True,True,0.05
173.0,semi_sickled,267,268,67.0,0.02366772498935461,0.044103965163230896,0.013298805803060532,0.005486227571964264,0.006516888737678528,0.00445556640625,True,True,True,True,0.05
173.0,semi_sickled,268,269,67.25,0.013911773265863304,0.03303506225347519,0.0003121055488009006,0.002354045689571649,0.0016563335666432977,0.0030517578125,True,True,True,True,0.05
173.0,semi_sickled,269,270,67.5,0.022836610372178257,0.052461735904216766,0.0025453923735767603,0.0038441147189587355,0.004148190375417471,0.0035400390625,True,False,True,True,0.05
173.0,semi_sickled,270,271,67.75,0.005789776763413102,0.00832587480545044,0.0038005681708455086,0.004516911925747991,0.004425669554620981,0.004608154296875,True,True,True,True,0.05
173.0,semi_sickled,271,272,68.0,0.003200281708268449,0.003232419490814209,0.003059235168620944,0.003346326411701739,0.0025727797765284777,0.004119873046875,True,True,True,True,0.05
173.0,semi_sickled,272,273,68.25,0.006052404647925868,0.010326951742172241,0.003471878357231617,0.002825866104103625,0.0025694568175822496,0.003082275390625,True,True,True,True,0.05
173.0,semi_sickled,273,274,68.5,0.003582458320306614,0.003967970609664917,0.0036948269698768854,0.0028083225479349494,0.002137641189619899,0.00347900390625,True,True,True,True,0.05
173.0,semi_sickled,274,275,68.75,0.037183821585495026,0.07584455609321594,0.016274692490696907,0.004599427105858922,0.006482789758592844,0.002716064453125,True,False,True,True,0.05
173.0,semi_sickled,275,276,69.0,0.02002199553826358,0.04667763411998749,0.00016276357928290963,0.005175898550078273,0.006842275615781546,0.003509521484375,True,True,True,True,0.05
173.0,semi_sickled,276,277,69.25,0.02849630343262106,0.06915244460105896,0.0008888454758562148,0.0020969187025912106,0.0016608784208074212,0.002532958984375,True,False,True,True,0.05
173.0,semi_sickled,277,278,69.5,0.012612150755012408,0.014589875936508179,0.01764594204723835,0.0024004826555028558,0.0030309457797557116,0.00177001953125,True,True,True,True,0.05
173.0,semi_sickled,278,279,69.75,0.016017650521826,0.022143423557281494,0.017487626522779465,0.004158447263762355,0.00538720702752471,0.0029296875,True,True,True,True,0.05
173.0,semi_sickled,279,280,70.0,0.022370736647280863,0.03971080482006073,0.01635660044848919,0.003046418249141425,0.0018508931389078498,0.004241943359375,True,True,True,True,0.05
173.0,semi_sickled,280,281,70.25,0.026854128390550614,0.0658702403306961,0.0,0.002024129033088684,0.002522379159927368,0.00152587890625,True,False,True,True,0.05
173.0,semi_sickled,281,282,70.5,0.019000681687612087,0.03084506094455719,0.015954328700900078,0.004314569057896733,0.006676013115793467,0.001953125,True,True,True,True,0.05
173.0,semi_sickled,282,283,70.75,0.023044845578260722,0.035209715366363525,0.019619183614850044,0.008376980666071177,0.014373590238392353,0.00238037109375,True,True,True,True,0.05
173.0,semi_sickled,283,284,71.0,0.04543182493653149,0.08945651352405548,0.022461220622062683,0.007151169236749411,0.008381928317248821,0.00592041015625,True,False,True,True,0.05
173.0,semi_sickled,284,285,71.25,0.04085875665768981,0.08572971820831299,0.017057599499821663,0.00238683819770813,0.0018439888954162598,0.0029296875,True,False,True,True,0.05
173.0,semi_sickled,285,286,71.5,0.009971072350163012,0.007482856512069702,0.017589760944247246,0.0032860536593943834,0.004741052631288767,0.0018310546875,True,True,True,True,0.05
173.0,semi_sickled,286,287,71.75,0.015514379320666193,0.027354463934898376,0.01148731354624033,0.002208136022090912,0.0023715943098068237,0.002044677734375,True,True,True,True,0.05
173.0,semi_sickled,287,288,72.0,0.028122804383747278,0.04888924956321716,0.019743243232369423,0.0066278777085244656,0.009563128463923931,0.003692626953125,True,True,True,True,0.05
173.0,semi_sickled,288,289,72.25,0.007248524657916277,0.0023405253887176514,0.014370087534189224,0.0051311354618519545,0.006661196704953909,0.00360107421875,True,True,True,True,0.05
173.0,semi_sickled,289,290,72.5,0.007940942235291005,0.00283244252204895,0.017243344336748123,0.003091178834438324,0.003344222903251648,0.002838134765625,True,True,True,True,0.05
173.0,semi_sickled,290,291,72.75,0.007454654714092612,0.002634704113006592,0.015346710570156574,0.004117697477340698,0.0048479437828063965,0.003387451171875,True,True,True,True,0.05
174.0,final_sickled,114,115,28.75,0.006238076335284859,0.004502087831497192,0.008550797589123249,0.005777848185971379,0.0067339190281927586,0.00482177734375,True,True,True,True,0.05
174.0,final_sickled,115,116,29.0,0.0077321282704360785,0.01343381404876709,0.0036275573074817657,0.0043558303732424974,0.004347647074609995,0.004364013671875,True,True,True,True,0.05
174.0,final_sickled,116,117,29.25,0.015079868145403453,0.032697856426239014,0.003690127283334732,0.002836724102962762,0.0018892685184255242,0.0037841796875,True,True,True,True,0.05
174.0,final_sickled,117,118,29.5,0.052669005969073625,0.11756522953510284,0.012828256003558636,0.004612098215147853,0.004493971820920706,0.004730224609375,False,False,True,True,0.05
174.0,final_sickled,118,119,29.75,0.023503592202905564,0.05280107259750366,0.003368838457390666,0.00481627881526947,0.00694701075553894,0.002685546875,True,False,True,True,0.05
174.0,final_sickled,119,120,30.0,0.014137758861761541,0.03058072179555893,0.003094053128734231,0.00329020619392395,0.0023689866065979004,0.00421142578125,True,True,True,True,0.05
174.0,final_sickled,120,121,30.25,0.015555519505869597,0.01855185627937317,0.019735299050807953,0.0049096893053501844,0.005668987985700369,0.004150390625,True,True,True,True,0.05
174.0,final_sickled,121,122,30.5,0.0064328031614422805,0.007947936654090881,0.006092991679906845,0.004484325647354126,0.006313621997833252,0.002655029296875,True,True,True,True,0.05
174.0,final_sickled,122,123,30.75,0.006656793295405805,0.00562499463558197,0.0063467323780059814,0.008741756435483694,0.011196891777217388,0.00628662109375,True,True,True,True,0.05
174.0,final_sickled,123,124,31.0,0.003948795556789264,0.00785055011510849,0.0,0.0032343020429834723,0.0019825201015919447,0.004486083984375,True,True,True,True,0.05
174.0,final_sickled,124,125,31.25,0.007297839876264334,0.012091927230358124,0.002854986349120736,0.005847295047715306,0.0076662697829306126,0.0040283203125,True,True,True,True,0.05
176.0,semi_sickled,422,423,105.75,0.01298778454947751,0.02659672498703003,0.005581177771091461,0.001582729339133948,0.0010292282095178962,0.00213623046875,True,True,True,True,0.05
176.0,semi_sickled,423,424,106.0,0.01687046099686995,0.027951225638389587,0.01234367024153471,0.005478744627907872,0.005922088865190744,0.005035400390625,True,True,True,True,0.05
176.0,semi_sickled,424,425,106.25,0.014599416550481692,0.01520596444606781,0.021773064509034157,0.003585832775570452,0.0032654155511409044,0.00390625,True,True,True,True,0.05
176.0,semi_sickled,425,426,106.5,0.025699077476747333,0.040140822529792786,0.021660422906279564,0.00824640179052949,0.009962041862308979,0.00653076171875,True,True,True,True,0.05
176.0,semi_sickled,426,427,106.75,0.009370708698406815,0.020870283246040344,0.0012213243171572685,0.0023805275559425354,0.0007022172212600708,0.004058837890625,True,True,True,True,0.05
176.0,semi_sickled,427,428,107.0,0.015888809971511365,0.03163829445838928,0.005556371062994003,0.005155049264431,0.0042065829038619995,0.006103515625,True,True,True,True,0.05
177.0,semi_sickled,317,318,79.5,0.007169931216049008,0.009451359510421753,0.00837423000484705,0.001833627640735358,0.001622577547095716,0.002044677734375,True,True,True,True,0.05
177.0,semi_sickled,318,319,79.75,0.005362976482138038,0.004173576831817627,0.007888798601925373,0.0037298649549484253,0.0036755502223968506,0.0037841796875,True,True,True,True,0.05
177.0,semi_sickled,319,320,80.0,0.010425013821804895,0.00310661643743515,0.02279738523066044,0.00481312966439873,0.0035227437037974596,0.006103515625,True,True,True,True,0.05
177.0,semi_sickled,320,321,80.25,0.012220086762681603,0.015088535845279694,0.015166054479777813,0.003506213426589966,0.0036554932594299316,0.00335693359375,True,True,True,True,0.05
177.0,semi_sickled,321,322,80.5,0.008087992202490568,0.0021836087107658386,0.017830507829785347,0.003895483911037445,0.00278608500957489,0.0050048828125,True,True,True,True,0.05
177.0,semi_sickled,322,323,80.75,0.017697933223098518,0.017182156443595886,0.026856834068894386,0.005700714886188507,0.004901185631752014,0.006500244140625,True,True,True,True,0.05
178.0,semi_sickled,200,201,50.25,0.026334798347670586,0.04464055597782135,0.020792612805962563,0.004804645897820592,0.004787514451891184,0.00482177734375,True,True,True,True,0.05
178.0,semi_sickled,201,202,50.5,0.003632746177027002,0.0035693198442459106,0.003910771571099758,0.0033449927577748895,0.002509077312424779,0.004180908203125,True,True,True,True,0.05
178.0,semi_sickled,202,203,50.75,0.033686708309687674,0.07876424491405487,0.0027712949085980654,0.004844228504225612,0.005110820289701223,0.00457763671875,True,False,True,True,0.05
178.0,semi_sickled,203,204,51.0,0.0300439155776985,0.06673568487167358,0.005896296352148056,0.005143751623108983,0.004916409496217966,0.00537109375,True,False,True,True,0.05
178.0,semi_sickled,204,205,51.25,0.05095294192433358,0.10796689987182617,0.01590876281261444,0.008792459964752197,0.011603474617004395,0.0059814453125,False,False,True,True,0.05
178.0,semi_sickled,205,206,51.5,0.03907147743739188,0.08507132530212402,0.010240736417472363,0.005834758281707764,0.008526206016540527,0.003143310546875,True,False,True,True,0.05
178.0,semi_sickled,206,207,51.75,0.040164459135849026,0.08203387260437012,0.017017068341374397,0.005579744698479772,0.005513737443834543,0.005645751953125,True,False,True,True,0.05
178.0,semi_sickled,207,208,52.0,0.013376419339329005,0.013472691178321838,0.016983268782496452,0.008172795176506042,0.011371225118637085,0.004974365234375,True,True,True,True,0.05
178.0,semi_sickled,208,209,52.25,0.031159154151100668,0.057710692286491394,0.01895625703036785,0.005760749103501439,0.006241957191377878,0.005279541015625,True,False,True,True,0.05
178.0,semi_sickled,209,210,52.5,0.03605556524707936,0.07814789563417435,0.011116291396319866,0.0036228200187906623,0.0023017923813313246,0.00494384765625,True,False,True,True,0.05
178.0,semi_sickled,210,211,52.75,0.013883074629120529,0.027801834046840668,0.006212903652340174,0.0023512989282608032,0.0012235939502716064,0.00347900390625,True,True,True,True,0.05
178.0,semi_sickled,211,212,53.0,0.018523200321942566,0.019419774413108826,0.027388369664549828,0.004677444696426392,0.003648102283477783,0.005706787109375,True,True,True,True,0.05
178.0,semi_sickled,212,213,53.25,0.009433476155390962,0.008113853633403778,0.01495226938277483,0.003818561672233045,0.00309000420384109,0.004547119140625,True,True,True,True,0.05
178.0,semi_sickled,213,214,53.5,0.0036174044536892323,0.004675082862377167,0.002977050608024001,0.0028216143837198615,0.002591470954939723,0.0030517578125,True,True,True,True,0.05
178.0,semi_sickled,214,215,53.75,0.017151251874747687,0.025209426879882812,0.01821194216609001,0.002773205458652228,0.0015486081829294562,0.003997802734375,True,True,True,True,0.05
178.0,semi_sickled,215,216,54.0,0.01940492111025378,0.03076377511024475,0.01659381575882435,0.005166302202269435,0.00429012393578887,0.00604248046875,True,True,True,True,0.05
180.0,semi_sickled,375,376,94.0,0.02217230899259448,0.039376646280288696,0.01609586365520954,0.00315239280462265,0.0016966313123703003,0.004608154296875,True,True,True,True,0.05
180.0,semi_sickled,376,377,94.25,0.02933329226798378,0.06642971932888031,0.005087230354547501,0.00392349564936012,0.0036660830955952406,0.004180908203125,True,False,True,True,0.05
180.0,semi_sickled,377,378,94.5,0.00344112254679203,0.002423316240310669,0.004129640758037567,0.004105687141418457,0.005312204360961914,0.002899169921875,True,True,True,True,0.05
180.0,semi_sickled,378,379,94.75,0.004367047856794671,0.006769657135009766,0.0027705489192157984,0.002757971524260938,0.0022505621891468763,0.003265380859375,True,True,True,True,0.05
180.0,semi_sickled,379,380,95.0,0.012571258225943894,0.016492009162902832,0.014048854820430279,0.004229421494528651,0.0046136281453073025,0.00384521484375,True,True,True,True,0.05
180.0,semi_sickled,380,381,95.25,0.027901976002613085,0.05775532126426697,0.011126660741865635,0.003622064949013293,0.0032768447417765856,0.00396728515625,True,False,True,True,0.05
180.0,semi_sickled,381,382,95.5,0.019791455354425124,0.028301775455474854,0.022274890914559364,0.0026981334085576236,0.0012458761921152472,0.004150390625,True,True,True,True,0.05
180.0,semi_sickled,382,383,95.75,0.05291842344449833,0.11884358525276184,0.012337937951087952,0.004250844242051244,0.0049006142653524876,0.00360107421875,False,False,True,True,0.05
180.0,semi_sickled,383,384,96.0,0.03208234828198329,0.07625699043273926,0.002797222463414073,0.00240209698677063,0.0012946724891662598,0.003509521484375,True,False,True,True,0.05
180.0,semi_sickled,384,385,96.25,0.03080516951158643,0.07229835540056229,0.003166181966662407,0.003110654652118683,0.0022235065698623657,0.003997802734375,True,False,True,True,0.05
180.0,semi_sickled,385,386,96.5,0.018355234793853016,0.041966430842876434,0.003178589278832078,0.0018246248364448547,0.0015435367822647095,0.002105712890625,True,True,True,True,0.05
180.0,semi_sickled,386,387,96.75,0.01866268205922097,0.02998518943786621,0.014753594063222408,0.00601939344778657,0.00843771267682314,0.00360107421875,True,True,True,True,0.05
180.0,semi_sickled,387,388,97.0,0.010202829411718994,0.009438887238502502,0.015490938909351826,0.004021783592179418,0.004167834762483835,0.003875732421875,True,True,True,True,0.05
180.0,semi_sickled,388,389,97.25,0.006631526252022013,0.0018774718046188354,0.014616367407143116,0.003059235750697553,0.0036160300951451063,0.00250244140625,True,True,True,True,0.05
180.0,semi_sickled,389,390,97.5,0.02382622982840985,0.040411174297332764,0.017443163320422173,0.006226611789315939,0.008577491156756878,0.003875732421875,True,True,True,True,0.05
180.0,semi_sickled,390,391,97.75,0.007423668826231732,0.004988148808479309,0.013032878749072552,0.003467606962658465,0.00251016509719193,0.004425048828125,True,True,True,True,0.05
181.0,final_sickled,308,309,77.25,0.014133365987800062,0.03208119422197342,0.0014211259549483657,0.003213976859115064,0.0028879146557301283,0.0035400390625,True,True,True,True,0.05
181.0,final_sickled,309,310,77.5,0.009967731073265896,0.015504084527492523,0.008676022291183472,0.0029179578414186835,0.002234841464087367,0.00360107421875,True,True,True,True,0.05
181.0,final_sickled,310,311,77.75,0.008954148905468173,0.017633214592933655,0.004070653580129147,0.0019045372609980404,0.0014287034282460809,0.00238037109375,True,True,True,True,0.05
181.0,final_sickled,311,312,78.0,0.03277701607148629,0.07968077808618546,0.0009584819781593978,0.002276944578625262,0.0023566235322505236,0.002197265625,True,False,True,True,0.05
181.0,final_sickled,312,313,78.25,0.005616079038009047,0.0030011385679244995,0.01052145380526781,0.0029324591159820557,0.0023553967475891113,0.003509521484375,True,True,True,True,0.05
181.0,final_sickled,313,314,78.5,0.012148046831134707,0.015845805406570435,0.01383837591856718,0.0038651723880320787,0.0045565166510641575,0.003173828125,True,True,True,True,0.05
181.0,final_sickled,314,315,78.75,0.010134715767344461,0.023268267512321472,0.0004784604534506798,0.0026397904148325324,0.002532998798415065,0.00274658203125,True,True,True,True,0.05
181.0,final_sickled,315,316,79.0,0.004196242749458179,0.008909478783607483,0.0,0.002529804944060743,0.0026792387943714857,0.00238037109375,True,True,True,True,0.05
181.0,final_sickled,316,317,79.25,0.01458115074201487,0.023969098925590515,0.012122324667870998,0.0030027901520952582,0.0031979631166905165,0.0028076171875,True,True,True,True,0.05
181.0,final_sickled,317,318,79.5,0.016988174145808443,0.03786233812570572,0.002705399878323078,0.003585395752452314,0.002898330567404628,0.0042724609375,True,True,True,True,0.05
182.0,final_sickled,138,139,34.75,0.011783987190574406,0.002885878086090088,0.02614755369722843,0.005911968648433685,0.006971642374992371,0.004852294921875,True,True,True,True,0.05
182.0,final_sickled,139,140,35.0,0.016730095050297676,0.03632120415568352,0.004095782060176134,0.0030723586678504944,0.0028183013200759888,0.003326416015625,True,True,True,True,0.05
182.0,final_sickled,140,141,35.25,0.013364257290959358,0.031006038188934326,0.0,0.003847368061542511,0.002415195107460022,0.005279541015625,True,True,True,True,0.05
182.0,final_sickled,141,142,35.5,0.010231083910912275,0.0001529306173324585,0.02435636706650257,0.006580732762813568,0.009346768260002136,0.003814697265625,True,True,True,True,0.05
182.0,final_sickled,142,143,35.75,0.020433241873979567,0.031024014577269554,0.02001473307609558,0.004073917865753174,0.004241585731506348,0.00390625,True,True,True,True,0.05
182.0,final_sickled,143,144,36.0,0.011307819280773401,0.0015297401696443558,0.027411846444010735,0.004407107830047607,0.003504157066345215,0.00531005859375,True,True,True,True,0.05
183.0,final_sickled,224,225,56.25,0.023098657361697406,0.038430601358413696,0.018667329102754593,0.004771406529471278,0.005453457590192556,0.00408935546875,True,True,True,True,0.05
183.0,final_sickled,225,226,56.5,0.02554420622764155,0.04376382380723953,0.01784045435488224,0.007178070722147822,0.005933289881795645,0.0084228515625,True,True,True,True,0.05
183.0,final_sickled,226,227,56.75,0.009226543549448251,0.003501802682876587,0.017804739996790886,0.0063766539096832275,0.007321178913116455,0.00543212890625,True,True,True,True,0.05
183.0,final_sickled,227,228,57.0,0.047124168393202125,0.11026442050933838,0.0038071328308433294,0.006743614794686437,0.007048020604997873,0.006439208984375,True,False,True,True,0.05
183.0,final_sickled,228,229,57.25,0.023742724064504728,0.055307887494564056,0.002212321385741234,0.0033810263266786933,0.0028558026533573866,0.00390625,True,False,True,True,0.05
183.0,final_sickled,229,230,57.5,0.021781086456030607,0.031730301678180695,0.022101590409874916,0.005413636565208435,0.00640222430229187,0.004425048828125,True,True,True,True,0.05
183.0,final_sickled,230,231,57.75,0.015366813499713316,0.03124818205833435,0.005219748243689537,0.0041625151643529534,0.003869463922455907,0.00445556640625,True,True,True,True,0.05
183.0,final_sickled,231,232,58.0,0.007994784077163785,0.003775849938392639,0.014595565386116505,0.005503984866663814,0.004904454108327627,0.006103515625,True,True,True,True,0.05
183.0,final_sickled,232,233,58.25,0.0082340034248773,0.0037991702556610107,0.016562193632125854,0.00367027020547539,0.00361739587970078,0.00372314453125,True,True,True,True,0.05
183.0,final_sickled,233,234,58.5,0.025469061505282296,0.04618130624294281,0.017288172617554665,0.0037827143678441644,0.0024689931888133287,0.005096435546875,True,True,True,True,0.05
183.0,final_sickled,234,235,58.75,0.009018922224640846,0.002858854830265045,0.017555832862854004,0.006923355162143707,0.0067361146211624146,0.007110595703125,True,True,True,True,0.05
185.0,final_sickled,132,133,33.25,0.011064633983187378,0.018420323729515076,0.00600159028545022,0.006383791565895081,0.004283696413040161,0.00848388671875,True,True,True,True,0.05
185.0,final_sickled,133,134,33.5,0.013324766326695681,0.014920994639396667,0.015769442543387413,0.007348254323005676,0.010179907083511353,0.0045166015625,True,True,True,True,0.05
185.0,final_sickled,134,135,33.75,0.02140172051731497,0.03745757043361664,0.012871104292571545,0.007655223365873098,0.008901755325496197,0.00640869140625,True,True,True,True,0.05
185.0,final_sickled,135,136,34.0,0.018727748736273496,0.032143525779247284,0.013816162943840027,0.0041387255769222975,0.003974472638219595,0.004302978515625,True,True,True,True,0.05
185.0,final_sickled,136,137,34.25,0.01795340309618041,0.022233888506889343,0.021575430408120155,0.00603378820233047,0.00617768382653594,0.005889892578125,True,True,True,True,0.05
185.0,final_sickled,137,138,34.5,0.18034023670479654,0.34299319982528687,0.10153660178184509,0.030420584604144096,0.04356821998953819,0.01727294921875,False,False,False,True,0.05
185.0,final_sickled,138,139,34.75,0.018826051335781815,0.022553473711013794,0.024711275473237038,0.004622861742973328,0.004393428564071655,0.004852294921875,True,True,True,True,0.05
185.0,final_sickled,139,140,35.0,0.042591804265975954,0.08455966413021088,0.019746631383895874,0.007426470518112183,0.005117833614349365,0.009735107421875,True,False,True,True,0.05
185.0,final_sickled,140,141,35.25,0.017350512091070414,0.01975591480731964,0.024837983772158623,0.0030194073915481567,0.0017053186893463135,0.00433349609375,True,True,True,True,0.05
185.0,final_sickled,141,142,35.5,0.008870991758885793,0.015929386019706726,0.005623381584882736,0.002124215185176581,0.0011661549797281623,0.003082275390625,True,True,True,True,0.05
185.0,final_sickled,142,143,35.75,0.012632862385362388,0.02403925359249115,0.005910353735089302,0.003794148564338684,0.002247720956802368,0.005340576171875,True,True,True,True,0.05
185.0,final_sickled,143,144,36.0,0.026422111556166784,0.05829927325248718,0.006045423448085785,0.003946016193367541,0.0034364659804850817,0.00445556640625,True,False,True,True,0.05
185.0,final_sickled,144,145,36.25,0.016450892656575886,0.005790978670120239,0.036221131682395935,0.005828420398756862,0.004515727516263723,0.00714111328125,True,True,True,True,0.05
185.0,final_sickled,145,146,36.5,0.004310881951823831,0.00039333105087280273,0.008098865859210491,0.00527578592300415,0.004203915596008301,0.00634765625,True,True,True,True,0.05
185.0,final_sickled,146,147,36.75,0.02068992960266769,0.03869883716106415,0.011426121927797794,0.0048450082540512085,0.004044264554977417,0.005645751953125,True,True,True,True,0.05
185.0,final_sickled,147,148,37.0,0.0017028396425303072,0.001431584358215332,0.0,0.0045208235969766974,0.003151754615828395,0.005889892578125,True,True,True,True,0.05
185.0,final_sickled,148,149,37.25,0.012272155797109007,0.018477246165275574,0.012396377511322498,0.0021701008081436157,0.0015325844287872314,0.0028076171875,True,True,True,True,0.05
185.0,final_sickled,149,150,37.5,0.009817393019329757,0.010709613561630249,0.011627309024333954,0.005855957744643092,0.006920655723661184,0.004791259765625,True,True,True,True,0.05
186.0,semi_sickled,235,236,59.0,0.011291499086655676,0.011093445122241974,0.013981911353766918,0.007841808255761862,0.010556663386523724,0.005126953125,True,True,True,True,0.05
186.0,semi_sickled,236,237,59.25,0.00936290532699786,0.006638564169406891,0.016834666952490807,0.0032613849034532905,0.002341861603781581,0.004180908203125,True,True,True,True,0.05
186.0,semi_sickled,237,238,59.5,0.01882847829256207,0.043864376842975616,0.0016553918831050396,0.0028133615851402283,0.0019951313734054565,0.003631591796875,True,True,True,True,0.05
186.0,semi_sickled,238,239,59.75,0.012962364638224245,0.025876104831695557,0.00473389308899641,0.0038202404975891113,0.004771828651428223,0.00286865234375,True,True,True,True,0.05
186.0,semi_sickled,239,240,60.0,0.007264308293815702,0.012464001774787903,0.0030089106876403093,0.004902355372905731,0.004281029105186462,0.005523681640625,True,True,True,True,0.05
186.0,semi_sickled,240,241,60.25,0.02990994870197028,0.06875607371330261,0.005566249135881662,0.0018373280763626099,0.0015384256839752197,0.00213623046875,True,False,True,True,0.05
186.0,semi_sickled,241,242,60.5,0.04435726503143087,0.09580683708190918,0.013991099782288074,0.004550581099465489,0.005988369230180979,0.00311279296875,True,False,True,True,0.05
186.0,semi_sickled,242,243,60.75,0.035113566751533654,0.08542948961257935,0.0009623155929148197,0.0024198417959269136,0.0008723984356038272,0.00396728515625,True,False,True,True,0.05
186.0,semi_sickled,243,244,61.0,0.009473379468545318,0.01092103123664856,0.013385762460529804,0.0016798004508018494,0.0014980286359786987,0.001861572265625,True,True,True,True,0.05
186.0,semi_sickled,244,245,61.25,0.004825833544600755,0.00809738039970398,0.003220196580514312,0.0018392503261566162,0.0009014010429382324,0.002777099609375,True,True,True,True,0.05
186.0,semi_sickled,245,246,61.5,0.04684756151400507,0.10077455639839172,0.014100302942097187,0.00641053169965744,0.00848756730556488,0.00433349609375,True,False,True,True,0.05
186.0,semi_sickled,246,247,61.75,0.018141493579605598,0.042838022112846375,0.001027044840157032,0.002587276161648333,0.003221427323296666,0.001953125,True,True,True,True,0.05
186.0,semi_sickled,247,248,62.0,0.06392094772309065,0.14902833104133606,0.009380217641592026,0.004106156527996063,0.0042755454778671265,0.003936767578125,False,False,True,True,0.05
186.0,semi_sickled,248,249,62.25,0.02543853272800334,0.057964444160461426,0.004162071738392115,0.00318411982152611,0.0024619896430522203,0.00390625,True,False,True,True,0.05
186.0,semi_sickled,249,250,62.5,0.03082050522789359,0.059728607535362244,0.015643345192074776,0.005815565586090088,0.008457303047180176,0.003173828125,True,False,True,True,0.05
186.0,semi_sickled,250,251,62.75,0.006058829108951613,0.011104539036750793,0.00310201826505363,0.002125228405930102,0.0022057790774852037,0.002044677734375,True,True,True,True,0.05
186.0,semi_sickled,251,252,63.0,0.07147385549033061,0.16869792342185974,0.00834315549582243,0.004298326792195439,0.006094212178140879,0.00250244140625,False,False,True,True,0.05
186.0,semi_sickled,252,253,63.25,0.062269780132919554,0.13029427826404572,0.027215829119086266,0.0025061145424842834,0.002540305256843567,0.002471923828125,False,False,True,True,0.05
186.0,semi_sickled,253,254,63.5,0.008522189315408468,0.005493104457855225,0.016019271686673164,0.0028728097677230835,0.002999037504196167,0.00274658203125,True,True,True,True,0.05
186.0,semi_sickled,254,255,63.75,0.03403543702879688,0.0609671026468277,0.02627762220799923,0.0018057127890642732,0.0008953611250035465,0.002716064453125,True,False,True,True,0.05
186.0,semi_sickled,255,256,64.0,0.043113987252581865,0.04539862275123596,0.06874289363622665,0.0035781015176326036,0.004409621004015207,0.00274658203125,True,True,False,True,0.05
186.0,semi_sickled,256,257,64.25,0.0362287300900789,0.048403337597846985,0.04681681469082832,0.0019260396366007626,0.0016853312263265252,0.002166748046875,True,True,True,True,0.05
186.0,semi_sickled,257,258,64.5,0.029649138305103406,0.050884976983070374,0.02477399818599224,0.0024969925871118903,0.0022168855648487806,0.002777099609375,True,False,True,True,0.05
186.0,semi_sickled,258,259,64.75,0.03453166028484702,0.06268471479415894,0.025173159316182137,0.0025886744260787964,0.0027359426021575928,0.00244140625,True,False,True,True,0.05
186.0,semi_sickled,259,260,65.0,0.020652031619101764,0.04345858097076416,0.005907958373427391,0.004803255200386047,0.006096988916397095,0.003509521484375,True,True,True,True,0.05
186.0,semi_sickled,260,261,65.25,0.01967390617355704,0.03954373300075531,0.008472831919789314,0.0035636872053146362,0.0031600892543792725,0.00396728515625,True,True,True,True,0.05
186.0,semi_sickled,261,262,65.5,0.017376841913210227,0.036219432950019836,0.005810583475977182,0.0034214580664411187,0.0031502891797572374,0.003692626953125,True,True,True,True,0.05
186.0,semi_sickled,262,263,65.75,0.011246046383166685,0.020590350031852722,0.006798265501856804,0.002522053779102862,0.0027247716207057238,0.0023193359375,True,True,True,True,0.05
186.0,semi_sickled,263,264,66.0,0.011088093044236302,0.0161496102809906,0.01028627809137106,0.004112206399440765,0.006362840533256531,0.001861572265625,True,True,True,True,0.05
186.0,semi_sickled,264,265,66.25,0.017507641918928132,0.02835606038570404,0.016935626044869423,0.0009509945957688615,0.00028455755091272295,0.001617431640625,True,True,True,True,0.05
191.0,semi_sickled,272,273,68.25,0.012429621350020171,0.011161960661411285,0.019322114065289497,0.004808388650417328,0.007358476519584656,0.00225830078125,True,True,True,True,0.05
191.0,semi_sickled,273,274,68.5,0.016886591620277613,0.03079836815595627,0.009310539811849594,0.0052342216949909925,0.006958921905606985,0.003509521484375,True,True,True,True,0.05
191.0,semi_sickled,274,275,68.75,0.00736450917320326,0.004613034427165985,0.01238340511918068,0.004740414442494512,0.005574578884989023,0.00390625,True,True,True,True,0.05
191.0,semi_sickled,275,276,69.0,0.004089909564936533,0.005291007459163666,0.0028293151408433914,0.003932985127903521,0.002403323771432042,0.005462646484375,True,True,True,True,0.05
191.0,semi_sickled,276,277,69.25,0.008772261335980146,0.013875141739845276,0.006296403706073761,0.004073853371664882,0.004455079790204763,0.003692626953125,True,True,True,True,0.05
191.0,semi_sickled,277,278,69.5,0.008809415105497464,0.0031887516379356384,0.01902664266526699,0.0034983580699190497,0.0027242552023380995,0.0042724609375,True,True,True,True,0.05
192.0,semi_sickled,248,249,62.25,0.009547326568281278,0.003612518310546875,0.020352957770228386,0.003915136097930372,0.0030695300083607435,0.0047607421875,True,True,True,True,0.05
192.0,semi_sickled,249,250,62.5,0.015496555855497718,0.02231825888156891,0.013985184021294117,0.006697751581668854,0.008451655507087708,0.00494384765625,True,True,True,True,0.05
192.0,semi_sickled,250,251,62.75,0.016556162026245144,0.022246934473514557,0.017568545415997505,0.00603358936496079,0.004834512714296579,0.007232666015625,True,True,True,True,0.05
192.0,semi_sickled,251,252,63.0,0.04342938271001913,0.0950549766421318,0.012348965741693974,0.0043410161742940545,0.002334376098588109,0.00634765625,True,False,True,True,0.05
192.0,semi_sickled,252,253,63.25,0.15179038494825364,0.25731080770492554,0.12989147007465363,0.013616189360618591,0.018016070127487183,0.00921630859375,False,False,False,True,0.05
192.0,semi_sickled,253,254,63.5,0.034085615258663896,0.061723336577415466,0.023027369752526283,0.005346804857254028,0.006024420261383057,0.004669189453125,True,False,True,True,0.05
192.0,semi_sickled,254,255,63.75,0.0028707920006127096,0.0003356635570526123,0.0054384139366447926,0.0033323267998639494,0.0006526907091028988,0.006011962890625,True,True,True,True,0.05
192.0,semi_sickled,255,256,64.0,0.07249316808301956,0.1541164219379425,0.025937261059880257,0.007074231747537851,0.008228053338825703,0.00592041015625,False,False,True,True,0.05
192.0,semi_sickled,256,257,64.25,0.025422565918415786,0.04206123948097229,0.022298777475953102,0.0031739920377731323,0.0030520856380462646,0.0032958984375,True,True,True,True,0.05
192.0,semi_sickled,257,258,64.5,0.01014474873081781,0.018903255462646484,0.004815065301954746,0.003592694760300219,0.003584315301850438,0.00360107421875,True,True,True,True,0.05
192.0,semi_sickled,258,259,64.75,0.007189136627130211,0.01136140525341034,0.005302360747009516,0.0031549930572509766,0.003014087677001953,0.0032958984375,True,True,True,True,0.05
192.0,semi_sickled,259,260,65.0,0.047301364410668616,0.09244951605796814,0.02363382838666439,0.008198872208595276,0.011575967073440552,0.00482177734375,True,False,True,True,0.05
192.0,semi_sickled,260,261,65.25,0.024677715345751493,0.053298354148864746,0.006290942896157503,0.0046261746902018785,0.006933013442903757,0.0023193359375,True,False,True,True,0.05
192.0,semi_sickled,261,262,65.5,0.016941611526999623,0.029591545462608337,0.01145604345947504,0.004381512524560094,0.005772302392870188,0.00299072265625,True,True,True,True,0.05
192.0,semi_sickled,262,263,65.75,0.01342380650312407,0.031357645988464355,0.0014914219500496984,0.0014350017008837312,0.0007337729330174625,0.00213623046875,True,True,True,True,0.05
192.0,semi_sickled,263,264,66.0,0.02154178161872551,0.04502253234386444,0.007230639923363924,0.004008178832009435,0.004781494382768869,0.00323486328125,True,True,True,True,0.05
192.0,semi_sickled,264,265,66.25,0.02622643425129354,0.059346556663513184,0.004507546313107014,0.003640681505203247,0.004473745822906494,0.0028076171875,True,False,True,True,0.05
192.0,semi_sickled,265,266,66.5,0.014086141029838474,0.028072133660316467,0.004753264132887125,0.004774580476805568,0.0060091218911111355,0.0035400390625,True,True,True,True,0.05
192.0,semi_sickled,266,267,66.75,0.023437144048511983,0.03790290653705597,0.02034914121031761,0.004615128040313721,0.004805207252502441,0.004425048828125,True,True,True,True,0.05
192.0,semi_sickled,267,268,67.0,0.018939444236457346,0.013102710247039795,0.034374941140413284,0.006668522953987122,0.008026987314224243,0.00531005859375,True,True,True,True,0.05
192.0,semi_sickled,268,269,67.25,0.02335531887365505,0.035797059535980225,0.0216665118932724,0.005812863586470485,0.0059189400635659695,0.005706787109375,True,True,True,True,0.05
192.0,semi_sickled,269,270,67.5,0.011570386798121036,0.024370163679122925,0.0,0.007289285305887461,0.009634722955524921,0.00494384765625,True,True,True,True,0.05
192.0,semi_sickled,270,271,67.75,0.005655308882705867,0.005250722169876099,0.0055262241512537,0.006483366247266531,0.008938412182033062,0.0040283203125,True,True,True,True,0.05
193.0,final_sickled,172,173,43.25,0.05669447204563767,0.1085570901632309,0.03037571907043457,0.010560537222772837,0.011874248273670673,0.009246826171875,False,False,True,True,0.05
193.0,final_sickled,173,174,43.5,0.018080800643656404,0.03156878054141998,0.01079512108117342,0.006699984194710851,0.007204900030046701,0.006195068359375,True,True,True,True,0.05
193.0,final_sickled,174,175,43.75,0.03373700121883303,0.0725477784872055,0.007853079587221146,0.007877247873693705,0.00824717152863741,0.00750732421875,True,False,True,True,0.05
193.0,final_sickled,175,176,44.0,0.034110699605662376,0.058803483843803406,0.02399512566626072,0.008764048339799047,0.006450215820223093,0.011077880859375,True,False,True,True,0.05
193.0,final_sickled,176,177,44.25,0.017943389946594834,0.03110469877719879,0.00916664581745863,0.00917273759841919,0.008488297462463379,0.009857177734375,True,True,True,True,0.05
193.0,final_sickled,177,178,44.5,0.028023128036875275,0.045694828033447266,0.023136405274271965,0.006589819910004735,0.00695405388250947,0.0062255859375,True,True,True,True,0.05
193.0,final_sickled,178,179,44.75,0.02725803608773276,0.05891293287277222,0.007290946785360575,0.004564126254990697,0.004245440009981394,0.0048828125,True,False,True,True,0.05
193.0,final_sickled,179,180,45.0,0.05027532206149772,0.10351584851741791,0.021091977134346962,0.005947162630036473,0.0055771865881979465,0.006317138671875,False,False,True,True,0.05
193.0,final_sickled,180,181,45.25,0.010827280808007345,0.02114863693714142,0.003952896222472191,0.003937249421142042,0.0035715203266590834,0.004302978515625,True,True,True,True,0.05
193.0,final_sickled,181,182,45.5,0.0023600207758136095,8.657574653625488e-05,0.003933330997824669,0.003794898511841893,0.004202345851808786,0.003387451171875,True,True,True,True,0.05
193.0,final_sickled,182,183,45.75,0.028630790859460832,0.02913239598274231,0.0414765328168869,0.009844183921813965,0.01340174674987793,0.00628662109375,True,True,True,True,0.05
193.0,final_sickled,183,184,46.0,0.03413806110620499,0.05779629945755005,0.02635246515274048,0.007184714078903198,0.0072283148765563965,0.00714111328125,True,False,True,True,0.05
193.0,final_sickled,184,185,46.25,0.00881208637729287,0.013747885823249817,0.005007294937968254,0.006241515278816223,0.005616575479507446,0.006866455078125,True,True,True,True,0.05
193.0,final_sickled,185,186,46.5,0.01985735354246572,0.026680558919906616,0.023327333852648735,0.004082252504304051,0.005601028446108103,0.0025634765625,True,True,True,True,0.05
193.0,final_sickled,186,187,46.75,0.015477721288334578,0.014777541160583496,0.023258276283740997,0.005705232499167323,0.006893863435834646,0.0045166015625,True,True,True,True,0.05
193.0,final_sickled,187,188,47.0,0.01530499368091114,0.03186284750699997,0.004746329504996538,0.00359455740544945,0.0023063023108989,0.0048828125,True,True,True,True,0.05
193.0,final_sickled,188,189,47.25,0.027560587227344512,0.04458785802125931,0.025290846824645996,0.0034945905208587646,0.0030524134635925293,0.003936767578125,True,True,True,True,0.05
193.0,final_sickled,189,190,47.5,0.003792562824673951,0.003657296299934387,0.004606844391673803,0.0028689950704574585,0.002838820219039917,0.002899169921875,True,True,True,True,0.05
194.0,final_sickled,218,219,54.75,0.045295070856809616,0.08887960016727448,0.023923054337501526,0.005480647087097168,0.005040884017944336,0.00592041015625,True,False,True,True,0.05
194.0,final_sickled,219,220,55.0,0.01118848948390223,0.022161919623613358,0.0038186560850590467,0.003948768018744886,0.002282301662489772,0.005615234375,True,True,True,True,0.05
194.0,final_sickled,220,221,55.25,0.01032131467363797,0.003156851977109909,0.022530460730195045,0.004691650508902967,0.003066162345930934,0.006317138671875,True,True,True,True,0.05
194.0,final_sickled,221,222,55.5,0.011000945226987824,0.0148499496281147,0.011558747850358486,0.004061614512465894,0.0032709341030567884,0.004852294921875,True,True,True,True,0.05
194.0,final_sickled,222,223,55.75,0.009487828193232416,0.01303165778517723,0.0099946865811944,0.003108099102973938,0.002065807580947876,0.004150390625,True,True,True,True,0.05
194.0,final_sickled,223,224,56.0,0.01634567110450007,0.030012939125299454,0.009740210138261318,0.0037256876239553094,0.0030568439979106188,0.00439453125,True,True,True,True,0.05
194.0,final_sickled,224,225,56.25,0.004497664599330165,0.006948532536625862,0.0028681575786322355,0.002857585728634149,0.0017478863010182977,0.00396728515625,True,True,True,True,0.05
195.0,semi_sickled,251,252,63.0,0.03150675987126306,0.07297943532466888,0.0030492113437503576,0.0049910470843315125,0.004214271903038025,0.005767822265625,True,False,True,True,0.05
195.0,semi_sickled,252,253,63.25,0.06297248871997,0.13771922886371613,0.019088154658675194,0.004815772175788879,0.006091505289077759,0.0035400390625,False,False,True,True,0.05
195.0,semi_sickled,253,254,63.5,0.015790140701574275,0.0290677547454834,0.008866594173014164,0.004238923371303827,0.0015503565082326531,0.006927490234375,True,True,True,True,0.05
195.0,semi_sickled,254,255,63.75,0.01729709915816784,0.027275577187538147,0.012708470225334167,0.007755614817142487,0.011543944478034973,0.00396728515625,True,True,True,True,0.05
195.0,semi_sickled,255,256,64.0,0.026124711567536,0.05068939924240112,0.012825499288737774,0.005440108478069305,0.005142912268638611,0.0057373046875,True,False,True,True,0.05
195.0,semi_sickled,256,257,64.25,0.014149108866695315,0.020662762224674225,0.012381757609546185,0.0062015552539378405,0.007123569492250681,0.005279541015625,True,True,True,True,0.05
195.0,semi_sickled,257,258,64.5,0.053430114581715316,0.11757764965295792,0.013798139989376068,0.006278822897002101,0.004684110637754202,0.00787353515625,False,False,True,True,0.05
195.0,semi_sickled,258,259,64.75,0.014053605980006979,0.028135672211647034,0.00476754130795598,0.004522790550254285,0.0032472412567585707,0.00579833984375,True,True,True,True,0.05
195.0,semi_sickled,259,260,65.0,0.08611289503751322,0.18985521793365479,0.024561682716012,0.006296875653788447,0.005940919276326895,0.00665283203125,False,False,True,True,0.05
195.0,semi_sickled,260,261,65.25,0.013419723947299645,0.027887165546417236,0.004175340291112661,0.0032139545073732734,0.0027047644834965467,0.00372314453125,True,True,True,True,0.05
195.0,semi_sickled,261,262,65.5,0.04652834212756716,0.09628985822200775,0.019959308207035065,0.004106563865207136,0.0024147878866642714,0.00579833984375,True,False,True,True,0.05
195.0,semi_sickled,262,263,65.75,0.03129501068615355,0.0637010782957077,0.013508595526218414,0.00434628373477608,0.0036876846570521593,0.0050048828125,True,False,True,True,0.05
195.0,semi_sickled,263,264,66.0,0.02758670346811414,0.05065345764160156,0.016549764201045036,0.006131611764431,0.0053662508726119995,0.00689697265625,True,False,True,True,0.05
195.0,semi_sickled,264,265,66.25,0.022523432863818017,0.04727722704410553,0.008437287993729115,0.0026379649934824556,0.0005762229557149112,0.00469970703125,True,True,True,True,0.05
195.0,semi_sickled,265,266,66.5,0.0348500152118504,0.0810474157333374,0.002329992363229394,0.006462206365540624,0.007614354137331247,0.00531005859375,True,False,True,True,0.05
195.0,semi_sickled,266,267,66.75,0.02659335355856456,0.044784605503082275,0.021900257095694542,0.004057685495354235,0.0030189354438334703,0.005096435546875,True,True,True,True,0.05
195.0,semi_sickled,267,268,67.0,0.01241750568151474,0.004694506525993347,0.023954100906848907,0.008623071014881134,0.009128466248512268,0.00811767578125,True,True,True,True,0.05
195.0,semi_sickled,268,269,67.25,0.02064903042046353,0.029053092002868652,0.021818144246935844,0.005565772531554103,0.005180617328733206,0.005950927734375,True,True,True,True,0.05
195.0,semi_sickled,269,270,67.5,0.036926626294734886,0.06706851720809937,0.027280502021312714,0.0022041748161427677,0.0016312500229105353,0.002777099609375,True,False,True,True,0.05
195.0,semi_sickled,270,271,67.75,0.031501750822644684,0.07179968059062958,0.0053492882288992405,0.003638510825112462,0.003950605634599924,0.003326416015625,True,False,True,True,0.05
195.0,semi_sickled,271,272,68.0,0.0175513660768047,0.03657256066799164,0.004155940841883421,0.00587105005979538,0.00798843801021576,0.003753662109375,True,True,True,True,0.05
195.0,semi_sickled,272,273,68.25,0.03338784538209438,0.06831112504005432,0.012975886464118958,0.006087340414524078,0.008817747235298157,0.00335693359375,True,False,True,True,0.05
195.0,semi_sickled,273,274,68.5,0.006525592191610485,0.0014697760343551636,0.013586373068392277,0.004729804815724492,0.004332656506448984,0.005126953125,True,True,True,True,0.05
195.0,semi_sickled,274,275,68.75,0.008801711967680603,0.003981098532676697,0.01555944699794054,0.007053864421322942,0.0051660784520208836,0.008941650390625,True,True,True,True,0.05
195.0,semi_sickled,275,276,69.0,0.10622316038934515,0.2453157603740692,0.017818203195929527,0.007441940484568477,0.007040863391011953,0.007843017578125,False,False,True,True,0.05
195.0,semi_sickled,276,277,69.25,0.04593704850412905,0.09802096337080002,0.01525432150810957,0.005558602511882782,0.005074724555015564,0.00604248046875,True,False,True,True,0.05
195.0,semi_sickled,277,278,69.5,0.030709794850554317,0.0660349428653717,0.009158520959317684,0.0043613414745777845,0.003931423183530569,0.004791259765625,True,False,True,True,0.05
195.0,semi_sickled,278,279,69.75,0.01854474627180025,0.028225883841514587,0.017009761184453964,0.0052039052825421095,0.004212742205709219,0.006195068359375,True,True,True,True,0.05
195.0,semi_sickled,279,280,70.0,0.060211456852266566,0.14538484811782837,0.0024678772315382957,0.004775042296387255,0.0034465689677745104,0.006103515625,False,False,True,True,0.05
195.0,semi_sickled,280,281,70.25,0.021925565297715367,0.04885712265968323,0.004462818149477243,0.0032829195261001587,0.0035140812397003174,0.0030517578125,True,True,True,True,0.05
195.0,semi_sickled,281,282,70.5,0.04258592206751928,0.09976814687252045,0.0037907299119979143,0.0054076313972473145,0.006573319435119629,0.004241943359375,True,False,True,True,0.05
195.0,semi_sickled,282,283,70.75,0.029826737567782403,0.06534415483474731,0.00800718367099762,0.0035462453961372375,0.003674522042274475,0.00341796875,True,False,True,True,0.05
195.0,semi_sickled,283,284,71.0,0.026992827001959086,0.06171669065952301,0.0018322747200727463,0.006659418344497681,0.008222401142120361,0.005096435546875,True,False,True,True,0.05
195.0,semi_sickled,284,285,71.25,0.003467446757713333,0.004271209239959717,0.0018405849114060402,0.004459033370949328,0.003882666351273656,0.005035400390625,True,True,True,True,0.05
195.0,semi_sickled,285,286,71.5,0.030703648953931406,0.07065239548683167,0.004558958578854799,0.0033882210263982415,0.002687086584046483,0.00408935546875,True,False,True,True,0.05
195.0,semi_sickled,286,287,71.75,0.036033038329333064,0.06915731728076935,0.019979218021035194,0.005509540438652039,0.007387489080429077,0.003631591796875,True,False,True,True,0.05
195.0,semi_sickled,287,288,72.0,0.03912322334945202,0.07675719261169434,0.018500573933124542,0.007780581712722778,0.009610235691070557,0.005950927734375,True,False,True,True,0.05
195.0,semi_sickled,288,289,72.25,0.0133002797345398,0.023692801594734192,0.008895927108824253,0.0028383384342305362,0.0017704268684610724,0.00390625,True,True,True,True,0.05
195.0,semi_sickled,289,290,72.5,0.0405246242589783,0.09600292146205902,0.004048570524901152,0.0028258239617571235,0.003393347142264247,0.00225830078125,True,False,True,True,0.05
195.0,semi_sickled,290,291,72.75,0.02750765348901041,0.06263425946235657,0.004678346682339907,0.003266113460995257,0.002748047234490514,0.0037841796875,True,False,True,True,0.05
195.0,semi_sickled,291,292,73.0,0.019040871923789383,0.03681853413581848,0.010093425400555134,0.0031230375170707703,0.0026144832372665405,0.003631591796875,True,True,True,True,0.05
195.0,semi_sickled,292,293,73.25,0.06415975706186146,0.1493295431137085,0.007535971701145172,0.007161398883908987,0.010630170814692974,0.003692626953125,False,False,True,True,0.05
195.0,semi_sickled,293,294,73.5,0.003130947129102424,0.001314401626586914,0.00572747690603137,0.0024022782454267144,0.002668326022103429,0.00213623046875,True,True,True,True,0.05
195.0,semi_sickled,294,295,73.75,0.05718195955269039,0.12732629477977753,0.013592765666544437,0.005975894629955292,0.0060924142599105835,0.005859375,False,False,True,True,0.05
195.0,semi_sickled,295,296,74.0,0.049152613873593515,0.09793910384178162,0.023747744038701057,0.0066610476933419704,0.009873609058558941,0.003448486328125,True,False,True,True,0.05
195.0,semi_sickled,296,297,74.25,0.02711197074968368,0.05936473608016968,0.006279373075813055,0.004673182964324951,0.005073904991149902,0.0042724609375,True,False,True,True,0.05
195.0,semi_sickled,297,298,74.5,0.028322587517322972,0.06222158670425415,0.007253305520862341,0.0035811836132779717,0.0029509414453059435,0.00421142578125,True,False,True,True,0.05
195.0,semi_sickled,298,299,74.75,0.0066549720941111445,0.00404629111289978,0.0098499720916152,0.00635586166754365,0.0099041061475873,0.0028076171875,True,True,True,True,0.05
195.0,semi_sickled,299,300,75.0,0.008238422928843647,0.01374979317188263,0.0045853713527321815,0.004534502746537328,0.0055289664305746555,0.0035400390625,True,True,True,True,0.05
195.0,semi_sickled,300,301,75.25,0.019948989711701868,0.04544009268283844,0.003548417240381241,0.0021240264177322388,0.0005554258823394775,0.003692626953125,True,True,True,True,0.05
195.0,semi_sickled,301,302,75.5,0.010133885184768588,0.010711103677749634,0.012347775511443615,0.006110889138653874,0.006789649371057749,0.00543212890625,True,True,True,True,0.05
195.0,semi_sickled,302,303,75.75,0.019711031852057203,0.03891143202781677,0.008746505714952946,0.004340728162787855,0.0020591418724507093,0.006622314453125,True,True,True,True,0.05
195.0,semi_sickled,303,304,76.0,0.0973564631305635,0.22178378701210022,0.02207721211016178,0.0036636963486671448,0.0031770020723342896,0.004150390625,False,False,True,True,0.05
195.0,semi_sickled,304,305,76.25,0.06542105842381715,0.1339121013879776,0.03202063962817192,0.0025959759950637817,0.0020181238651275635,0.003173828125,False,False,True,True,0.05
195.0,semi_sickled,305,306,76.5,0.03686410848749802,0.04106992483139038,0.054458677768707275,0.005502405343577266,0.0052064708434045315,0.00579833984375,True,True,False,True,0.05
195.0,semi_sickled,306,307,76.75,0.018511698156362402,0.023555055260658264,0.02290133386850357,0.004296836792491376,0.003283614991232753,0.00531005859375,True,True,True,True,0.05
195.0,semi_sickled,307,308,77.0,0.03531953204073943,0.06964379549026489,0.018477534875273705,0.0039795065531507134,0.003137235762551427,0.00482177734375,True,False,True,True,0.05
195.0,semi_sickled,308,309,77.25,0.012136803515022622,0.020936012268066406,0.009060170501470566,0.00236535572912544,0.0029606919270008802,0.00177001953125,True,True,True,True,0.05
195.0,semi_sickled,309,310,77.5,0.02836405161942821,0.059569910168647766,0.011379974894225597,0.0022123853559605777,0.0014950832119211555,0.0029296875,True,False,True,True,0.05
195.0,semi_sickled,310,311,77.75,0.07089973204419948,0.16696082055568695,0.009947952814400196,0.002534481347538531,0.0026580740232020617,0.002410888671875,False,False,True,True,0.05
195.0,semi_sickled,311,312,78.0,0.023379092797404154,0.03210768103599548,0.026984572410583496,0.004365680157206953,0.003787512658163905,0.00494384765625,True,True,True,True,0.05
195.0,semi_sickled,312,313,78.25,0.01309634738136083,0.0199316143989563,0.009363499470055103,0.007385907229036093,0.011079187504947186,0.003692626953125,True,True,True,True,0.05
195.0,semi_sickled,313,314,78.5,0.015871586836874486,0.007695093750953674,0.03413977101445198,0.0033785179257392883,0.004590287804603577,0.002166748046875,True,True,True,True,0.05
195.0,semi_sickled,314,315,78.75,0.031020427308976646,0.028928011655807495,0.053127434104681015,0.0034184828400611877,0.0019846707582473755,0.004852294921875,True,True,False,True,0.05
195.0,semi_sickled,315,316,79.0,0.026031026733107865,0.04783032834529877,0.015655415132641792,0.005678000394254923,0.007907514460384846,0.003448486328125,True,True,True,True,0.05
195.0,semi_sickled,316,317,79.25,0.012813534715678542,0.017126545310020447,0.013295258395373821,0.005238304613158107,0.005166550632566214,0.00531005859375,True,True,True,True,0.05
196.0,final_sickled,156,157,39.25,0.004284726927289739,0.004366982728242874,0.0040308041498064995,0.004508609534241259,0.003493537427857518,0.005523681640625,True,True,True,True,0.05
196.0,final_sickled,157,158,39.5,0.003723354765679687,0.003454839810729027,0.004098314326256514,0.003628035308793187,0.003990689758211374,0.003265380859375,True,True,True,True,0.05
196.0,final_sickled,158,159,39.75,0.0042345489142462615,0.0030316393822431564,0.006753890309482813,0.002632126212120056,0.0017547309398651123,0.003509521484375,True,True,True,True,0.05
196.0,final_sickled,159,160,40.0,0.0023775326320901514,0.0027776453644037247,0.0005727331154048443,0.004264071583747864,0.0044082701206207275,0.004119873046875,True,True,True,True,0.05
196.0,final_sickled,160,161,40.25,0.012143286247737705,0.006879869848489761,0.022503813728690147,0.006060014013200998,0.008305330760776997,0.003814697265625,True,True,True,True,0.05
196.0,final_sickled,161,162,40.5,0.010324239160399883,0.0006238017231225967,0.025436388328671455,0.004687930224463344,0.005255987402051687,0.004119873046875,True,True,True,True,0.05
197.0,semi_sickled,255,256,64.0,0.017816960031632335,0.03278859704732895,0.010041463188827038,0.004748036386445165,0.004124979022890329,0.00537109375,True,True,True,True,0.05
197.0,semi_sickled,256,257,64.25,0.01961015128181316,0.04416313022375107,0.0030106650665402412,0.0035646656760945916,0.0035282571334391832,0.00360107421875,True,True,True,True,0.05
197.0,semi_sickled,257,258,64.5,0.013046781322918833,0.02722218632698059,0.0032576851081103086,0.004070868017151952,0.005212048534303904,0.0029296875,True,True,True,True,0.05
197.0,semi_sickled,258,259,64.75,0.027475540596060458,0.06559697538614273,0.0017915560165420175,0.002438823343254626,0.0026803810615092516,0.002197265625,True,False,True,True,0.05
197.0,semi_sickled,259,260,65.0,0.01093055897508748,0.023847118020057678,0.0016351233934983611,0.0032776743173599243,0.0018251240253448486,0.004730224609375,True,True,True,True,0.05
197.0,semi_sickled,260,261,65.25,0.005799673002911732,0.006171107292175293,0.006676123943179846,0.0039783468237146735,0.003867338178679347,0.00408935546875,True,True,True,True,0.05
197.0,semi_sickled,261,262,65.5,0.010130884172394872,0.01479627937078476,0.00936818029731512,0.0037340372800827026,0.0028599202632904053,0.004608154296875,True,True,True,True,0.05
197.0,semi_sickled,262,263,65.75,0.013407050189562144,0.029404185712337494,0.0024331598542630672,0.003175079822540283,0.0026270151138305664,0.00372314453125,True,True,True,True,0.05
197.0,semi_sickled,263,264,66.0,0.047368107212241745,0.10432013869285583,0.01333239022642374,0.0038948606234043837,0.004585375543683767,0.003204345703125,True,False,True,True,0.05
197.0,semi_sickled,264,265,66.25,0.00445923883235082,0.006062164902687073,0.003170230658724904,0.003699168562889099,0.0037667453289031982,0.003631591796875,True,True,True,True,0.05
197.0,semi_sickled,265,266,66.5,0.03893373807659373,0.0925271064043045,0.0037448250222951174,0.002448827028274536,0.0014186501502990723,0.00347900390625,True,False,True,True,0.05
197.0,semi_sickled,266,267,66.75,0.04967914916342125,0.10852907598018646,0.014468022622168064,0.004814843414351344,0.004777391906827688,0.004852294921875,True,False,True,True,0.05
197.0,semi_sickled,267,268,67.0,0.01630820450372994,0.03367093205451965,0.0036247323732823133,0.006284701405093074,0.007228826638311148,0.005340576171875,True,True,True,True,0.05
197.0,semi_sickled,268,269,67.25,0.029351119662169366,0.05907478928565979,0.013004670850932598,0.004678276600316167,0.004717881325632334,0.004638671875,True,False,True,True,0.05
197.0,semi_sickled,269,270,67.5,0.004764161061029882,0.005967572331428528,0.00393368536606431,0.004001369001343846,0.004035452846437693,0.00396728515625,True,True,True,True,0.05
197.0,semi_sickled,270,271,67.75,0.01477504275389947,0.01922447979450226,0.01805235631763935,0.0030677044996991754,0.0029005457181483507,0.00323486328125,True,True,True,True,0.05
197.0,semi_sickled,271,272,68.0,0.029759987676516178,0.059596315026283264,0.012361186556518078,0.006380185484886169,0.006168574094772339,0.006591796875,True,False,True,True,0.05
197.0,semi_sickled,272,273,68.25,0.008434813073836266,0.015478566288948059,0.004553225357085466,0.0025990307331085205,0.002359926700592041,0.002838134765625,True,True,True,True,0.05
197.0,semi_sickled,273,274,68.5,0.012508558807894588,0.020975396037101746,0.009869695641100407,0.002656027674674988,0.0030232369899749756,0.002288818359375,True,True,True,True,0.05
197.0,semi_sickled,274,275,68.75,0.00942139639519155,0.009473070502281189,0.013709341175854206,0.00333559513092041,0.0034668445587158203,0.003204345703125,True,True,True,True,0.05
197.0,semi_sickled,275,276,69.0,0.047416182025335735,0.09110580384731293,0.026681140065193176,0.006541845854371786,0.008719678036868572,0.004364013671875,True,False,True,True,0.05
197.0,semi_sickled,276,277,69.25,0.029309049010043962,0.0594116747379303,0.013917595148086548,0.0026928832521662116,0.002578149316832423,0.0028076171875,True,False,True,True,0.05
197.0,semi_sickled,277,278,69.5,0.02082060631364584,0.01701284945011139,0.037055011838674545,0.004184849560260773,0.003975167870521545,0.00439453125,True,True,True,True,0.05
197.0,semi_sickled,278,279,69.75,0.05071058725006879,0.12251138687133789,0.002416040049865842,0.0034416739363223314,0.004319871310144663,0.0025634765625,False,False,True,True,0.05
197.0,semi_sickled,279,280,70.0,0.037756111897761,0.07613658905029297,0.01838325336575508,0.003469350398518145,0.00373435509391129,0.003204345703125,True,False,True,True,0.05
197.0,semi_sickled,280,281,70.25,0.021609060117043555,0.037258610129356384,0.015078897587954998,0.005712007638067007,0.008189151994884014,0.00323486328125,True,True,True,True,0.05
197.0,semi_sickled,281,282,70.5,0.012409277562983333,0.012915164232254028,0.014397305436432362,0.008816619869321585,0.01345233153551817,0.004180908203125,True,True,True,True,0.05
197.0,semi_sickled,282,283,70.75,0.020786650071386248,0.04840335249900818,0.0023698273580521345,0.0023834779858589172,0.0024781376123428345,0.002288818359375,True,True,True,True,0.05
197.0,semi_sickled,283,284,71.0,0.04021397345350124,0.09082385897636414,0.008616511709988117,0.0034746030578389764,0.0034091670531779528,0.0035400390625,True,False,True,True,0.05
197.0,semi_sickled,284,285,71.25,0.020867905393242837,0.047486960887908936,0.0037296712398529053,0.0022709444165229797,0.0028023868799209595,0.001739501953125,True,True,True,True,0.05
197.0,semi_sickled,285,286,71.5,0.03669515828369185,0.07019826769828796,0.021651336923241615,0.0041515331249684095,0.004488368984311819,0.003814697265625,True,False,True,True,0.05
197.0,semi_sickled,286,287,71.75,0.028146938630379738,0.06346388161182404,0.0031300075352191925,0.006663533393293619,0.011434976942837238,0.00189208984375,True,False,True,True,0.05
197.0,semi_sickled,287,288,72.0,0.02828211532905698,0.045731231570243835,0.021686946973204613,0.009596765041351318,0.015409350395202637,0.0037841796875,True,True,True,True,0.05
197.0,semi_sickled,288,289,72.25,0.016453056676255073,0.036531031131744385,0.003884454257786274,0.0019243409333284944,0.0005833010072819889,0.003265380859375,True,True,True,True,0.05
197.0,semi_sickled,289,290,72.5,0.034532031894195826,0.06470713764429092,0.021032966673374176,0.0051505540031939745,0.006242270115762949,0.004058837890625,True,False,True,True,0.05
197.0,semi_sickled,290,291,72.75,0.00801942035323009,0.013567224144935608,0.0027518842834979296,0.006517484784126282,0.009464412927627563,0.003570556640625,True,True,True,True,0.05
197.0,semi_sickled,291,292,73.0,0.021794106042943896,0.03514958918094635,0.015439835377037525,0.009321311954408884,0.015285690315067768,0.00335693359375,True,True,True,True,0.05
197.0,semi_sickled,292,293,73.25,0.0026347102771978824,0.000151708722114563,0.005718993488699198,0.0022895162692293525,0.002900565741583705,0.001678466796875,True,True,True,True,0.05
197.0,semi_sickled,293,294,73.5,0.007856297644320876,0.014623776078224182,0.0032779450993984938,0.003438025712966919,0.004373610019683838,0.00250244140625,True,True,True,True,0.05
197.0,semi_sickled,294,295,73.75,0.00935677908710204,0.0059859901666641235,0.017721904441714287,0.0030388658633455634,0.002934421179816127,0.003143310546875,True,True,True,True,0.05
197.0,semi_sickled,295,296,74.0,0.016229736711829902,0.013522759079933167,0.02691386081278324,0.005603127181529999,0.0074831098318099976,0.00372314453125,True,True,True,True,0.05
200.0,semi_sickled,223,224,56.0,0.016218488744925708,0.03437499701976776,0.004012633115053177,0.004256273386999965,0.004148533102124929,0.004364013671875,True,True,True,True,0.05
200.0,semi_sickled,224,225,56.25,0.020175296801608057,0.04570411145687103,0.002555931219831109,0.003996305167675018,0.0035675615072250366,0.004425048828125,True,True,True,True,0.05
200.0,semi_sickled,225,226,56.5,0.023072216543368995,0.05341562628746033,0.0025422261096537113,0.0032647475600242615,0.003050491213798523,0.00347900390625,True,False,True,True,0.05
200.0,semi_sickled,226,227,56.75,0.00753616024449002,0.011731848120689392,0.006508410442620516,0.0022619093651883304,0.0014720609178766608,0.0030517578125,True,True,True,True,0.05
200.0,semi_sickled,227,228,57.0,0.014955811481922864,0.009371623396873474,0.027775393798947334,0.005943097174167633,0.007308557629585266,0.00457763671875,True,True,True,True,0.05
200.0,semi_sickled,228,229,57.25,0.004575671633938327,0.007778137922286987,0.002135646529495716,0.0028677607188001275,0.002653246046975255,0.003082275390625,True,True,True,True,0.05
200.0,semi_sickled,229,230,57.5,0.015480725362431256,0.010471314191818237,0.0286911278963089,0.005001219687983394,0.005546872969716787,0.00445556640625,True,True,True,True,0.05
200.0,semi_sickled,230,231,57.75,0.022949048678856346,0.05344139039516449,0.0018819961696863174,0.003655175445601344,0.004350145813077688,0.002960205078125,True,False,True,True,0.05
200.0,semi_sickled,231,232,58.0,0.019051411538384855,0.04067230224609375,0.004010186064988375,0.005515702068805695,0.004470124840736389,0.006561279296875,True,True,True,True,0.05
200.0,semi_sickled,232,233,58.25,0.021798310097074135,0.034343406558036804,0.020486177876591682,0.0035631408682093024,0.003006408689543605,0.004119873046875,True,True,True,True,0.05
200.0,semi_sickled,233,234,58.5,0.011296467046486213,0.022826626896858215,0.004032591823488474,0.0030176365980878472,0.0032276560086756945,0.0028076171875,True,True,True,True,0.05
200.0,semi_sickled,234,235,58.75,0.007681494159623981,0.015517711639404297,0.002470136620104313,0.002439446747303009,0.002315416932106018,0.0025634765625,True,True,True,True,0.05
200.0,semi_sickled,235,236,59.0,0.05613646882993635,0.13597612082958221,0.003443303285166621,0.002163457393180579,0.001732920645736158,0.002593994140625,False,False,True,True,0.05
200.0,semi_sickled,236,237,59.25,0.005830999670433812,0.010707184672355652,0.0031208107247948647,0.0018233681912533939,0.0015715410700067878,0.0020751953125,True,True,True,True,0.05
200.0,semi_sickled,237,238,59.5,0.011845456692390144,0.026479601860046387,0.0015593919670209289,0.0028313150396570563,0.0031907062511891127,0.002471923828125,True,True,True,True,0.05
200.0,semi_sickled,238,239,59.75,0.009846318293421063,0.01797822117805481,0.006627807393670082,0.001341188937658444,0.0006682177190668881,0.00201416015625,True,True,True,True,0.05
200.0,semi_sickled,239,240,60.0,0.019082529284060002,0.04181617498397827,0.004565272480249405,0.0030328556895256042,0.0028308480978012085,0.00323486328125,True,True,True,True,0.05
200.0,semi_sickled,240,241,60.25,0.01439966739853844,0.029183194041252136,0.005146957002580166,0.0036998193245381117,0.004225810524076223,0.003173828125,True,True,True,True,0.05
200.0,semi_sickled,241,242,60.5,0.013184037868632004,0.02950507402420044,0.0011208016658201814,0.003958910703659058,0.006452977657318115,0.00146484375,True,True,True,True,0.05
201.0,semi_sickled,195,196,49.0,0.01612028368981555,0.02331182360649109,0.01585029996931553,0.0049917970318347216,0.007237012032419443,0.00274658203125,True,True,True,True,0.05
201.0,semi_sickled,196,197,49.25,0.013052986678667366,0.02695271372795105,0.0037509326357394457,0.0038362990599125624,0.003949453588575125,0.00372314453125,True,True,True,True,0.05
201.0,semi_sickled,197,198,49.5,0.004730283294338733,0.0056951045989990234,0.0034157317131757736,0.005026941420510411,0.0074904062785208225,0.0025634765625,True,True,True,True,0.05
201.0,semi_sickled,198,199,49.75,0.004206366569269449,0.004626542329788208,0.0031616350170224905,0.0049967095255851746,0.007063731551170349,0.0029296875,True,True,True,True,0.05
201.0,semi_sickled,199,200,50.0,0.02196049632620998,0.04895287752151489,0.004486111458390951,0.0032368252286687493,0.0022011895198374987,0.0042724609375,True,True,True,True,0.05
201.0,semi_sickled,200,201,50.25,0.012299415218876675,0.023035839200019836,0.006954079959541559,0.002604606212116778,0.002126937033608556,0.003082275390625,True,True,True,True,0.05
203.0,semi_sickled,283,284,71.0,0.02272740711923689,0.049055710434913635,0.006016131956130266,0.003997907042503357,0.003967493772506714,0.0040283203125,True,True,True,True,0.05
203.0,semi_sickled,284,285,71.25,0.031452393194194884,0.06493045389652252,0.012160618789494038,0.004895980237051845,0.004726042505353689,0.00506591796875,True,False,True,True,0.05
203.0,semi_sickled,285,286,71.5,0.0054650225618388506,0.008469551801681519,0.0031555865425616503,0.0038909862050786614,0.003540029050782323,0.004241943359375,True,True,True,True,0.05
203.0,semi_sickled,286,287,71.75,0.0065261130686849345,0.00124426931142807,0.014426258392632008,0.0039168596267700195,0.003072977066040039,0.0047607421875,True,True,True,True,0.05
203.0,semi_sickled,287,288,72.0,0.007324739405885338,0.0015705674886703491,0.015263247303664684,0.0054175034165382385,0.005616500973701477,0.005218505859375,True,True,True,True,0.05
203.0,semi_sickled,288,289,72.25,0.03570642200065777,0.07293826341629028,0.01466265320777893,0.005596752045676112,0.005852927919477224,0.005340576171875,True,False,True,True,0.05
203.0,semi_sickled,289,290,72.5,0.008685125136980788,0.016961082816123962,0.003278455464169383,0.0030129303922876716,0.002729962347075343,0.0032958984375,True,True,True,True,0.05
203.0,semi_sickled,290,291,72.75,0.010068390265223569,0.009771138429641724,0.015805497765541077,0.0025120427017100155,0.001545081497170031,0.00347900390625,True,True,True,True,0.05
203.0,semi_sickled,291,292,73.0,0.03194322268245742,0.05425967276096344,0.025595063343644142,0.005124325631186366,0.006098260637372732,0.004150390625,True,False,True,True,0.05
203.0,semi_sickled,292,293,73.25,0.030291321023833008,0.06171692907810211,0.012910276651382446,0.004343810258433223,0.0041099837981164455,0.00457763671875,True,False,True,True,0.05
203.0,semi_sickled,293,294,73.5,0.009996603312902152,0.010598137974739075,0.012414968572556973,0.005648436490446329,0.007939939387142658,0.00335693359375,True,True,True,True,0.05
203.0,semi_sickled,294,295,73.75,0.016608390089822934,0.03574205935001373,0.004904994275420904,0.002379273413680494,0.0032631854992359877,0.001495361328125,True,True,True,True,0.05
203.0,semi_sickled,295,296,74.0,0.02483490261947736,0.04605536162853241,0.014273901470005512,0.005667569814249873,0.006086116190999746,0.0052490234375,True,True,True,True,0.05
203.0,semi_sickled,296,297,74.25,0.010851250868290663,0.007430151104927063,0.020579935982823372,0.0027048513293266296,0.0027241557836532593,0.002685546875,True,True,True,True,0.05
203.0,semi_sickled,297,298,74.5,0.050551108788931744,0.11761936545372009,0.007799247279763222,0.0030945042381063104,0.0021912057418376207,0.003997802734375,False,False,True,True,0.05
203.0,semi_sickled,298,299,74.75,0.014999298192560673,0.030403241515159607,0.006397496908903122,0.0023955106735229492,0.0025937557220458984,0.002197265625,True,True,True,True,0.05
203.0,semi_sickled,299,300,75.0,0.014616393682081251,0.009761214256286621,0.027405599132180214,0.004479793133214116,0.005480582360178232,0.00347900390625,True,True,True,True,0.05
203.0,semi_sickled,300,301,75.25,0.024156048148870467,0.03472651541233063,0.0265631303191185,0.003873385488986969,0.002528265118598938,0.005218505859375,True,True,True,True,0.05
203.0,semi_sickled,301,302,75.5,0.008575415611267088,0.0009519904851913452,0.021147742867469788,0.0031716376543045044,0.002162367105484009,0.004180908203125,True,True,True,True,0.05
203.0,semi_sickled,302,303,75.75,0.023947957425843925,0.03981168568134308,0.018992647528648376,0.005503426073119044,0.006398697849363089,0.004608154296875,True,True,True,True,0.05
203.0,semi_sickled,303,304,76.0,0.015152733027935029,0.03481101989746094,0.0,0.004913300275802612,0.005981385707855225,0.00384521484375,True,True,True,True,0.05
204.0,final_sickled,156,157,39.25,0.008155942044686526,0.0037753432989120483,0.014453556388616562,0.00634823995642364,0.0074779740534722805,0.005218505859375,True,True,True,True,0.05
204.0,final_sickled,157,158,39.5,0.02549706374993548,0.047917455434799194,0.0146189508959651,0.004853795049712062,0.004275461193174124,0.00543212890625,True,True,True,True,0.05
204.0,final_sickled,158,159,39.75,0.026365310570690782,0.05010191351175308,0.014271643944084644,0.00531787914223969,0.00517311180010438,0.005462646484375,True,False,True,True,0.05
204.0,final_sickled,159,160,40.0,0.03044140711426735,0.05655604600906372,0.01858803629875183,0.00525270402431488,0.004432410001754761,0.006072998046875,True,False,True,True,0.05
204.0,final_sickled,160,161,40.25,0.004544192086905241,0.00045556575059890747,0.008713366463780403,0.005249150097370148,0.007019296288490295,0.00347900390625,True,True,True,True,0.05
204.0,final_sickled,161,162,40.5,0.02173394669080153,0.041413359344005585,0.011042664758861065,0.005214681150391698,0.005149821285158396,0.005279541015625,True,True,True,True,0.05
204.0,final_sickled,162,163,40.75,0.011124967550858855,0.01189732551574707,0.014389988966286182,0.005318164825439453,0.005295753479003906,0.005340576171875,True,True,True,True,0.05
204.0,final_sickled,163,164,41.0,0.03332900605164468,0.05693115293979645,0.022356873378157616,0.010926556773483753,0.016115808859467506,0.0057373046875,True,False,True,True,0.05
204.0,final_sickled,164,165,41.25,0.027092518506105993,0.05610589683055878,0.010523312725126743,0.0038680012803524733,0.0050504556857049465,0.002685546875,True,False,True,True,0.05
204.0,final_sickled,165,166,41.5,0.025789341563358905,0.05574245750904083,0.007962199859321117,0.0028223544359207153,0.0027455389499664307,0.002899169921875,True,False,True,True,0.05
204.0,final_sickled,166,167,41.75,0.00922248536371626,0.0035419762134552,0.0192316472530365,0.0042984733590856194,0.003256370546296239,0.005340576171875,True,True,True,True,0.05
204.0,final_sickled,167,168,42.0,0.019489435153082012,0.03637510538101196,0.010251804254949093,0.005405046045780182,0.005988314747810364,0.00482177734375,True,True,True,True,0.05
204.0,final_sickled,168,169,42.25,0.013236334820976482,0.02272403985261917,0.0096749784424901,0.0030419057002291083,0.0028184305410832167,0.003265380859375,True,True,True,True,0.05
204.0,final_sickled,169,170,42.5,0.009025452192872763,0.015748023986816406,0.003988067153841257,0.005321676377207041,0.008354534395039082,0.002288818359375,True,True,True,True,0.05
204.0,final_sickled,170,171,42.75,0.015402627806179226,0.018253453075885773,0.017039509490132332,0.0085496730171144,0.012552226893603802,0.004547119140625,True,True,True,True,0.05
204.0,final_sickled,171,172,43.0,0.012691611691843718,0.00445219874382019,0.026701845228672028,0.00626034545712173,0.00760736083611846,0.004913330078125,True,True,True,True,0.05
205.0,final_sickled,473,474,118.5,0.010521116020390764,0.012848705053329468,0.012797853909432888,0.003609540523029864,0.0037095595616847277,0.003509521484375,True,True,True,True,0.05
205.0,final_sickled,474,475,118.75,0.011187151574995368,0.018943190574645996,0.007243435364216566,0.004298691870644689,0.005484590772539377,0.00311279296875,True,True,True,True,0.05
205.0,final_sickled,475,476,119.0,0.022087708913022655,0.05010613799095154,0.003376852720975876,0.003453421057201922,0.002939556958153844,0.00396728515625,True,False,True,True,0.05
205.0,final_sickled,476,477,119.25,0.008765776990912855,0.01502951979637146,0.006447710562497377,0.0019890815019607544,0.0008653700351715088,0.00311279296875,True,True,True,True,0.05
205.0,final_sickled,477,478,119.5,0.011359909613383934,0.020449399948120117,0.0066660619340837,0.003388111828826368,0.0021375517826527357,0.004638671875,True,True,True,True,0.05
205.0,final_sickled,478,479,119.75,0.008344358671456576,0.004297032952308655,0.016818268224596977,0.002956606447696686,0.0014576464891433716,0.00445556640625,True,True,True,True,0.05
206.0,final_sickled,165,166,41.5,0.015534916566684842,0.0233210027217865,0.014407201670110226,0.004655979573726654,0.004062935709953308,0.0052490234375,True,True,True,True,0.05
206.0,final_sickled,166,167,41.75,0.004979347105836496,0.008844494819641113,0.0010386259527876973,0.0043121203780174255,0.002947971224784851,0.00567626953125,True,True,True,True,0.05
206.0,final_sickled,167,168,42.0,0.019748700130730868,0.023685157299041748,0.026016106829047203,0.004675999283790588,0.0030653774738311768,0.00628662109375,True,True,True,True,0.05
206.0,final_sickled,168,169,42.25,0.0036412057699635623,0.0031373724341392517,0.004368232097476721,0.003429502248764038,0.004173457622528076,0.002685546875,True,True,True,True,0.05
206.0,final_sickled,169,170,42.5,0.0053358242861577315,0.009629383683204651,0.0029228900093585253,0.001844237238401547,0.0006061990861780941,0.003082275390625,True,True,True,True,0.05
206.0,final_sickled,170,171,42.75,0.02461522212252021,0.04295352101325989,0.018545018509030342,0.003772228956222534,0.0038213133811950684,0.00372314453125,True,True,True,True,0.05
207.0,semi_sickled,240,241,60.25,0.043560742307454346,0.08805252611637115,0.020492499694228172,0.0046694278717041016,0.004425525665283203,0.004913330078125,True,False,True,True,0.05
207.0,semi_sickled,241,242,60.5,0.006702294258866459,0.0009819269180297852,0.014085263945162296,0.0055187244433909655,0.007741550449281931,0.0032958984375,True,True,True,True,0.05
207.0,semi_sickled,242,243,60.75,0.014283747598528863,0.027257606387138367,0.005600661039352417,0.0056818947196006775,0.007671162486076355,0.003692626953125,True,True,True,True,0.05
207.0,semi_sickled,243,244,61.0,0.005115070811007172,0.0032720565795898438,0.0069413152523338795,0.005507151363417506,0.0063756308518350124,0.004638671875,True,True,True,True,0.05
207.0,semi_sickled,244,245,61.25,0.03259090087376535,0.06995899975299835,0.009161015041172504,0.005603782832622528,0.007301315665245056,0.00390625,True,False,True,True,0.05
207.0,semi_sickled,245,246,61.5,0.012690827704500408,0.02747766673564911,0.0027542042080312967,0.0029431581497192383,0.0008814334869384766,0.0050048828125,True,True,True,True,0.05
207.0,semi_sickled,246,247,61.75,0.01446479819715023,0.0018776357173919678,0.032270461320877075,0.009676329791545868,0.012669309973716736,0.006683349609375,True,True,True,True,0.05
207.0,semi_sickled,247,248,62.0,0.0025889336597174407,0.0016980022192001343,0.002881341613829136,0.0036050528287887573,0.0030597150325775146,0.004150390625,True,True,True,True,0.05
207.0,semi_sickled,248,249,62.25,0.017837906256318092,0.023415684700012207,0.02073541283607483,0.004856951534748077,0.004922643303871155,0.004791259765625,True,True,True,True,0.05
207.0,semi_sickled,249,250,62.5,0.009896897053113207,0.010223135352134705,0.013207313604652882,0.004740332602523267,0.0038959484081715345,0.005584716796875,True,True,True,True,0.05
207.0,semi_sickled,250,251,62.75,0.013089990953449161,0.02749745547771454,0.0031407910864800215,0.003966927528381348,0.004027605056762695,0.00390625,True,True,True,True,0.05
209.0,final_sickled,222,223,55.75,0.002312713916762732,0.0004433244466781616,0.0036347939167171717,0.003452825068961829,0.001656626700423658,0.0052490234375,True,True,True,True,0.05
209.0,final_sickled,223,224,56.0,0.009256196150090545,0.0074203889816999435,0.01379887294024229,0.005833740113303065,0.005136718507856131,0.00653076171875,True,True,True,True,0.05
209.0,final_sickled,224,225,56.25,0.010070595025899819,0.004917758516967297,0.02105659991502762,0.00293472659541294,0.0019326856127008796,0.003936767578125,True,True,True,True,0.05
209.0,final_sickled,225,226,56.5,0.016734092286787926,0.028526298701763153,0.00940899271517992,0.008121701423078775,0.00846142042428255,0.007781982421875,True,True,True,True,0.05
209.0,final_sickled,226,227,56.75,0.010799718857742845,0.015029026195406914,0.00825232919305563,0.00759917264804244,0.00958311092108488,0.005615234375,True,True,True,True,0.05
209.0,final_sickled,227,228,57.0,0.018133738968754188,0.027976615354418755,0.015709055587649345,0.005779693485237658,0.003899474861100316,0.007659912109375,True,True,True,True,0.05
211.0,final_sickled,117,118,29.5,0.011586182616883888,0.013556718826293945,0.0146830715239048,0.004097680211998522,0.0038923819083720446,0.004302978515625,True,True,True,True,0.05
211.0,final_sickled,118,119,29.75,0.01974380551255308,0.04535955190658569,0.0004638266982510686,0.005750581622123718,0.0057638585567474365,0.0057373046875,True,True,True,True,0.05
211.0,final_sickled,119,120,30.0,0.019470746882143432,0.04363580048084259,0.003021787852048874,0.0038352037663571537,0.0015058567514643073,0.00616455078125,True,True,True,True,0.05
211.0,final_sickled,120,121,30.25,0.012677742791129277,0.026364795863628387,0.003038970520719886,0.0042727390537038445,0.003021796466782689,0.005523681640625,True,True,True,True,0.05
211.0,final_sickled,121,122,30.5,0.005406032898463309,0.004443913698196411,0.007788542192429304,0.0036099106073379517,0.0029168426990509033,0.004302978515625,True,True,True,True,0.05
211.0,final_sickled,122,123,30.75,0.016482508927583694,0.021019481122493744,0.01909957081079483,0.005559466779232025,0.00483231246471405,0.00628662109375,True,True,True,True,0.05
213.0,final_sickled,240,241,60.25,0.009705475578084589,0.009233884513378143,0.014769445173442364,0.0033704638481140137,0.0007899999618530273,0.005950927734375,True,True,True,True,0.05
213.0,final_sickled,241,242,60.5,0.00564974636072293,0.00031591951847076416,0.011352426372468472,0.006200117291882634,0.006937588099390268,0.005462646484375,True,True,True,True,0.05
213.0,final_sickled,242,243,60.75,0.02081857773591764,0.04519340395927429,0.005499288905411959,0.0032658601412549615,0.003846173407509923,0.002685546875,True,True,True,True,0.05
213.0,final_sickled,243,244,61.0,0.03738078174646944,0.053899362683296204,0.03987092897295952,0.007464846130460501,0.008185307495296001,0.006744384765625,True,False,True,True,0.05
213.0,final_sickled,244,245,61.25,0.014109649183228611,0.025286301970481873,0.00799254234880209,0.004790954291820526,0.006469115614891052,0.00311279296875,True,True,True,True,0.05
213.0,final_sickled,245,246,61.5,0.022582383925328034,0.046412140130996704,0.008946622721850872,0.0035448396811261773,0.0021153141278773546,0.004974365234375,True,True,True,True,0.05
213.0,final_sickled,246,247,61.75,0.04547993249725551,0.10524119436740875,0.003985026851296425,0.007954781409353018,0.011515031568706036,0.00439453125,True,False,True,True,0.05
213.0,final_sickled,247,248,62.0,0.027182220458053054,0.021352291107177734,0.04562242329120636,0.010693823453038931,0.014582226984202862,0.006805419921875,True,True,True,True,0.05
213.0,final_sickled,248,249,62.25,0.0034098564530722795,0.002264946699142456,0.003943264950066805,0.004494940163567662,0.0054498412646353245,0.0035400390625,True,True,True,True,0.05
213.0,final_sickled,249,250,62.5,0.020901505928486587,0.03340081870555878,0.018075110390782356,0.004859559237957001,0.0056602805852890015,0.004058837890625,True,True,True,True,0.05
213.0,final_sickled,250,251,62.75,0.036401977192144844,0.06728863716125488,0.024315552785992622,0.00390431541018188,0.00393289839848876,0.003875732421875,True,False,True,True,0.05
213.0,final_sickled,251,252,63.0,0.020027949358336627,0.04365447163581848,0.0039417617954313755,0.004746176302433014,0.004792645573616028,0.00469970703125,True,True,True,True,0.05
213.0,final_sickled,252,253,63.25,0.012547499695210717,0.026825979351997375,0.0038531639147549868,0.0018740023369900882,0.0010929753771051764,0.002655029296875,True,True,True,True,0.05
213.0,final_sickled,253,254,63.5,0.013647055314504542,0.031394705176353455,0.0012093308614566922,0.0026636297698132694,0.0012989392271265388,0.0040283203125,True,True,True,True,0.05
213.0,final_sickled,254,255,63.75,0.030799716894398442,0.07138125598430634,0.0046514174900949,0.0024768735165707767,0.0015662958612665534,0.003387451171875,True,False,True,True,0.05
213.0,final_sickled,255,256,64.0,0.06590524597559125,0.15683607757091522,0.0032541295513510704,0.008127478417009115,0.01179939042776823,0.00445556640625,False,False,True,True,0.05
213.0,final_sickled,256,257,64.25,0.025196793710347266,0.0477939248085022,0.01307110209017992,0.006017352221533656,0.007365514989942312,0.004669189453125,True,True,True,True,0.05
213.0,final_sickled,257,258,64.5,0.028609563823556526,0.05447785556316376,0.016826974228024483,0.0037159224739298224,0.002640585182234645,0.004791259765625,True,False,True,True,0.05
213.0,final_sickled,258,259,64.75,0.011769272095989436,0.023624151945114136,0.00340169295668602,0.004516075132414699,0.005400558467954397,0.003631591796875,True,True,True,True,0.05
213.0,final_sickled,259,260,65.0,0.019407186203170567,0.04519094526767731,0.001979268854483962,0.0025522559881210327,0.0011982619762420654,0.00390625,True,True,True,True,0.05
213.0,final_sickled,260,261,65.25,0.00743456183699891,0.011618942022323608,0.00537445954978466,0.003623696742579341,0.005111163016408682,0.00213623046875,True,True,True,True,0.05
213.0,final_sickled,261,262,65.5,0.01692132423631847,0.03280863165855408,0.008456402458250523,0.003352522850036621,0.002554655075073242,0.004150390625,True,True,True,True,0.05
213.0,final_sickled,262,263,65.75,0.01603834219276905,0.00907619297504425,0.02980639785528183,0.00790250301361084,0.01046442985534668,0.005340576171875,True,True,True,True,0.05
213.0,final_sickled,263,264,66.0,0.07202783995307982,0.1636781245470047,0.015593434683978558,0.0043955519795417786,0.004915371537208557,0.003875732421875,False,False,True,True,0.05
213.0,final_sickled,264,265,66.25,0.011143065700889566,0.023353055119514465,0.00389113905839622,0.0017597799305804074,0.0014748821267858148,0.002044677734375,True,True,True,True,0.05
213.0,final_sickled,265,266,66.5,0.014120698731858283,0.029033377766609192,0.0038423780351877213,0.004650061251595616,0.005790601018816233,0.003509521484375,True,True,True,True,0.05
213.0,final_sickled,266,267,66.75,0.05007872066926211,0.10831540822982788,0.014688613824546337,0.006446170154958963,0.009230230934917927,0.003662109375,False,False,True,True,0.05
213.0,final_sickled,267,268,67.0,0.03906740177772008,0.08080734312534332,0.016838738694787025,0.0034036239376291633,0.0021990935783833265,0.004608154296875,True,False,True,True,0.05
213.0,final_sickled,268,269,67.25,0.03214956456795335,0.06056731939315796,0.019405102357268333,0.0045234039425849915,0.004560723900794983,0.004486083984375,True,False,True,True,0.05
213.0,final_sickled,269,270,67.5,0.021500456088688225,0.03781493008136749,0.014374393038451672,0.00537378597073257,0.005284925457090139,0.005462646484375,True,True,True,True,0.05
213.0,final_sickled,270,271,67.75,0.008996429992839694,0.007713377475738525,0.013608247973024845,0.004592768847942352,0.005187734961509705,0.003997802734375,True,True,True,True,0.05
213.0,final_sickled,271,272,68.0,0.021615711878985165,0.027910038828849792,0.02520487643778324,0.0065199583768844604,0.007943481206893921,0.005096435546875,True,True,True,True,0.05
213.0,final_sickled,272,273,68.25,0.03551281217951328,0.055644527077674866,0.03059711493551731,0.010184044484049082,0.013715256936848164,0.00665283203125,True,False,True,True,0.05
213.0,final_sickled,273,274,68.5,0.031237353023607285,0.055984318256378174,0.021924646571278572,0.004679997684434056,0.0051180520094931126,0.004241943359375,True,False,True,True,0.05
213.0,final_sickled,274,275,68.75,0.01361279547563754,0.011623814702033997,0.022357186302542686,0.004553017555736005,0.0036128710489720106,0.0054931640625,True,True,True,True,0.05
213.0,final_sickled,275,276,69.0,0.01810895137023181,0.03884507715702057,0.0037950638215988874,0.004970592679455876,0.006584251765161753,0.00335693359375,True,True,True,True,0.05
213.0,final_sickled,276,277,69.25,0.012575325916986912,0.004769116640090942,0.025643670931458473,0.00676957773976028,0.006123383995145559,0.007415771484375,True,True,True,True,0.05
213.0,final_sickled,277,278,69.5,0.005557010701159016,0.009137630462646484,0.003855273826047778,0.002210450707934797,0.0021320830564945936,0.002288818359375,True,True,True,True,0.05
213.0,final_sickled,278,279,69.75,0.03200005989056081,0.07212166488170624,0.005395224783569574,0.005052261054515839,0.006564483046531677,0.0035400390625,True,False,True,True,0.05
213.0,final_sickled,279,280,70.0,0.03264529914595187,0.07250683009624481,0.007845628075301647,0.003586389124393463,0.0015270262956619263,0.005645751953125,True,False,True,True,0.05
213.0,final_sickled,280,281,70.25,0.02080959054874256,0.030931785702705383,0.020825542509555817,0.0045917455572634935,0.005765522364526987,0.00341796875,True,True,True,True,0.05
213.0,final_sickled,281,282,70.5,0.031953367975074795,0.05993525683879852,0.01925610937178135,0.004958507837727666,0.004667992237955332,0.0052490234375,True,False,True,True,0.05
213.0,final_sickled,282,283,70.75,0.03406699676415883,0.0641804039478302,0.020831020548939705,0.004415911971591413,0.003552282927557826,0.005279541015625,True,False,True,True,0.05
213.0,final_sickled,283,284,71.0,0.022969736717641354,0.049296751618385315,0.00766247883439064,0.002276673913002014,0.0017457306385040283,0.0028076171875,True,True,True,True,0.05
213.0,final_sickled,284,285,71.25,0.013162840215954931,0.02945949137210846,0.0016737343976274133,0.0031729465117678046,0.0033856879454106092,0.002960205078125,True,True,True,True,0.05
213.0,final_sickled,285,286,71.5,0.013748297572601587,0.011364147067070007,0.021933548152446747,0.006103587569668889,0.007599020842462778,0.004608154296875,True,True,True,True,0.05
213.0,final_sickled,286,287,71.75,0.048673815373331306,0.09615205228328705,0.024826152250170708,0.006095364689826965,0.007796198129653931,0.00439453125,True,False,True,True,0.05
213.0,final_sickled,287,288,72.0,0.004481911315815523,0.002614811062812805,0.0070897494442760944,0.0038182983407750726,0.003394653322175145,0.004241943359375,True,True,True,True,0.05
213.0,final_sickled,288,289,72.25,0.030145789205562323,0.05319888889789581,0.021069563925266266,0.00596754509024322,0.007601594086736441,0.00433349609375,True,False,True,True,0.05
213.0,final_sickled,289,290,72.5,0.008580683928448705,0.004669308662414551,0.0162427369505167,0.004112010123208165,0.00407362962141633,0.004150390625,True,True,True,True,0.05
213.0,final_sickled,290,291,72.75,0.008611059468239545,0.013602733612060547,0.00724254734814167,0.00254029780626297,0.00273074209690094,0.002349853515625,True,True,True,True,0.05
213.0,final_sickled,291,292,73.0,0.02848904757993296,0.06615293025970459,0.0027575416024774313,0.004250943660736084,0.003130793571472168,0.00537109375,True,False,True,True,0.05
213.0,final_sickled,292,293,73.25,0.010287084907758981,0.005495175719261169,0.018876679241657257,0.005928707541897893,0.006303215865045786,0.00555419921875,True,True,True,True,0.05
213.0,final_sickled,293,294,73.5,0.00978341892696335,0.021655380725860596,0.00024260040663648397,0.0041454259771853685,0.005208576563745737,0.003082275390625,True,True,True,True,0.05
213.0,final_sickled,294,295,73.75,0.028637048770906403,0.06721369922161102,0.0011023391271010041,0.005463001551106572,0.006928200367838144,0.003997802734375,True,False,True,True,0.05
213.0,final_sickled,295,296,74.0,0.011216552928090096,0.004295051097869873,0.021426543593406677,0.007996968924999237,0.007296428084373474,0.008697509765625,True,True,True,True,0.05
213.0,final_sickled,296,297,74.25,0.004140346113126725,0.005291357636451721,0.0024554079864174128,0.004657641053199768,0.006263524293899536,0.0030517578125,True,True,True,True,0.05
213.0,final_sickled,297,298,74.5,0.00932709711487405,0.018164724111557007,0.003637453308328986,0.0031523952493444085,0.003405620576813817,0.002899169921875,True,True,True,True,0.05
213.0,final_sickled,298,299,74.75,0.0069006749836262316,0.014532551169395447,0.0013572052121162415,0.0024505307665094733,0.0031615595798939466,0.001739501953125,True,True,True,True,0.05
213.0,final_sickled,299,300,75.0,0.007363020349293948,0.012350872159004211,0.0035654993262141943,0.004698986886069179,0.006620874162763357,0.002777099609375,True,True,True,True,0.05
213.0,final_sickled,300,301,75.25,0.013840102578978986,0.009828537702560425,0.023728134110569954,0.006415362237021327,0.007001867052167654,0.005828857421875,True,True,True,True,0.05
214.0,semi_sickled,296,297,74.25,0.012839892785996199,0.009784869849681854,0.021723711863160133,0.005290582776069641,0.007285267114639282,0.0032958984375,True,True,True,True,0.05
214.0,semi_sickled,297,298,74.5,0.012000111176166684,0.01809098944067955,0.011003919877111912,0.003649373771622777,0.003941813949495554,0.00335693359375,True,True,True,True,0.05
214.0,semi_sickled,298,299,74.75,0.007472269391291775,0.01580163463950157,0.000902213214430958,0.0033433636417612433,0.0036654870491474867,0.003021240234375,True,True,True,True,0.05
214.0,semi_sickled,299,300,75.0,0.012437476735794917,0.02346424013376236,0.006092855706810951,0.00367712473962456,0.0032343764323741198,0.004119873046875,True,True,True,True,0.05
214.0,semi_sickled,300,301,75.25,0.013926845643436535,0.009358823299407959,0.026727912947535515,0.0033141871681436896,0.0033019583206623793,0.003326416015625,True,True,True,True,0.05
214.0,semi_sickled,301,302,75.5,0.00831588251166977,0.005780436098575592,0.014403413981199265,0.003850052715279162,0.003763337852433324,0.003936767578125,True,True,True,True,0.05
215.0,semi_sickled,399,400,100.0,0.03585669216699898,0.0877787321805954,0.000593661330640316,0.0021496713161468506,0.0007898211479187012,0.003509521484375,True,False,True,True,0.05
215.0,semi_sickled,400,401,100.25,0.04508128222660161,0.09698843955993652,0.015365906991064548,0.003631355823017657,0.0028376628179103136,0.004425048828125,True,False,True,True,0.05
215.0,semi_sickled,401,402,100.5,0.02862764756428078,0.0543234646320343,0.015930429100990295,0.005290446104481816,0.004843587521463633,0.0057373046875,True,False,True,True,0.05
215.0,semi_sickled,402,403,100.75,0.022876648459350692,0.03675839304924011,0.02044975571334362,0.004063506959937513,0.0036104123573750257,0.0045166015625,True,True,True,True,0.05
215.0,semi_sickled,403,404,101.0,0.04977126904996112,0.10153017938137054,0.023137809708714485,0.004243855597451329,0.0042152502574026585,0.0042724609375,True,False,True,True,0.05
215.0,semi_sickled,404,405,101.25,0.031180034385761248,0.06649535894393921,0.01091752853244543,0.003043023287318647,0.002362902043387294,0.00372314453125,True,False,True,True,0.05
215.0,semi_sickled,405,406,101.5,0.012150170397944748,0.024978190660476685,0.004229494836181402,0.002714283764362335,0.0024988800287246704,0.0029296875,True,True,True,True,0.05
215.0,semi_sickled,406,407,101.75,0.006055393582209944,0.0019073188304901123,0.01314601767808199,0.002765439450740814,0.0025401562452316284,0.00299072265625,True,True,True,True,0.05
215.0,semi_sickled,407,408,102.0,0.021790641185361892,0.03402228653430939,0.020103828981518745,0.004581545712426305,0.00605029845610261,0.00311279296875,True,True,True,True,0.05
215.0,semi_sickled,408,409,102.25,0.009071453602518886,0.008622691035270691,0.012785821221768856,0.004589359043166041,0.006279548164457083,0.002899169921875,True,True,True,True,0.05
215.0,semi_sickled,409,410,102.5,0.01470483306038659,0.02978779375553131,0.006687544286251068,0.0017963002319447696,0.0012732645263895392,0.0023193359375,True,True,True,True,0.05
215.0,semi_sickled,410,411,102.75,0.027399252564646308,0.06190289556980133,0.005456454586237669,0.002913340926170349,0.0028054416179656982,0.003021240234375,True,False,True,True,0.05
215.0,semi_sickled,411,412,103.0,0.0182527762837708,0.0267421156167984,0.01960926316678524,0.002770751714706421,0.0010249018669128418,0.0045166015625,True,True,True,True,0.05
215.0,semi_sickled,412,413,103.25,0.03637698017410003,0.07413895428180695,0.01647028885781765,0.003827189444564283,0.002985189436003566,0.004669189453125,True,False,True,True,0.05
215.0,semi_sickled,413,414,103.5,0.030431793138268406,0.06563325226306915,0.01008722186088562,0.002591858326923102,0.0017047127475962043,0.00347900390625,True,False,True,True,0.05
215.0,semi_sickled,414,415,103.75,0.03393032197491266,0.07090499997138977,0.013425827957689762,0.0034771288046613336,0.003322665812447667,0.003631591796875,True,False,True,True,0.05
215.0,semi_sickled,415,416,104.0,0.031865085521712896,0.0688050240278244,0.008336040191352367,0.0057018473744392395,0.008077278733253479,0.003326416015625,True,False,True,True,0.05
215.0,semi_sickled,416,417,104.25,0.02840140436019283,0.057143211364746094,0.013583431951701641,0.003159674524795264,0.001741712330840528,0.00457763671875,True,False,True,True,0.05
215.0,semi_sickled,417,418,104.5,0.018697670369874686,0.04250137507915497,0.0033509174827486277,0.002097196877002716,0.0016614347696304321,0.002532958984375,True,True,True,True,0.05
215.0,semi_sickled,418,419,104.75,0.02077002986916341,0.04639849066734314,0.004667589440941811,0.002307909191586077,0.0020218242425471544,0.002593994140625,True,True,True,True,0.05
215.0,semi_sickled,419,420,105.0,0.04175377462524921,0.09659275412559509,0.00737024238333106,0.002148352563381195,0.0013365000486373901,0.002960205078125,True,False,True,True,0.05
215.0,semi_sickled,420,421,105.25,0.022567717140191238,0.053201258182525635,0.0021758463699370623,0.002102670550812036,0.0019165227422490716,0.002288818359375,True,False,True,True,0.05
215.0,semi_sickled,421,422,105.5,0.013798113266238943,0.030379891395568848,0.002665652660652995,0.0028527131071314216,0.002775738714262843,0.0029296875,True,True,True,True,0.05
215.0,semi_sickled,422,423,105.75,0.017985861632041633,0.038786739110946655,0.0054282755590975285,0.0022850781679153442,0.0015489161014556885,0.003021240234375,True,True,True,True,0.05
215.0,semi_sickled,423,424,106.0,0.05386894652037882,0.11936773359775543,0.015011765994131565,0.00347093993332237,0.00303562986664474,0.00390625,False,False,True,True,0.05
215.0,semi_sickled,424,425,106.25,0.008297234604833647,0.01618523895740509,0.002639054087921977,0.003597880364395678,0.003350545885041356,0.00384521484375,True,True,True,True,0.05
215.0,semi_sickled,425,426,106.5,0.018437065416947007,0.030090808868408203,0.015419195406138897,0.004016093909740448,0.004339560866355896,0.003692626953125,True,True,True,True,0.05
215.0,semi_sickled,426,427,106.75,0.03255490764277056,0.06601051986217499,0.014697995036840439,0.0040256057400256395,0.004083926323801279,0.00396728515625,True,False,True,True,0.05
215.0,semi_sickled,427,428,107.0,0.027052261713834017,0.06278479099273682,0.00439087487757206,0.0016061564383562654,0.0008929769392125309,0.0023193359375,True,False,True,True,0.05
215.0,semi_sickled,428,429,107.25,0.00907900250167586,0.008752286434173584,0.013825594447553158,0.002956519485451281,0.003258009674027562,0.002655029296875,True,True,True,True,0.05
215.0,semi_sickled,429,430,107.5,0.012387066264636815,0.02184164524078369,0.006881279870867729,0.004967840854078531,0.008043591864407063,0.00189208984375,True,True,True,True,0.05
215.0,semi_sickled,430,431,107.75,0.02281065497081727,0.05044180154800415,0.004988870117813349,0.0035513192415237427,0.005210548639297485,0.00189208984375,True,False,True,True,0.05
215.0,semi_sickled,431,432,108.0,0.031771477311849594,0.07426699995994568,0.0040242671966552734,0.0026247352361679077,0.0015873610973358154,0.003662109375,True,False,True,True,0.05
215.0,semi_sickled,432,433,108.25,0.008948150670039467,0.01938094198703766,0.002103750593960285,0.0018378446693532169,0.0017530819168314338,0.001922607421875,True,True,True,True,0.05
215.0,semi_sickled,433,434,108.5,0.018004027608549224,0.0380946546792984,0.006265072152018547,0.002293561934493482,0.0026034812908619642,0.001983642578125,True,True,True,True,0.05
215.0,semi_sickled,434,435,108.75,0.004181982527370565,0.003259599208831787,0.006973194424062967,0.001750099181663245,0.00121138000395149,0.002288818359375,True,True,True,True,0.05
215.0,semi_sickled,435,436,109.0,0.03145878986106254,0.06490527093410492,0.013350200839340687,0.003296444774605334,0.0028697450179606676,0.00372314453125,True,False,True,True,0.05
215.0,semi_sickled,436,437,109.25,0.006226387299830093,0.0029915422201156616,0.0117952860891819,0.0036056811222806573,0.0029694188851863146,0.004241943359375,True,True,True,True,0.05
215.0,semi_sickled,437,438,109.5,0.026520630478626118,0.051131486892700195,0.014787338674068451,0.0035698687424883246,0.0034776281099766493,0.003662109375,True,False,True,True,0.05
215.0,semi_sickled,438,439,109.75,0.010489059839164839,0.008050665259361267,0.019148467108607292,0.0022673209896311164,0.0020627181511372328,0.002471923828125,True,True,True,True,0.05
215.0,semi_sickled,439,440,110.0,0.008810576304676942,0.014954924583435059,0.006697237491607666,0.001938293396960944,0.0017708739032968879,0.002105712890625,True,True,True,True,0.05
215.0,semi_sickled,440,441,110.25,0.017496200470486657,0.031567662954330444,0.011753545142710209,0.00302157795522362,0.00250311684794724,0.0035400390625,True,True,True,True,0.05
215.0,semi_sickled,441,442,110.5,0.036607069848105314,0.07701793313026428,0.01475620362907648,0.002540901303291321,0.0017553865909576416,0.003326416015625,True,False,True,True,0.05
215.0,semi_sickled,442,443,110.75,0.05965734128840268,0.03339405357837677,0.12110846489667892,0.01564702857285738,0.02250499464571476,0.0087890625,False,True,False,True,0.05
215.0,semi_sickled,443,444,111.0,0.024664034746820107,0.028937801718711853,0.035210054367780685,0.003061580122448504,0.002552603604272008,0.003570556640625,True,True,True,True,0.05
215.0,semi_sickled,444,445,111.25,0.04446700687694829,0.04787254333496094,0.07125595211982727,0.0015136252040974796,0.0012877484550699592,0.001739501953125,True,True,False,True,0.05
215.0,semi_sickled,445,446,111.5,0.03794326381757855,0.07332000136375427,0.020699044689536095,0.005482390522956848,0.007028013467788696,0.003936767578125,True,False,True,True,0.05
215.0,semi_sickled,446,447,111.75,0.01435893310699612,0.012600183486938477,0.022010810673236847,0.006460303906351328,0.010265578515827656,0.002655029296875,True,True,True,True,0.05
215.0,semi_sickled,447,448,112.0,0.037824773095780986,0.05432291328907013,0.04391587898135185,0.002900200546719134,0.0032674421090632677,0.002532958984375,True,False,True,True,0.05
215.0,semi_sickled,448,449,112.25,0.022355663724010807,0.01564706861972809,0.04433749243617058,0.0023148556938394904,0.002188305137678981,0.00244140625,True,True,True,True,0.05
215.0,semi_sickled,449,450,112.5,0.05899905636906624,0.006325140595436096,0.14900702238082886,0.0172661691904068,0.0233018696308136,0.01123046875,False,True,False,True,0.05
215.0,semi_sickled,450,451,112.75,0.10910271855536849,0.23450231552124023,0.03864901885390282,0.007098542992025614,0.007910464890301228,0.00628662109375,False,False,True,True,0.05
215.0,semi_sickled,451,452,113.0,0.0763732704333961,0.16465139389038086,0.02398327924311161,0.008474260568618774,0.012828648090362549,0.004119873046875,False,False,True,True,0.05
215.0,semi_sickled,452,453,113.25,0.041198705509305,0.07463125884532928,0.029928550124168396,0.0034848377108573914,0.004558786749839783,0.002410888671875,True,False,True,True,0.05
215.0,semi_sickled,453,454,113.5,0.022818351164460182,0.04591755568981171,0.009258352220058441,0.004843622446060181,0.006299793720245361,0.003387451171875,True,True,True,True,0.05
215.0,semi_sickled,454,455,113.75,0.014220749121159315,0.020188018679618835,0.016534464433789253,0.0014339163899421692,0.0007926374673843384,0.0020751953125,True,True,True,True,0.05
215.0,semi_sickled,455,456,114.0,0.005100950290216133,0.007309436798095703,0.004405488725751638,0.002541018067859113,0.0022744189482182264,0.0028076171875,True,True,True,True,0.05
215.0,semi_sickled,456,457,114.25,0.055245956219732766,0.12310673296451569,0.015046481043100357,0.002947978675365448,0.002996787428855896,0.002899169921875,False,False,True,True,0.05
215.0,semi_sickled,457,458,114.5,0.0589210188947618,0.07590370625257492,0.06110382452607155,0.028692791238427162,0.045697350054979324,0.011688232421875,False,False,False,True,0.05
215.0,semi_sickled,458,459,114.75,0.06249336898326874,0.04990264028310776,0.09940504282712936,0.03096219152212143,0.04822199046611786,0.013702392578125,False,True,False,True,0.05
215.0,semi_sickled,459,460,115.0,0.02600937148090452,0.05108378827571869,0.009469670243561268,0.009045886341482401,0.011683081276714802,0.00640869140625,True,False,True,True,0.05
215.0,semi_sickled,460,461,115.25,0.04753799103200436,0.10333533585071564,0.013477526605129242,0.005946889519691467,0.007560282945632935,0.00433349609375,True,False,True,True,0.05
215.0,semi_sickled,461,462,115.5,0.018857168033719063,0.022464841604232788,0.02571217715740204,0.0034878775477409363,0.0040155500173568726,0.002960205078125,True,True,True,True,0.05
215.0,semi_sickled,462,463,115.75,0.009286738012451678,0.0018666237592697144,0.021223513409495354,0.004447435261681676,0.004927585367113352,0.00396728515625,True,True,True,True,0.05
215.0,semi_sickled,463,464,116.0,0.04452858157455921,0.06912890076637268,0.043557822704315186,0.006527133285999298,0.007011786103248596,0.00604248046875,True,False,True,True,0.05
215.0,semi_sickled,464,465,116.25,0.0169148167129606,0.00517784059047699,0.0339888297021389,0.011790360324084759,0.016683747991919518,0.00689697265625,True,True,True,True,0.05
215.0,semi_sickled,465,466,116.5,0.025746508385054767,0.03122079372406006,0.030742065981030464,0.009993871208280325,0.01425043772906065,0.0057373046875,True,True,True,True,0.05
215.0,semi_sickled,466,467,116.75,0.03516776986070909,0.06222279369831085,0.026228519156575203,0.004394682706333697,0.0035403419751673937,0.0052490234375,True,False,True,True,0.05
215.0,semi_sickled,467,468,117.0,0.02329662983538583,0.03549855947494507,0.021659543737769127,0.00606546294875443,0.00547809386625886,0.00665283203125,True,True,True,True,0.05
215.0,semi_sickled,468,469,117.25,0.012048157351091503,0.020423471927642822,0.008772558532655239,0.003233492374420166,0.003079533576965332,0.003387451171875,True,True,True,True,0.05
215.0,semi_sickled,469,470,117.5,0.0198958370834589,0.00846034288406372,0.04101966321468353,0.008619271218776703,0.008296892046928406,0.008941650390625,True,True,True,True,0.05
215.0,semi_sickled,470,471,117.75,0.012999442417640238,0.001970231533050537,0.030223077163100243,0.006533091189339757,0.006138692144304514,0.006927490234375,True,True,True,True,0.05
215.0,semi_sickled,471,472,118.0,0.036054757749661805,0.07086052000522614,0.01455728430300951,0.010462000966072083,0.014973074197769165,0.005950927734375,True,False,True,True,0.05
215.0,semi_sickled,472,473,118.25,0.03578516193665564,0.059198200702667236,0.02607647515833378,0.011916461400687695,0.01934683881700039,0.004486083984375,True,False,True,True,0.05
215.0,semi_sickled,473,474,118.5,0.011105786461848767,0.015853479504585266,0.009487522765994072,0.005775046767666936,0.006697798613458872,0.004852294921875,True,True,True,True,0.05
215.0,semi_sickled,474,475,118.75,0.007071461237501353,0.009705662727355957,0.005502019543200731,0.005053957225754857,0.004736820701509714,0.00537109375,True,True,True,True,0.05
215.0,semi_sickled,475,476,119.0,0.013208887132350355,0.02091337740421295,0.010692833922803402,0.004404177190735936,0.004566411022096872,0.004241943359375,True,True,True,True,0.05
215.0,semi_sickled,476,477,119.25,0.022792121808743106,0.03964497894048691,0.01637650467455387,0.004809414385817945,0.00369841861538589,0.00592041015625,True,True,True,True,0.05
215.0,semi_sickled,477,478,119.5,0.051414694357663396,0.012951910495758057,0.11208027601242065,0.028023334220051765,0.04210013523697853,0.013946533203125,False,True,False,True,0.05
215.0,semi_sickled,478,479,119.75,0.07719646543264388,0.0789848193526268,0.11153127998113632,0.02626635879278183,0.03583960235118866,0.016693115234375,False,False,False,True,0.05
217.0,semi_sickled,209,210,52.5,0.018868108093738557,0.02431650459766388,0.02192014455795288,0.005877822637557983,0.005987823009490967,0.005767822265625,True,True,True,True,0.05
217.0,semi_sickled,210,211,52.75,0.01239012770820409,0.0021730810403823853,0.027946000918745995,0.006959179881960154,0.008211572654545307,0.005706787109375,True,True,True,True,0.05
217.0,semi_sickled,211,212,53.0,0.05224340277491137,0.10706616938114166,0.021637769415974617,0.0073748629074543715,0.007669647689908743,0.007080078125,False,False,True,True,0.05
217.0,semi_sickled,212,213,53.25,0.015377341076964514,0.02333153784275055,0.014613926410675049,0.0037194067845121026,0.002281342865899205,0.005157470703125,True,True,True,True,0.05
217.0,semi_sickled,213,214,53.5,0.024507597368210555,0.03037351369857788,0.030407169833779335,0.006862729787826538,0.006767451763153076,0.0069580078125,True,True,True,True,0.05
217.0,semi_sickled,214,215,53.75,0.006117979320697486,0.002646997570991516,0.009727208875119686,0.006618628744035959,0.009849806316196918,0.003387451171875,True,True,True,True,0.05
217.0,semi_sickled,215,216,54.0,0.028367353463545443,0.056475624442100525,0.014021667651832104,0.0034780800342559814,0.0016155838966369629,0.005340576171875,True,False,True,True,0.05
217.0,semi_sickled,216,217,54.25,0.014929908193880691,0.024676993489265442,0.012550849467515945,0.002665253938175738,0.0027365137357264757,0.002593994140625,True,True,True,True,0.05
217.0,semi_sickled,217,218,54.5,0.0287269567954354,0.04900282621383667,0.02229307033121586,0.0052930067759007215,0.005703201051801443,0.0048828125,True,True,True,True,0.05
217.0,semi_sickled,218,219,54.75,0.020843825774500148,0.038543447852134705,0.012843295000493526,0.0037251735338941216,0.0031473685521632433,0.004302978515625,True,True,True,True,0.05
217.0,semi_sickled,219,220,55.0,0.053954931197222326,0.12045340240001678,0.013837114907801151,0.0037223200779408216,0.004911681171506643,0.002532958984375,False,False,True,True,0.05
217.0,semi_sickled,220,221,55.25,0.029613299388438465,0.04716767370700836,0.027499264106154442,0.004485949873924255,0.004211157560348511,0.0047607421875,True,True,True,True,0.05
217.0,semi_sickled,221,222,55.5,0.03419426289619878,0.07803790271282196,0.005075430031865835,0.004810805199667811,0.006356229539960623,0.003265380859375,True,False,True,True,0.05
217.0,semi_sickled,222,223,55.75,0.016888845252105968,0.03176407516002655,0.010004422627389431,0.002726669074036181,0.003195037366822362,0.00225830078125,True,True,True,True,0.05
217.0,semi_sickled,223,224,56.0,0.03900227898266166,0.0643983781337738,0.03197208046913147,0.008210798259824514,0.008120815269649029,0.00830078125,True,False,True,True,0.05
217.0,semi_sickled,224,225,56.25,0.026284054201096297,0.03836391866207123,0.025166014209389687,0.00852152705192566,0.010481774806976318,0.006561279296875,True,True,True,True,0.05
217.0,semi_sickled,225,226,56.5,0.004212111126980745,0.00906229019165039,0.0003075011190958321,0.0019182786345481873,0.0008153170347213745,0.003021240234375,True,True,True,True,0.05
217.0,semi_sickled,226,227,56.75,0.02980950723867864,0.06987941265106201,0.0020223434548825026,0.004599687876179814,0.006971592549234629,0.002227783203125,True,False,True,True,0.05
217.0,semi_sickled,227,228,57.0,0.015449547767639162,0.01541149616241455,0.02236294001340866,0.005831681191921234,0.007635042071342468,0.0040283203125,True,True,True,True,0.05
217.0,semi_sickled,228,229,57.25,0.023441334813833238,0.03651928901672363,0.0206068754196167,0.006484851241111755,0.00836154818534851,0.004608154296875,True,True,True,True,0.05
217.0,semi_sickled,229,230,57.5,0.01064855232834816,0.00768589973449707,0.018411457538604736,0.004520729184150696,0.005989700555801392,0.0030517578125,True,True,True,True,0.05
217.0,semi_sickled,230,231,57.75,0.002637513563968241,0.001454859972000122,0.00445588631555438,0.001984037458896637,0.001679256558418274,0.002288818359375,True,True,True,True,0.05
217.0,semi_sickled,231,232,58.0,0.03779461393714883,0.08941623568534851,0.0034590763971209526,0.0032697716960683465,0.003457268001511693,0.003082275390625,True,False,True,True,0.05
217.0,semi_sickled,232,233,58.25,0.020179705100599677,0.04057309031486511,0.007558515761047602,0.005219953833147883,0.006930386181920767,0.003509521484375,True,True,True,True,0.05
217.0,semi_sickled,233,234,58.5,0.02047191086458042,0.04452061653137207,0.004620879422873259,0.004185425816103816,0.004342531319707632,0.0040283203125,True,True,True,True,0.05
217.0,semi_sickled,234,235,58.75,0.024876320475596007,0.052491694688797,0.009664456360042095,0.0019883314962498844,0.0014742215862497687,0.00250244140625,True,False,True,True,0.05
217.0,semi_sickled,235,236,59.0,0.01339586684916867,0.030226439237594604,0.0003019339928869158,0.004798457026481628,0.007033437490463257,0.0025634765625,True,True,True,True,0.05
217.0,semi_sickled,236,237,59.25,0.027996464073657988,0.059926509857177734,0.007731855381280184,0.005278842989355326,0.008574043400585651,0.001983642578125,True,False,True,True,0.05
217.0,semi_sickled,237,238,59.5,0.010972815775312485,0.021458297967910767,0.004227492492645979,0.003639496862888336,0.004532411694526672,0.00274658203125,True,True,True,True,0.05
217.0,semi_sickled,238,239,59.75,0.024918705463642256,0.04112038016319275,0.02186235785484314,0.003274912596680224,0.003528584958985448,0.003021240234375,True,True,True,True,0.05
217.0,semi_sickled,239,240,60.0,0.01154047913150862,0.021663829684257507,0.004564146976917982,0.005109983263537288,0.006649409886449575,0.003570556640625,True,True,True,True,0.05
217.0,semi_sickled,240,241,60.25,0.008631321415305138,0.004854246973991394,0.01641036570072174,0.003783978521823883,0.003966882824897766,0.00360107421875,True,True,True,True,0.05
217.0,semi_sickled,241,242,60.5,0.014297001698287204,0.03011488914489746,0.00439102528616786,0.002856748760677874,0.003821407677605748,0.00189208984375,True,True,True,True,0.05
217.0,semi_sickled,242,243,60.75,0.030555080552585424,0.06930932402610779,0.0044748540967702866,0.00506060803309083,0.00783239770680666,0.002288818359375,True,False,True,True,0.05
217.0,semi_sickled,243,244,61.0,0.01698425200302154,0.017483368515968323,0.022488245740532875,0.008480074349790812,0.013542179949581623,0.00341796875,True,True,True,True,0.05
217.0,semi_sickled,244,245,61.25,0.010298689623596147,0.020327121019363403,0.00438969349488616,0.0025257939705625176,0.0023050059098750353,0.00274658203125,True,True,True,True,0.05
217.0,semi_sickled,245,246,61.5,0.02084890119731426,0.03162696957588196,0.020676620304584503,0.0038451850414276123,0.004089295864105225,0.00360107421875,True,True,True,True,0.05
217.0,semi_sickled,246,247,61.75,0.034692423936212434,0.07879258692264557,0.0070776138454675674,0.002792897284962237,0.0036021519917994738,0.001983642578125,True,False,True,True,0.05
217.0,semi_sickled,247,248,62.0,0.04425322301394772,0.10319499671459198,0.007194445934146643,0.0018286730046384037,0.0013990452280268073,0.00225830078125,True,False,True,True,0.05
217.0,semi_sickled,248,249,62.25,0.037594721047207715,0.08463817834854126,0.009909451939165592,0.0010845661163330078,0.0007042884826660156,0.00146484375,True,False,True,True,0.05
217.0,semi_sickled,249,250,62.5,0.0058488516137003895,0.006385818123817444,0.007535625249147415,0.002628222107887268,0.003852635622024536,0.00140380859375,True,True,True,True,0.05
217.0,semi_sickled,250,251,62.75,0.010254929907387121,0.020336344838142395,0.004221472889184952,0.0025715058436617255,0.003037298796698451,0.002105712890625,True,True,True,True,0.05
217.0,semi_sickled,251,252,63.0,0.02614552276063478,0.06404301524162292,0.00029137011733837426,0.0017053484916687012,0.0017017126083374023,0.001708984375,True,False,True,True,0.05
217.0,semi_sickled,252,253,63.25,0.011704014433780687,0.025624990463256836,0.0016335012624040246,0.0035291712265461683,0.004769524093717337,0.002288818359375,True,True,True,True,0.05
217.0,semi_sickled,253,254,63.5,0.016758424486033617,0.035982295870780945,0.004246088210493326,0.0035175010561943054,0.005234465003013611,0.001800537109375,True,True,True,True,0.05
217.0,semi_sickled,254,255,63.75,0.019605396036058664,0.023142457008361816,0.027519023045897484,0.0028670206665992737,0.0028348714113235474,0.002899169921875,True,True,True,True,0.05
217.0,semi_sickled,255,256,64.0,0.022178274102043358,0.023792609572410583,0.032144736498594284,0.005642289994284511,0.007744540926069021,0.0035400390625,True,True,True,True,0.05
217.0,semi_sickled,256,257,64.25,0.013820524213952013,0.03055568039417267,0.003290795721113682,0.0017858942155726254,0.0015881458530202508,0.001983642578125,True,True,True,True,0.05
217.0,semi_sickled,257,258,64.5,0.026508098602062092,0.03697079420089722,0.03134285658597946,0.0029991244664415717,0.0020004461985081434,0.003997802734375,True,True,True,True,0.05
219.0,semi_sickled,292,293,73.25,0.013411398290190847,0.028398722410202026,0.0028286471497267485,0.004247531294822693,0.005138128995895386,0.00335693359375,True,True,True,True,0.05
219.0,semi_sickled,293,294,73.5,0.011546130708302373,0.02549557387828827,0.0015551025280728936,0.0032144610886462033,0.0014240393647924066,0.0050048828125,True,True,True,True,0.05
219.0,semi_sickled,294,295,73.75,0.003122032774263062,0.003164157271385193,0.0034965325612574816,0.0025303338770754635,0.001062865019775927,0.003997802734375,True,True,True,True,0.05
219.0,semi_sickled,295,296,74.0,0.020479071338195355,0.033261872828006744,0.01719932071864605,0.004618239821866155,0.005116606596857309,0.004119873046875,True,True,True,True,0.05
219.0,semi_sickled,296,297,74.25,0.008690756984287873,0.007461965084075928,0.01408824697136879,0.0031003380427137017,0.0023249436635524035,0.003875732421875,True,True,True,True,0.05
219.0,semi_sickled,297,298,74.5,0.018454656907124445,0.042999207973480225,0.0018552258843556046,0.0024225786328315735,0.000725284218788147,0.004119873046875,True,True,True,True,0.05
222.0,final_sickled,98,99,24.75,0.03102170043857768,0.05480128526687622,0.02248487062752247,0.004925926448777318,0.006220261100679636,0.003631591796875,True,False,True,True,0.05
222.0,final_sickled,99,100,25.0,0.010310315073002129,0.005949992686510086,0.01874212920665741,0.005482291104272008,0.006570050958544016,0.00439453125,True,True,True,True,0.05
222.0,final_sickled,100,101,25.25,0.0062458520871587105,0.010519329458475113,0.003372861072421074,0.003430475713685155,0.00490782642737031,0.001953125,True,True,True,True,0.05
222.0,final_sickled,101,102,25.5,0.004080065593007021,0.00917033851146698,0.0,0.0016477207536809146,0.0014033516636118293,0.00189208984375,True,True,True,True,0.05
222.0,final_sickled,102,103,25.75,0.003653031500289217,0.007225720211863518,0.001163848559372127,0.0014215856790542603,0.0013478100299835205,0.001495361328125,True,True,True,True,0.05
222.0,final_sickled,103,104,26.0,0.012660435016732662,0.014937890693545341,0.016328247264027596,0.0038815687876194715,0.005108108278363943,0.002655029296875,True,True,True,True,0.05
222.0,final_sickled,104,105,26.25,0.009223710570950061,0.0061473846435546875,0.01687699370086193,0.003431235672906041,0.004421065095812082,0.00244140625,True,True,True,True,0.05
223.0,final_sickled,107,108,27.0,0.04004035509424284,0.08686443418264389,0.010676171630620956,0.0062316854018718,0.005413810256868601,0.007049560546875,True,False,True,True,0.05
223.0,final_sickled,108,109,27.25,0.015003293260815554,0.021953653544187546,0.015142321586608887,0.003688077151309699,0.0014252265682443976,0.005950927734375,True,True,True,True,0.05
223.0,final_sickled,109,110,27.5,0.04534141820622608,0.013975631445646286,0.10913866013288498,0.006210538325831294,0.006317561026662588,0.006103515625,True,True,False,True,0.05
223.0,final_sickled,110,111,27.75,0.14390344731509686,0.24948720633983612,0.11817601323127747,0.010987840592861176,0.01611630618572235,0.005859375,False,False,False,True,0.05
223.0,final_sickled,111,112,28.0,0.08269069455564022,0.12532871961593628,0.08849501609802246,0.00634380429983139,0.006614610552787781,0.006072998046875,False,False,False,True,0.05
223.0,final_sickled,112,113,28.25,0.14179026521742344,0.2513926029205322,0.11440946906805038,0.004759639501571655,0.0041787028312683105,0.005340576171875,False,False,False,True,0.05
223.0,final_sickled,113,114,28.5,0.18275707699358465,0.38025152683258057,0.07952168583869934,0.011295504868030548,0.017006292939186096,0.005584716796875,False,False,False,True,0.05
223.0,final_sickled,114,115,28.75,0.12060954603366554,0.21204833686351776,0.0923040509223938,0.013935173861682415,0.01898973248898983,0.008880615234375,False,False,False,True,0.05
223.0,final_sickled,115,116,29.0,0.10074204765260221,0.21040718257427216,0.04323291778564453,0.00579061359167099,0.00669841468334198,0.0048828125,False,False,True,True,0.05
223.0,final_sickled,116,117,29.25,0.018660095253905568,0.02931886911392212,,0.0016060570778790861,0.0008012254838831723,0.002410888671875,True,True,,True,0.05
223.0,final_sickled,117,118,29.5,0.279299494667122,0.4421776533126831,,0.018694440834224224,0.025456508621573448,0.011932373046875,False,False,,True,0.05
223.0,final_sickled,118,119,29.75,0.0034288372087758036,0.004359554499387741,0.0029676377307623625,0.0025853688130155206,0.002485190751031041,0.002685546875,True,True,True,True,0.05
223.0,final_sickled,119,120,30.0,0.010974134859861807,0.022873423993587494,0.003703070105984807,0.002114762901328504,0.002673129318282008,0.001556396484375,True,True,True,True,0.05
223.0,final_sickled,120,121,30.25,0.016164185845991597,0.028451967984437943,0.011700513772666454,0.0027528753271326423,0.0026981334667652845,0.0028076171875,True,True,True,True,0.05
223.0,final_sickled,121,122,30.5,0.012163523340132088,0.014904666692018509,0.014900180511176586,0.003946373937651515,0.00505461310967803,0.002838134765625,True,True,True,True,0.05
223.0,final_sickled,122,123,30.75,0.00542347174778115,0.008702091872692108,0.004860662389546633,0.0009656126494519413,0.0010462155332788825,0.000885009765625,True,True,True,True,0.05
223.0,final_sickled,123,124,31.0,0.01660856612143107,0.03529129922389984,0.005594491492956877,0.002135897637344897,0.0019829769153147936,0.002288818359375,True,True,True,True,0.05
224.0,final_sickled,182,183,45.75,0.011038602003827691,0.00994497537612915,0.012529524974524975,0.010701112449169159,0.013589724898338318,0.0078125,True,True,True,True,0.05
224.0,final_sickled,183,184,46.0,0.03336177123710513,0.0579710528254509,0.021848389878869057,0.01010565459728241,0.00943860411643982,0.010772705078125,True,False,True,True,0.05
224.0,final_sickled,184,185,46.25,0.005490854155505076,0.00805516168475151,0.0037415791302919388,0.003836947144009173,0.002638493897393346,0.005035400390625,True,True,True,True,0.05
224.0,final_sickled,185,186,46.5,0.008883948903530836,0.003362063318490982,0.016686858609318733,0.006794892251491547,0.007272645831108093,0.006317138671875,True,True,True,True,0.05
224.0,final_sickled,186,187,46.75,0.008686421124730259,0.015511929988861084,0.004624919034540653,0.003451709868386388,0.004584083799272776,0.0023193359375,True,True,True,True,0.05
224.0,final_sickled,187,188,47.0,0.011185645591467619,0.010890718549489975,0.01679842360317707,0.003799639642238617,0.003509923815727234,0.00408935546875,True,True,True,True,0.05
224.0,final_sickled,188,189,47.25,0.005061472137458623,0.009522795677185059,0.0012084984919056296,0.0033175175776705146,0.003857935545966029,0.002777099609375,True,True,True,True,0.05
224.0,final_sickled,189,190,47.5,0.0066284232889302075,0.013813793659210205,0.00021644681692123413,0.004108597757294774,0.005501131061464548,0.002716064453125,True,True,True,True,0.05
225.0,final_sickled,86,87,21.75,0.016256308660376816,0.017281124368309975,0.02349049597978592,0.004488741280511022,0.004033634904772043,0.00494384765625,True,True,True,True,0.05
225.0,final_sickled,87,88,22.0,0.004116291426180396,0.005655195564031601,0.0030599310994148254,0.0031329492630902678,0.0008642871980555356,0.005401611328125,True,True,True,True,0.05
225.0,final_sickled,88,89,22.25,0.02144277859479189,0.011582976207137108,0.04416714236140251,0.005404353141784668,0.005071401596069336,0.0057373046875,True,True,True,True,0.05
225.0,final_sickled,89,90,22.5,0.0032409592196927404,0.005566176027059555,0.00028686257428489625,0.0036563476314768195,0.002216259716078639,0.005096435546875,True,True,True,True,0.05
225.0,final_sickled,90,91,22.75,0.014750888798153028,0.015094952657818794,0.02215881459414959,0.0038292905082926154,0.003019909141585231,0.004638671875,True,True,True,True,0.05
225.0,final_sickled,91,92,23.0,0.01107770884409547,0.007841065526008606,0.0191106628626585,0.005010202527046204,0.004679828882217407,0.005340576171875,True,True,True,True,0.05
226.0,semi_sickled,303,304,76.0,0.01093927837209776,0.016101926565170288,0.008406225591897964,0.0062253151554614305,0.006438667420297861,0.006011962890625,True,True,True,True,0.05
226.0,semi_sickled,304,305,76.25,0.02283021282637492,0.039758116006851196,0.015558111481368542,0.0059265096206218,0.005688468459993601,0.00616455078125,True,True,True,True,0.05
226.0,semi_sickled,305,306,76.5,0.01346583272679709,0.02965259552001953,0.0010286617325618863,0.004979051649570465,0.00342734158039093,0.00653076171875,True,True,True,True,0.05
226.0,semi_sickled,306,307,76.75,0.022524480894207954,0.046718522906303406,0.006181880831718445,0.006693653762340546,0.008199319243431091,0.00518798828125,True,True,True,True,0.05
226.0,semi_sickled,307,308,77.0,0.017032553907483816,0.03594866394996643,0.00507763959467411,0.003503657877445221,0.003711417317390442,0.0032958984375,True,True,True,True,0.05
226.0,semi_sickled,308,309,77.25,0.011085830064257606,0.023240208625793457,0.0031592727173119783,0.0027360046515241265,0.002816980006173253,0.002655029296875,True,True,True,True,0.05
228.0,final_sickled,107,108,27.0,0.014583558507729322,0.029947925359010696,0.004051592200994492,0.004745324375107884,0.004760424140840769,0.004730224609375,True,True,True,True,0.05
228.0,final_sickled,108,109,27.25,0.008117492852034048,0.014332432299852371,0.0043860613368451595,0.0033975938567891717,0.0031941134948283434,0.00360107421875,True,True,True,True,0.05
228.0,final_sickled,109,110,27.5,0.009584028541576117,0.00312151201069355,0.01969119906425476,0.005774016259238124,0.005413999315351248,0.006134033203125,True,True,True,True,0.05
228.0,final_sickled,110,111,27.75,0.009341948240762576,0.003997817635536194,0.019305512309074402,0.003943567513488233,0.003553638933226466,0.00433349609375,True,True,True,True,0.05
228.0,final_sickled,111,112,28.0,0.0074977625452447684,0.01642640121281147,0.0013294912641867995,0.0018475204706192017,0.0005517303943634033,0.003143310546875,True,True,True,True,0.05
228.0,final_sickled,112,113,28.25,0.0035823552636429666,0.0029794052243232727,0.004311597440391779,0.00352613627910614,0.0034511983394622803,0.00360107421875,True,True,True,True,0.05
229.0,final_sickled,228,229,57.25,0.0041855768969981,0.0034589916467666626,0.006048755720257759,0.002739662944804877,0.001451005577109754,0.0040283203125,True,True,True,True,0.05
229.0,final_sickled,229,230,57.5,0.1453900675754994,0.24481327831745148,0.12385039776563644,0.016468468122184277,0.019875412806868553,0.0130615234375,False,False,False,True,0.05
229.0,final_sickled,230,231,57.75,0.017196462501306086,0.015951082110404968,0.026508649811148643,0.006152008892968297,0.006261537317186594,0.00604248046875,True,True,True,True,0.05
229.0,final_sickled,231,232,58.0,0.013153577595949173,0.02363455295562744,0.00593896210193634,0.006484478712081909,0.006529748439788818,0.006439208984375,True,True,True,True,0.05
229.0,final_sickled,232,233,58.25,0.00936405018583173,0.019717320799827576,0.0029937520157545805,0.0017172346415463835,0.000657369673717767,0.002777099609375,True,True,True,True,0.05
229.0,final_sickled,233,234,58.5,0.002617940891650505,0.001262381672859192,0.004610372707247734,0.0019974310998804867,0.0011872450122609735,0.0028076171875,True,True,True,True,0.05
229.0,final_sickled,234,235,58.75,0.02254015727667138,0.029178842902183533,0.028119197115302086,0.004107604501768947,0.004003783222287893,0.00421142578125,True,True,True,True,0.05
229.0,final_sickled,235,236,59.0,0.022443837090395394,0.05143241584300995,0.0020746111404150724,0.0045790274161845446,0.005862156394869089,0.0032958984375,True,False,True,True,0.05
229.0,final_sickled,236,237,59.25,0.005834234759095124,0.0012004226446151733,0.014021709561347961,0.0017858694191090763,0.0019237896194681525,0.00164794921875,True,True,True,True,0.05
229.0,final_sickled,237,238,59.5,0.011291807284578681,0.018421947956085205,0.009093900211155415,0.0029606521129608154,0.004822671413421631,0.0010986328125,True,True,True,True,0.05
229.0,final_sickled,238,239,59.75,0.013350868650013581,0.029854506254196167,0.0019614396151155233,0.002890249132178724,0.0032780568581074476,0.00250244140625,True,True,True,True,0.05
229.0,final_sickled,239,240,60.0,0.0042618732433766125,0.004586562514305115,0.003391222096979618,0.004961282014846802,0.0066877007484436035,0.00323486328125,True,True,True,True,0.05
229.0,final_sickled,240,241,60.25,0.02749711092328653,0.06307512521743774,0.00413814652711153,0.0032748382072895765,0.004138787742704153,0.002410888671875,True,False,True,True,0.05
229.0,final_sickled,241,242,60.5,0.010270577960181982,0.021932989358901978,0.0027465445455163717,0.002144366502761841,0.0020914673805236816,0.002197265625,True,True,True,True,0.05
229.0,final_sickled,242,243,60.75,0.006216746335849166,0.010195031762123108,0.004253429360687733,0.0026001334190368652,0.0029114484786987305,0.002288818359375,True,True,True,True,0.05
229.0,final_sickled,243,244,61.0,0.012185740325367077,0.009232714772224426,0.02115444652736187,0.004354392527602613,0.003581831930205226,0.005126953125,True,True,True,True,0.05
229.0,final_sickled,244,245,61.25,0.02115972861647606,0.02329060435295105,0.030365392565727234,0.004862397909164429,0.004140079021453857,0.005584716796875,True,True,True,True,0.05
229.0,final_sickled,245,246,61.5,0.005048532874207012,0.00587955117225647,0.0055083478800952435,0.003075162589084357,0.001938899396918714,0.00421142578125,True,True,True,True,0.05
229.0,final_sickled,246,247,61.75,0.0017228548749699257,0.0015797168016433716,0.000290361960651353,0.003957365872338414,0.004313657525926828,0.00360107421875,True,True,True,True,0.05
230.0,final_sickled,150,151,37.75,0.011455475492402912,0.016795657575130463,0.00897494051605463,0.006383933126926422,0.007488325238227844,0.005279541015625,True,True,True,True,0.05
230.0,final_sickled,151,152,38.0,0.014813175133895129,0.015435740351676941,0.020718369632959366,0.005549798486754298,0.005331774707883596,0.005767822265625,True,True,True,True,0.05
230.0,final_sickled,152,153,38.25,0.01579575652431231,0.023716911673545837,0.015570786781609058,0.003436865925323218,0.0018993666162714362,0.004974365234375,True,True,True,True,0.05
230.0,final_sickled,153,154,38.5,0.02138753236504272,0.035020433366298676,0.01716947741806507,0.005480167688801885,0.004063362721353769,0.00689697265625,True,True,True,True,0.05
230.0,final_sickled,154,155,38.75,0.19917776617221533,0.2793610692024231,0.23077720403671265,0.026645268313586712,0.030799081549048424,0.022491455078125,False,False,False,True,0.05
230.0,final_sickled,155,156,39.0,0.036516758200014016,0.06795261800289154,0.023123549297451973,0.004969874978996813,0.0031953651923686266,0.006744384765625,True,False,True,True,0.05
230.0,final_sickled,156,157,39.25,0.060530951939290395,0.13630825281143188,0.013604160398244858,0.004984778701327741,0.0025232683401554823,0.0074462890625,False,False,True,True,0.05
230.0,final_sickled,157,158,39.5,0.07829807428643107,0.0658518522977829,0.12354815751314163,0.034861912950873375,0.03655121847987175,0.033172607421875,False,False,False,True,0.05
230.0,final_sickled,158,159,39.75,0.03378941230475903,0.04952119290828705,0.03719107061624527,0.0038562417030334473,0.0045386552810668945,0.003173828125,True,True,True,True,0.05
230.0,final_sickled,159,160,40.0,0.11971686873584986,0.23749962449073792,0.06106378510594368,0.013378776609897614,0.015893295407295227,0.0108642578125,False,False,False,True,0.05
230.0,final_sickled,160,161,40.25,0.015477126045152546,0.03366239368915558,0.0025535274762660265,0.004473735811188817,0.005498985294252634,0.003448486328125,True,True,True,True,0.05
230.0,final_sickled,161,162,40.5,0.006256429897621273,0.004663899540901184,0.009495793841779232,0.004269368946552277,0.005029216408729553,0.003509521484375,True,True,True,True,0.05
230.0,final_sickled,162,163,40.75,0.03787384383031167,0.0724162608385086,0.023067796602845192,0.0033344427356496453,0.0027321178931742907,0.003936767578125,True,False,True,True,0.05
230.0,final_sickled,163,164,41.0,0.04383822354720905,0.08285531401634216,0.0268547460436821,0.005187747301533818,0.0047602602280676365,0.005615234375,True,False,True,True,0.05
230.0,final_sickled,164,165,41.25,0.009342755854595453,0.006948620080947876,0.014969862997531891,0.005295423092320561,0.006135279778391123,0.00445556640625,True,True,True,True,0.05
230.0,final_sickled,165,166,41.5,0.014811920560896398,0.016785144805908203,0.02012750878930092,0.0042129382491111755,0.005007907748222351,0.00341796875,True,True,True,True,0.05
230.0,final_sickled,166,167,41.75,0.01828713629511185,0.0391932874917984,0.005562964361160994,0.002651135087944567,0.0020368893165141344,0.003265380859375,True,True,True,True,0.05
230.0,final_sickled,167,168,42.0,0.05636929852189496,0.13392801582813263,0.00509653752669692,0.004057216225191951,0.005184744950383902,0.0029296875,False,False,True,True,0.05
230.0,final_sickled,168,169,42.25,0.03282592744799331,0.05405396223068237,0.02801857329905033,0.005591367604210973,0.007490108255296946,0.003692626953125,True,False,True,True,0.05
230.0,final_sickled,169,170,42.5,0.011966862878762186,0.012020289897918701,0.01605648174881935,0.006155913230031729,0.008375058881938457,0.003936767578125,True,True,True,True,0.05
230.0,final_sickled,170,171,42.75,0.01677072998136282,0.02771960198879242,0.012858685106039047,0.0047293975949287415,0.005277886986732483,0.004180908203125,True,True,True,True,0.05
230.0,final_sickled,171,172,43.0,0.010129604183021002,0.015116199851036072,0.010031308978796005,0.002288664400111884,0.0014645358314737678,0.00311279296875,True,True,True,True,0.05
230.0,final_sickled,172,173,43.25,0.04304976492421701,0.06698082387447357,0.04242973402142525,0.005628113867715001,0.007197389844805002,0.004058837890625,True,False,True,True,0.05
230.0,final_sickled,173,174,43.5,0.014539267658255993,0.004386961460113525,0.033105768263339996,0.004789856728166342,0.007870729081332684,0.001708984375,True,True,True,True,0.05
230.0,final_sickled,174,175,43.75,0.01569558049623783,0.024467438459396362,,0.0016606077551841736,0.0011849850416183472,0.00213623046875,True,True,,True,0.05
230.0,final_sickled,175,176,44.0,0.007319900462439713,0.009965628385543823,,0.003086735785473138,0.0018704930553212762,0.004302978515625,True,True,,True,0.05
230.0,final_sickled,176,177,44.25,0.013332588071352802,0.02932281792163849,0.0036544788163155317,0.0012975732679478824,0.0012218555202707648,0.001373291015625,True,True,True,True,0.05
230.0,final_sickled,177,178,44.5,0.027324593346565965,0.04147990047931671,0.026701638475060463,0.005548238754272461,0.006091594696044922,0.0050048828125,True,True,True,True,0.05
230.0,final_sickled,178,179,44.75,0.017358945071464404,0.027240484952926636,0.015909679234027863,0.003577453433535993,0.002638305304571986,0.0045166015625,True,True,True,True,0.05
231.0,semi_sickled,386,387,96.75,0.026422898608143442,0.05744393169879913,0.007555133197456598,0.0032041172380559146,0.0010676583042368293,0.005340576171875,True,False,True,True,0.05
231.0,semi_sickled,387,388,97.0,0.05221681540133432,0.10676087439060211,0.02254081331193447,0.006492723943665624,0.007004002574831247,0.0059814453125,False,False,True,True,0.05
231.0,semi_sickled,388,389,97.25,0.030645658861612902,0.05502581596374512,0.021084824576973915,0.005022575496695936,0.0034838716965168715,0.006561279296875,True,False,True,True,0.05
231.0,semi_sickled,389,390,97.5,0.008410809189081192,0.011597812175750732,0.007300481200218201,0.004866063594818115,0.0054901838302612305,0.004241943359375,True,True,True,True,0.05
231.0,semi_sickled,390,391,97.75,0.009000012071919628,0.010464027523994446,0.01114607509225607,0.0036530991201289,0.0018740693340077996,0.00543212890625,True,True,True,True,0.05
231.0,semi_sickled,391,392,98.0,0.03053884119726718,0.06103743612766266,0.014250810258090496,0.0045443326234817505,0.003595501184463501,0.0054931640625,True,False,True,True,0.05
231.0,semi_sickled,392,393,98.25,0.02919833278283477,0.047684311866760254,0.023371079936623573,0.007778920233249664,0.010369852185249329,0.00518798828125,True,True,True,True,0.05
231.0,semi_sickled,393,394,98.5,0.0238313049194403,0.033578887581825256,0.02498290129005909,0.006622937740758061,0.005311305169016123,0.0079345703125,True,True,True,True,0.05
231.0,semi_sickled,394,395,98.75,0.002625272926525213,0.003987886011600494,0.0006138799362815917,0.003261042176745832,0.003592396853491664,0.0029296875,True,True,True,True,0.05
231.0,semi_sickled,395,396,99.0,0.02529085581190884,0.047719404101371765,0.014556421898305416,0.004433386027812958,0.0041060298681259155,0.0047607421875,True,True,True,True,0.05
231.0,semi_sickled,396,397,99.25,0.04555331068113447,0.08448883146047592,0.029335996136069298,0.005960717797279358,0.006031543016433716,0.005889892578125,True,False,True,True,0.05
231.0,semi_sickled,397,398,99.5,0.01783962594345212,0.0157545804977417,0.02982722781598568,0.004393056035041809,0.002865701913833618,0.00592041015625,True,True,True,True,0.05
231.0,semi_sickled,398,399,99.75,0.028126690624048933,0.05879470705986023,0.011099354363977909,0.0028961350908502936,0.0020996432285755873,0.003692626953125,True,False,True,True,0.05
231.0,semi_sickled,399,400,100.0,0.006857429951196536,0.010005578398704529,0.005598448216915131,0.0035829668631777167,0.0031986485701054335,0.00396728515625,True,True,True,True,0.05
231.0,semi_sickled,400,401,100.25,0.024901727127144113,0.048224106431007385,0.013489327393472195,0.003563279868103564,0.0038916964549571276,0.00323486328125,True,True,True,True,0.05
231.0,semi_sickled,401,402,100.5,0.019610555574763565,0.027816489338874817,0.020668722689151764,0.0049996275920420885,0.006367663387209177,0.003631591796875,True,True,True,True,0.05
231.0,semi_sickled,402,403,100.75,0.027538511110469698,0.05672904849052429,0.010582917369902134,0.004571482539176941,0.004168599843978882,0.004974365234375,True,False,True,True,0.05
231.0,semi_sickled,403,404,101.0,0.016305535566061735,0.013764411211013794,0.027121299877762794,0.005229264497756958,0.003622591495513916,0.0068359375,True,True,True,True,0.05
231.0,semi_sickled,404,405,101.25,0.0077861415047664195,0.013398364186286926,0.00338228908367455,0.004971978603862226,0.003718371270224452,0.0062255859375,True,True,True,True,0.05
231.0,semi_sickled,405,406,101.5,0.012568169221049176,0.020327523350715637,0.010255619883537292,0.0033907716860994697,0.0023564945440739393,0.004425048828125,True,True,True,True,0.05
231.0,semi_sickled,406,407,101.75,0.008039914420805871,0.004087790846824646,0.013825071044266224,0.006264092866331339,0.008011584170162678,0.0045166015625,True,True,True,True,0.05
231.0,semi_sickled,407,408,102.0,0.016153238184051587,0.03403675556182861,0.0050703478045761585,0.0030556569108739495,0.002479722024872899,0.003631591796875,True,True,True,True,0.05
231.0,semi_sickled,408,409,102.25,0.032218749041203414,0.07416126132011414,0.004076073877513409,0.004510474624112248,0.003985548857599497,0.005035400390625,True,False,True,True,0.05
231.0,semi_sickled,409,410,102.5,0.012507422710768878,0.017239585518836975,0.010618063621222973,0.007581064943224192,0.008600850589573383,0.006561279296875,True,True,True,True,0.05
231.0,semi_sickled,410,411,102.75,0.010051421553362161,0.009661078453063965,0.014385737478733063,0.004607928218320012,0.004485631827265024,0.004730224609375,True,True,True,True,0.05
231.0,semi_sickled,411,412,103.0,0.0425455903634429,0.09640994668006897,0.009154658764600754,0.0031099244952201843,0.0031375735998153687,0.003082275390625,True,False,True,True,0.05
231.0,semi_sickled,412,413,103.25,0.00576594591839239,0.008883610367774963,0.003420170396566391,0.004061768529936671,0.0054990253411233425,0.00262451171875,True,True,True,True,0.05
231.0,semi_sickled,413,414,103.5,0.011779269017279149,0.024267077445983887,0.004127737134695053,0.0025109201669692993,0.0016038715839385986,0.00341796875,True,True,True,True,0.05
231.0,semi_sickled,414,415,103.75,0.011401241854764523,0.01868988573551178,0.006666414439678192,0.006368170026689768,0.008341808803379536,0.00439453125,True,True,True,True,0.05
231.0,semi_sickled,415,416,104.0,0.02177954101935029,0.02913583815097809,0.025252526625990868,0.005147285759449005,0.0014444738626480103,0.00885009765625,True,True,True,True,0.05
231.0,semi_sickled,416,417,104.25,0.013260935107246042,0.01911988854408264,0.01399450283497572,0.0028596147894859314,0.00010399520397186279,0.005615234375,True,True,True,True,0.05
231.0,semi_sickled,417,418,104.5,0.023968855285784234,0.04808184504508972,0.01013686042279005,0.004752864479087293,0.0037073891144245863,0.00579833984375,True,True,True,True,0.05
233.0,semi_sickled,214,215,53.75,0.06952903952915222,0.1615145206451416,0.006003761198371649,0.011287659406661987,0.013114869594573975,0.00946044921875,False,False,True,True,0.05
233.0,semi_sickled,215,216,54.0,0.06733955540694296,0.1523945927619934,0.01394179742783308,0.006008356809616089,0.0036548972129821777,0.00836181640625,False,False,True,True,0.05
233.0,semi_sickled,216,217,54.25,0.03064185352995992,0.045196354389190674,0.030037572607398033,0.008200645446777344,0.009717941284179688,0.006683349609375,True,True,True,True,0.05
233.0,semi_sickled,217,218,54.5,0.016930046118795873,0.008309170603752136,0.03196617588400841,0.009672865271568298,0.011868923902511597,0.007476806640625,True,True,True,True,0.05
233.0,semi_sickled,218,219,54.75,0.02769630616530776,0.043442681431770325,0.02324231155216694,0.008737698197364807,0.012043267488479614,0.00543212890625,True,True,True,True,0.05
233.0,semi_sickled,219,220,55.0,0.061708295508287846,0.1353161782026291,0.016558937728405,0.007144784089177847,0.010322283022105694,0.00396728515625,False,False,True,True,0.05
233.0,semi_sickled,220,221,55.25,0.0190181169367861,0.04414106905460358,0.00128028669860214,0.0036543558817356825,0.004684200044721365,0.00262451171875,True,True,True,True,0.05
233.0,semi_sickled,221,222,55.5,0.014363982289796694,0.008628696203231812,0.028478339314460754,0.003780340193770826,0.0036544303875416517,0.00390625,True,True,True,True,0.05
233.0,semi_sickled,222,223,55.75,0.01849316358566284,0.011639922857284546,0.035106003284454346,0.00620037317276001,0.00840294361114502,0.003997802734375,True,True,True,True,0.05
233.0,semi_sickled,223,224,56.0,0.025076852389611305,0.056560665369033813,0.00463719991967082,0.0033182650804519653,0.0026692450046539307,0.00396728515625,True,False,True,True,0.05
233.0,semi_sickled,224,225,56.25,0.033750737592345106,0.0571579784154892,0.02794923633337021,0.004421254037879407,0.002342263935133815,0.006500244140625,True,False,True,True,0.05
233.0,semi_sickled,225,226,56.5,0.014240322215482593,0.02449341118335724,0.009320744313299656,0.00472278892993927,0.00578346848487854,0.003662109375,True,True,True,True,0.05
233.0,semi_sickled,226,227,56.75,0.01466230673249811,0.029850855469703674,0.00474290968850255,0.004247784614562988,0.0042536258697509766,0.004241943359375,True,True,True,True,0.05
233.0,semi_sickled,227,228,57.0,0.029975823604036125,0.039058759808540344,0.036981139332056046,0.005635683657601476,0.007029423955827951,0.004241943359375,True,True,True,True,0.05
233.0,semi_sickled,228,229,57.25,0.03773796388413757,0.06536847352981567,0.027856260538101196,0.0073635331355035305,0.009294937364757061,0.00543212890625,True,False,True,True,0.05
233.0,semi_sickled,229,230,57.5,0.023933963710442187,0.04893571138381958,0.006785894278436899,0.007938464637845755,0.01108566951006651,0.004791259765625,True,True,True,True,0.05
233.0,semi_sickled,230,231,57.75,0.004896873375400901,0.006702348589897156,0.0035995589569211006,0.0038243532180786133,0.0051462650299072266,0.00250244140625,True,True,True,True,0.05
233.0,semi_sickled,231,232,58.0,0.03445990525651724,0.05984698235988617,0.024037828668951988,0.008431489113718271,0.012743105180561543,0.004119873046875,True,False,True,True,0.05
233.0,semi_sickled,232,233,58.25,0.013778068244573661,0.025179937481880188,0.009344778954982758,0.0017416824703104794,0.0012860993156209588,0.002197265625,True,True,True,True,0.05
233.0,semi_sickled,233,234,58.5,0.040955650527030235,0.07227310538291931,0.03001018427312374,0.006171375513076782,0.009596168994903564,0.00274658203125,True,False,True,True,0.05
233.0,semi_sickled,234,235,58.75,0.02629449518281035,0.0603601336479187,0.004149286542087793,0.0027927657356485724,0.003296713111922145,0.002288818359375,True,False,True,True,0.05
233.0,semi_sickled,235,236,59.0,0.06405018051736988,0.1463804394006729,0.012921039015054703,0.003902564407326281,0.003715773345902562,0.00408935546875,False,False,True,True,0.05
233.0,semi_sickled,236,237,59.25,0.016962022054940462,0.015979453921318054,0.025155281648039818,0.007063567638397217,0.009854674339294434,0.0042724609375,True,True,True,True,0.05
233.0,semi_sickled,237,238,59.5,0.025854473223444075,0.05380181968212128,0.00842179823666811,0.005544463871046901,0.0076404414139688015,0.003448486328125,True,False,True,True,0.05
233.0,semi_sickled,238,239,59.75,0.00993436892167665,0.01499718427658081,0.00877984706312418,0.003450194955803454,0.002444823505356908,0.00445556640625,True,True,True,True,0.05
233.0,semi_sickled,239,240,60.0,0.0172710359795019,0.01779012382030487,0.023836994543671608,0.007248153444379568,0.009430388920009136,0.00506591796875,True,True,True,True,0.05
233.0,semi_sickled,240,241,60.25,0.014868900389410555,0.004390031099319458,0.032972559332847595,0.006289968732744455,0.00815488863736391,0.004425048828125,True,True,True,True,0.05
233.0,semi_sickled,241,242,60.5,0.012971435446524992,0.027579739689826965,0.0038371325936168432,0.0023861726513132453,0.0020867984276264906,0.002685546875,True,True,True,True,0.05
233.0,semi_sickled,242,243,60.75,0.01101062559755519,0.006353095173835754,0.01997561939060688,0.005911682965233922,0.005841920617967844,0.0059814453125,True,True,True,True,0.05
233.0,semi_sickled,243,244,61.0,0.01193984888959676,0.0008493661880493164,0.028011640533804893,0.007184112910181284,0.008356262929737568,0.006011962890625,True,True,True,True,0.05
234.0,semi_sickled,121,122,30.5,0.043568838480859996,0.08407995849847794,0.02498028241097927,0.004775024950504303,0.005491212010383606,0.004058837890625,True,False,True,True,0.05
234.0,semi_sickled,122,123,30.75,0.016864237922709434,0.012133024632930756,0.030136248096823692,0.005853364942595363,0.004626651760190725,0.007080078125,True,True,True,True,0.05
234.0,semi_sickled,123,124,31.0,0.07000668582040817,0.15016822516918182,0.021340006962418556,0.009881573263555765,0.01207271683961153,0.0076904296875,False,False,True,True,0.05
234.0,semi_sickled,124,125,31.25,0.024821911507751794,0.04511559009552002,0.015415090136229992,0.005521575687453151,0.0044513544999063015,0.006591796875,True,True,True,True,0.05
234.0,semi_sickled,125,126,31.5,0.024689470930024982,0.037729665637016296,0.018420683220028877,0.012601462192833424,0.017146283760666847,0.008056640625,True,True,True,True,0.05
234.0,semi_sickled,126,127,31.75,0.033677983496454546,0.06666699796915054,0.017626015469431877,0.0033683155779726803,0.0016096780309453607,0.005126953125,True,False,True,True,0.05
234.0,semi_sickled,127,128,32.0,0.012774788425303996,0.012119904160499573,0.015693500638008118,0.009736406151205301,0.011996005661785603,0.007476806640625,True,True,True,True,0.05
234.0,semi_sickled,128,129,32.25,0.023111405374947935,0.05069609731435776,0.003632100997492671,0.00624692440032959,0.00870966911315918,0.0037841796875,True,False,True,True,0.05
234.0,semi_sickled,129,130,32.5,0.010118584462907166,0.00929655134677887,0.014852690510451794,0.004806088982149959,0.005919551011174917,0.003692626953125,True,True,True,True,0.05
234.0,semi_sickled,130,131,32.75,0.018819372181314978,0.029548004269599915,0.016528619453310966,0.004860614659264684,0.0059065320529043674,0.003814697265625,True,True,True,True,0.05
234.0,semi_sickled,131,132,33.0,0.005203006597002968,0.00608748197555542,0.005197777412831783,0.0037951668491587043,0.0030432145576924086,0.004547119140625,True,True,True,True,0.05
234.0,semi_sickled,132,133,33.25,0.020265204206225462,0.04152984917163849,0.00845586508512497,0.0027748470311053097,0.0013382682809606194,0.00421142578125,True,True,True,True,0.05
234.0,semi_sickled,133,134,33.5,0.009558883146382868,0.0011692792177200317,0.02042992413043976,0.007762792054563761,0.010185007937252522,0.005340576171875,True,True,True,True,0.05
234.0,semi_sickled,134,135,33.75,0.019815830350853506,0.028688333928585052,0.019233278930187225,0.0064353966154158115,0.008689885027706623,0.004180908203125,True,True,True,True,0.05
236.0,final_sickled,239,240,60.0,0.02323852832778357,0.04476122558116913,0.01239121612161398,0.003988449811004102,0.0034602980595082045,0.0045166015625,True,True,True,True,0.05
236.0,final_sickled,240,241,60.25,0.028692168823909014,0.0410192608833313,0.03153349831700325,0.0049909602385014296,0.005404283758252859,0.00457763671875,True,True,True,True,0.05
236.0,final_sickled,241,242,60.5,0.02499639728339389,0.04218660295009613,0.019235195592045784,0.0055577505845576525,0.004889915231615305,0.0062255859375,True,True,True,True,0.05
236.0,final_sickled,242,243,60.75,0.02786774561973289,0.04999984800815582,0.01918547786772251,0.004611556651070714,0.004798064474016428,0.004425048828125,True,True,True,True,0.05
236.0,final_sickled,243,244,61.0,0.022495180799160155,0.0503816157579422,0.002510898746550083,0.005854879738762975,0.0074067809619009495,0.004302978515625,True,False,True,True,0.05
236.0,final_sickled,244,245,61.25,0.018723026453517377,0.02088749408721924,0.025222644209861755,0.006160413380712271,0.007834742777049541,0.004486083984375,True,True,True,True,0.05
236.0,final_sickled,245,246,61.5,0.031202787801157685,0.0472458153963089,0.031305424869060516,0.005390251753851771,0.004890610929578543,0.005889892578125,True,True,True,True,0.05
236.0,final_sickled,246,247,61.75,0.02680741510121152,0.040126532316207886,0.027092082425951958,0.005098293302580714,0.0051611862145364285,0.005035400390625,True,True,True,True,0.05
236.0,final_sickled,247,248,62.0,0.012008821312338113,0.0126238614320755,0.016025034710764885,0.005402058362960815,0.006226480007171631,0.00457763671875,True,True,True,True,0.05
236.0,final_sickled,248,249,62.25,0.05017715971916914,0.07306386530399323,0.055818360298871994,0.005660749971866608,0.005736783146858215,0.005584716796875,False,False,False,True,0.05
236.0,final_sickled,249,250,62.5,0.03422785475850105,0.01941530406475067,0.06791619211435318,0.010764263570308685,0.01228170096874237,0.009246826171875,True,True,False,True,0.05
236.0,final_sickled,250,251,62.75,0.013855224050348624,0.0011689960956573486,0.03423192724585533,0.0056258043041452765,0.003286520717665553,0.007965087890625,True,True,True,True,0.05
236.0,final_sickled,251,252,63.0,0.006148852041224017,0.004518106579780579,0.010726560838520527,0.0023492524633184075,0.002226581098511815,0.002471923828125,True,True,True,True,0.05
236.0,final_sickled,252,253,63.25,0.01389433378353715,0.01900915801525116,0.015802724286913872,0.0030388683080673218,0.0021104514598846436,0.00396728515625,True,True,True,True,0.05
236.0,final_sickled,253,254,63.5,0.03768411276396364,0.05329181253910065,0.039988648146390915,0.009485443588346243,0.012043396942317486,0.006927490234375,True,False,True,True,0.05
236.0,final_sickled,254,255,63.75,0.014613275416195393,0.020010441541671753,0.014936577528715134,0.005525186657905579,0.007479816675186157,0.003570556640625,True,True,True,True,0.05
236.0,final_sickled,255,256,64.0,0.02731545752612874,,0.04182950779795647,0.0069957871455699205,0.006942013744264841,0.007049560546875,True,,True,True,0.05
236.0,final_sickled,256,257,64.25,0.04113400133792311,,0.06320744007825851,0.010231187101453543,0.010757784359157085,0.00970458984375,True,,False,True,0.05
236.0,final_sickled,257,258,64.5,0.00366055553604383,,0.0048928395844995975,0.001935357868205756,0.001703967689536512,0.002166748046875,True,,True,True,0.05
236.0,final_sickled,258,259,64.75,0.0303415988261501,,0.0459735207259655,0.008456908166408539,0.009101316332817078,0.0078125,True,,True,True,0.05
236.0,final_sickled,259,260,65.0,0.009996000425113985,,0.01426092628389597,0.004025104222819209,0.004174476023763418,0.003875732421875,True,,True,True,0.05
236.0,final_sickled,260,261,65.25,0.0035626506044839816,,0.003976077307015657,0.0029838532209396362,0.0031906068325042725,0.002777099609375,True,,True,True,0.05
236.0,final_sickled,261,262,65.5,0.01707935698990089,,0.026751233264803886,0.0035387302050366998,0.0023472358006983995,0.004730224609375,True,,True,True,0.05
236.0,final_sickled,262,263,65.75,0.00460999202914536,,,0.00460999202914536,0.00442872429266572,0.004791259765625,True,,,True,0.05
236.0,final_sickled,263,264,66.0,0.004296344937756658,,,0.004296344937756658,0.004533851984888315,0.004058837890625,True,,,True,0.05
236.0,final_sickled,264,265,66.25,0.020124033093452454,,,0.020124033093452454,0.018733173608779907,0.021514892578125,True,,,True,0.05
236.0,final_sickled,265,266,66.5,0.12800456521411735,,0.20829002559185028,0.01560492068529129,0.01341809332370758,0.017791748046875,False,,False,True,0.05
236.0,final_sickled,266,267,66.75,0.004167066013906151,,0.004208908881992102,0.00410848599858582,0.00534831965342164,0.00286865234375,True,,True,True,0.05
236.0,final_sickled,267,268,67.0,0.023687883590658505,,0.034779615700244904,0.008159458637237549,0.009086251258850098,0.007232666015625,True,,True,True,0.05
236.0,final_sickled,268,269,67.25,0.01375051774084568,,0.021241843700408936,0.003262661397457123,0.0031378716230392456,0.003387451171875,True,,True,True,0.05
236.0,final_sickled,269,270,67.5,0.018272393518903602,,0.026580870151519775,0.006640526233240962,0.007543747778981924,0.0057373046875,True,,True,True,0.05
236.0,final_sickled,270,271,67.75,0.024955305620096624,,0.037774886935949326,0.007007891777902842,0.008644689805805683,0.00537109375,True,,True,True,0.05
236.0,final_sickled,271,272,68.0,0.056337110057938844,0.10244864225387573,0.03827265650033951,0.007848893525078893,0.007610628847032785,0.008087158203125,False,False,True,True,0.05
236.0,final_sickled,272,273,68.25,0.023434604285284877,0.0464542955160141,0.011165761388838291,0.003779478371143341,0.003957882523536682,0.00360107421875,True,True,True,True,0.05
236.0,final_sickled,273,274,68.5,0.004625979671254754,0.00038489699363708496,0.011083233170211315,0.002371557056903839,0.0017218738794326782,0.003021240234375,True,True,True,True,0.05
236.0,final_sickled,274,275,68.75,0.019330547165009194,0.03035062551498413,0.018589863553643227,0.002735378860961646,0.0016865780344232917,0.0037841796875,True,True,True,True,0.05
236.0,final_sickled,275,276,69.0,0.03612881023436785,0.051898613572120667,0.039361145347356796,0.006371855735778809,0.007494688034057617,0.0052490234375,True,False,True,True,0.05
236.0,final_sickled,276,277,69.25,0.018084143847227098,0.031830012798309326,0.013615705072879791,0.0023465678095817566,0.0018855184316635132,0.0028076171875,True,True,True,True,0.05
236.0,final_sickled,277,278,69.5,0.004556084849173203,0.0053655654191970825,0.0045394934713840485,0.0032841438660398126,0.002845143200829625,0.00372314453125,True,True,True,True,0.05
236.0,final_sickled,278,279,69.75,0.010569708340335637,0.01918075978755951,0.005016427021473646,0.00456661987118423,0.00443353271111846,0.00469970703125,True,True,True,True,0.05
236.0,final_sickled,279,280,70.0,0.02482262192061171,0.04645073413848877,0.015063206665217876,0.003880823729559779,0.004221608396619558,0.0035400390625,True,True,True,True,0.05
236.0,final_sickled,280,281,70.25,0.04308097371831536,0.0789349377155304,0.02914847992360592,0.0052201226353645325,0.005801573395729065,0.004638671875,True,False,True,True,0.05
236.0,final_sickled,281,282,70.5,0.02101010217156727,0.03618311882019043,0.016641592606902122,0.0028491889243014157,0.0015174696454778314,0.004180908203125,True,True,True,True,0.05
236.0,final_sickled,282,283,70.75,0.030156017135595903,0.05275993049144745,0.021980995312333107,0.0054347863188013434,0.002690861700102687,0.0081787109375,True,False,True,True,0.05
236.0,final_sickled,283,284,71.0,0.0026111289178236173,0.0017036348581314087,,0.004063119413331151,0.004433611873537302,0.003692626953125,True,True,,True,0.05
236.0,final_sickled,284,285,71.25,0.014883292409089897,0.02292822301387787,,0.002011403441429138,0.0010931193828582764,0.0029296875,True,True,,True,0.05
236.0,final_sickled,285,286,71.5,0.01330905944073143,0.01921398937702179,,0.0038611715426668525,0.002503837225958705,0.005218505859375,True,True,,True,0.05
236.0,final_sickled,286,287,71.75,0.05016422661719844,0.09581302106380463,0.030193643644452095,0.005084971664473414,0.004219015594571829,0.005950927734375,False,False,True,True,0.05
236.0,final_sickled,287,288,72.0,0.021954911574721337,0.044172123074531555,0.009347856044769287,0.004057250916957855,0.0038115233182907104,0.004302978515625,True,True,True,True,0.05
236.0,final_sickled,288,289,72.25,0.025314950570464137,0.04708057641983032,0.016396284103393555,0.0029760822653770447,0.0025647133588790894,0.003387451171875,True,True,True,True,0.05
236.0,final_sickled,289,290,72.5,0.009105210204143076,0.0027235597372055054,0.019259138032794,0.005100351991131902,0.0051653035916388035,0.005035400390625,True,True,True,True,0.05
236.0,final_sickled,290,291,72.75,0.016469810158014297,0.0262908935546875,0.014341801404953003,0.003735288977622986,0.004388302564620972,0.003082275390625,True,True,True,True,0.05
236.0,final_sickled,291,292,73.0,0.0010958614196473113,,0.0,0.002630067407153547,0.0024220000486820936,0.002838134765625,True,,True,True,0.05
236.0,final_sickled,292,293,73.25,0.02043567269962902,,0.031230777502059937,0.005322525976225734,0.0047246417962014675,0.00592041015625,True,,True,True,0.05
236.0,final_sickled,293,294,73.5,0.014544022362679244,0.016240686178207397,0.019005993381142616,0.005582600831985474,0.005977213382720947,0.00518798828125,True,True,True,True,0.05
236.0,final_sickled,294,295,73.75,0.015765206728246994,0.021981626749038696,0.017512163147330284,0.0033731957082636654,0.0018635789165273309,0.0048828125,True,True,True,True,0.05
236.0,final_sickled,295,296,74.0,0.04197630137205124,0.08347444236278534,0.021105840802192688,0.00479792058467865,0.0034618079662323,0.006134033203125,True,False,True,True,0.05
236.0,final_sickled,296,297,74.25,0.029199239902663977,0.04198639094829559,0.032579053193330765,0.004008059622719884,0.004689703229814768,0.003326416015625,True,True,True,True,0.05
236.0,final_sickled,297,298,74.5,0.004177822731435299,0.005922392010688782,0.002803374081850052,0.0033107399940490723,0.0031424760818481445,0.00347900390625,True,True,True,True,0.05
236.0,final_sickled,298,299,74.75,0.013000114102032966,0.005331680178642273,0.029545297846198082,0.002106351137626916,0.0012524971971288323,0.002960205078125,True,True,True,True,0.05
236.0,final_sickled,299,300,75.0,0.01978476113290526,0.03644324839115143,0.012757695280015469,0.0029690737137570977,0.0029474247712641954,0.00299072265625,True,True,True,True,0.05
236.0,final_sickled,300,301,75.25,0.014446677174419165,0.015409797430038452,0.020058633759617805,0.0050489455461502075,0.004940420389175415,0.005157470703125,True,True,True,True,0.05
236.0,final_sickled,301,302,75.5,0.014311054826248438,0.01682838797569275,0.017706632614135742,0.005529512884095311,0.005169133190065622,0.005889892578125,True,True,True,True,0.05
237.0,final_sickled,168,169,42.25,0.008599951502401382,0.003965511918067932,0.017016934230923653,0.004231279017403722,0.004892001394182444,0.003570556640625,True,True,True,True,0.05
237.0,final_sickled,169,170,42.5,0.01023101712926291,0.02169978618621826,0.001912868581712246,0.003526394604705274,0.003787408350035548,0.003265380859375,True,True,True,True,0.05
237.0,final_sickled,170,171,42.75,0.01036314727825811,0.018418550491333008,0.00658584525808692,0.002762724965577945,0.0008562604780308902,0.004669189453125,True,True,True,True,0.05
237.0,final_sickled,171,172,43.0,0.02078186076832935,0.03184083104133606,0.01786971092224121,0.007164518116042018,0.007737239357084036,0.006591796875,True,True,True,True,0.05
237.0,final_sickled,172,173,43.25,0.011426211427897215,0.006946340203285217,0.018705392256379128,0.008403152227401733,0.010946929454803467,0.005859375,True,True,True,True,0.05
237.0,final_sickled,173,174,43.5,0.0064181995985563844,0.010071277618408203,0.0046185702085494995,0.0030927559128031135,0.002920130966231227,0.003265380859375,True,True,True,True,0.05
238.0,semi_sickled,246,247,61.75,0.050770702270361096,0.07448707520961761,,0.01282450556755066,0.015425622463226318,0.010223388671875,False,False,,True,0.05
238.0,semi_sickled,247,248,62.0,0.011980687196438128,0.011206910014152527,,0.013218730688095093,0.016305625438690186,0.0101318359375,True,True,,True,0.05
238.0,semi_sickled,248,249,62.25,0.05248883137336143,0.07769408822059631,,0.012160420417785645,0.013151407241821289,0.01116943359375,False,False,,True,0.05
238.0,semi_sickled,249,250,62.5,0.008905118725334222,0.008961301296949387,,0.00881522661074996,0.00789534579962492,0.009735107421875,True,True,,True,0.05
238.0,semi_sickled,250,251,62.75,0.010852428788963992,0.013825446367263794,,0.0060956006636843085,0.003127480624243617,0.009063720703125,True,True,,True,0.05
238.0,semi_sickled,251,252,63.0,0.017285260694244735,0.02243548259139061,,0.00904490565881133,0.008934537880122662,0.0091552734375,True,True,,True,0.05
238.0,semi_sickled,252,253,63.25,0.01157871383922891,0.01648947224020958,,0.003721500397659838,0.0033536453265696764,0.00408935546875,True,True,,True,0.05
238.0,semi_sickled,253,254,63.5,0.004200413088815716,0.0035002194344997406,,0.005320722935721278,0.005300869699567556,0.005340576171875,True,True,,True,0.05
238.0,semi_sickled,254,255,63.75,0.014350266249563832,0.019541140645742416,,0.006044867215678096,0.005406384821981192,0.006683349609375,True,True,,True,0.05
